id,nom_estab,latitud,longitud,per_ocu,nombre_act,precio,rating
997724,#FONDA ME VALE,19.36281096,-99.18888248,0 a 5 personas,Restaurantes con servicio de preparación de tacos y tortas,125,3.9
11770842,.DETOX,19.37626745,-99.09947984,0 a 5 personas,"Cafeterías, fuentes de sodas, neverías, refresquerías y similares",317,4.8
10377888,07 EL GUSTITO,19.48495294,-99.14869725,0 a 5 personas,"Cafeterías, fuentes de sodas, neverías, refresquerías y similares",195,3.2
7791638,1 LITRO,19.38794142,-99.05244606,0 a 5 personas,Servicios de preparación de otros alimentos para consumo inmediato,239,4.3
9796383,10 Y NUEVE CAFETERIA,19.46077636,-99.14697635,0 a 5 personas,"Cafeterías, fuentes de sodas, neverías, refresquerías y similares",55,3.4
10145275,100 FRUTAL JUGOS Y AGUAS,19.35244245,-99.16121129,0 a 5 personas,"Cafeterías, fuentes de sodas, neverías, refresquerías y similares",254,3.3
1014897,100 MONTADITOS,19.34954372,-99.16146372,11 a 30 personas,Restaurantes con servicio de preparación de alimentos a la carta o de comida corrida,400,3.9
6314435,1001 CHILIS INSURGENTES,19.39564175,-99.17198408,31 a 50 personas,Restaurantes con servicio de preparación de alimentos a la carta o de comida corrida,299,4.6
6308492,1007 CHILIS LINDAVISTA,19.49402031,-99.13273177,31 a 50 personas,Restaurantes con servicio de preparación de alimentos a la carta o de comida corrida,394,4.4
6316225,1008 CHILIS SAN JERONIMO,19.33054757,-99.21263174,31 a 50 personas,Restaurantes con servicio de preparación de alimentos a la carta o de comida corrida,481,4.0
10068880,100NEY DRINKS,19.38953585,-99.18586858,0 a 5 personas,"Bares, cantinas y similares",393,4.8
6318835,1014 CHILIS GRAN SUR,19.30814512,-99.16407754,31 a 50 personas,Restaurantes con servicio de preparación de alimentos a la carta o de comida corrida,155,3.8
6309748,1015 CHILIS ANTARA,19.43859558,-99.2030366,31 a 50 personas,Restaurantes con servicio de preparación de alimentos a la carta o de comida corrida,316,3.8
6309749,1017 CHILIS PARQUE LINDAVISTA,19.48702257,-99.13133112,31 a 50 personas,Restaurantes con servicio de preparación de alimentos a la carta o de comida corrida,466,3.8
6232561,1021 CHILIS REFORMA 222,19.42903331,-99.16222755,31 a 50 personas,Restaurantes con servicio de preparación de alimentos a la carta o de comida corrida,70,4.0
6319242,1022 CHILIS ALAMEDA JUAREZ,19.43441186,-99.14292139,31 a 50 personas,Restaurantes con servicio de preparación de alimentos a la carta o de comida corrida,457,3.3
6309744,1024 CHILIS TEZONTLE,19.38199476,-99.08252976,31 a 50 personas,Restaurantes con servicio de preparación de alimentos a la carta o de comida corrida,104,4.7
6309745,1026 CHILIS AEROPUERTO,19.4200267,-99.08091326,31 a 50 personas,Restaurantes con servicio de preparación de alimentos a la carta o de comida corrida,226,4.3
6257592,1032 CHILIS ACOXPA,19.29737002,-99.13654357,31 a 50 personas,Restaurantes con servicio de preparación de alimentos a la carta o de comida corrida,285,4.2
6795157,1033 CHILLIS ZONA ROSA,19.42531656,-99.16434183,31 a 50 personas,Restaurantes con servicio de preparación de alimentos a la carta o de comida corrida,421,4.0
6315768,1037 CHILIS PLAZA INN,19.35185755,-99.18619808,31 a 50 personas,Restaurantes con servicio de preparación de alimentos a la carta o de comida corrida,58,3.2
6320507,1039 CHILIS SANTA FE 2,19.36221109,-99.27565655,31 a 50 personas,Restaurantes con servicio de preparación de alimentos a la carta o de comida corrida,400,4.2
6320506,1041 CHILIS BUENAVISTA,19.44689894,-99.15253949,31 a 50 personas,Restaurantes con servicio de preparación de alimentos a la carta o de comida corrida,167,4.2
935300,1042 CHILIS CUEMANCO,19.29385278,-99.10797592,31 a 50 personas,Restaurantes con servicio de preparación de alimentos a la carta o de comida corrida,343,5.0
6813428,1043 CHILIS GALERIAS INSURGENTES,19.37156554,-99.17947736,31 a 50 personas,Restaurantes con servicio de preparación de alimentos a la carta o de comida corrida,438,3.5
6708952,1045 CHILIS PABELLON CUAUHTEMOC,19.41170304,-99.15492427,31 a 50 personas,Restaurantes con servicio de preparación de alimentos a la carta o de comida corrida,150,3.5
6719774,1046 CHILIS TOWN CENTER ROSARIO,19.50295424,-99.20516187,31 a 50 personas,Restaurantes con servicio de preparación de alimentos a la carta o de comida corrida,474,3.9
6718699,1047 CHILIS TEPEYAC,19.47279793,-99.12169052,31 a 50 personas,Restaurantes con servicio de preparación de alimentos a la carta o de comida corrida,467,1.9
6775815,1048 CHILIS PLAZA ORIENTE,19.38183329,-99.08178877,31 a 50 personas,Restaurantes con servicio de preparación de alimentos a la carta o de comida corrida,251,2.4
6699409,1050 CHILIS UNIVERSIDAD 757,19.37522229,-99.1620844,31 a 50 personas,Restaurantes con servicio de preparación de alimentos a la carta o de comida corrida,401,3.9
6813812,1055 CHILIS HUIPULCO,19.29630127,-99.15404907,31 a 50 personas,Restaurantes con servicio de preparación de alimentos a la carta o de comida corrida,406,2.4
6812434,1057 CHILIS VIA VALLEJO,19.48703754,-99.15136986,31 a 50 personas,Restaurantes con servicio de preparación de alimentos a la carta o de comida corrida,496,2.4
6812435,1058 CHILIS AEROPUERTO T1,19.43660396,-99.08109313,31 a 50 personas,Restaurantes con servicio de preparación de alimentos a la carta o de comida corrida,194,3.0
6812438,1061 CHILIS PARQUE DELTA,19.40328676,-99.15537787,31 a 50 personas,Restaurantes con servicio de preparación de alimentos a la carta o de comida corrida,230,2.5
9392975,1065 CHILIS MANACAR ,19.36847875,-99.18084569,31 a 50 personas,Restaurantes con servicio de preparación de alimentos a la carta o de comida corrida,85,4.7
9392977,1070 CHILIS PORTAL CENTRO,19.41770019,-99.13009055,31 a 50 personas,Restaurantes con servicio de preparación de alimentos a la carta o de comida corrida,85,3.6
9395593,1071 CHILIS PATIO TLALPAN,19.28414443,-99.17576757,31 a 50 personas,Restaurantes con servicio de preparación de alimentos a la carta o de comida corrida,446,4.4
9395094,1072 CHILIS AZCAPOTZALCO,19.47354918,-99.19201609,31 a 50 personas,Restaurantes con servicio de preparación de alimentos a la carta o de comida corrida,69,3.6
8827586,1076 CHILIS LAS ANTENAS,19.31557305,-99.07713563,31 a 50 personas,Restaurantes con servicio de preparación de alimentos a la carta o de comida corrida,356,2.6
9442309,1082 CHILIS ENCUENTRO OCEANIA,19.44029282,-99.0941359,31 a 50 personas,Restaurantes con servicio de preparación de alimentos a la carta o de comida corrida,279,4.0
9433678,1083 MITIKAH,19.36108415,-99.16996129,31 a 50 personas,Restaurantes con servicio de preparación de alimentos a la carta o de comida corrida,260,2.2
9392976,1084 PARQUE TEPEYAC,19.4774192,-99.09883643,31 a 50 personas,Restaurantes con servicio de preparación de alimentos a la carta o de comida corrida,321,4.4
11732441,11 11 RESTAURANTE COMIDA INTERNACIONAL,19.43040857,-99.19930424,11 a 30 personas,Restaurantes con servicio de preparación de alimentos a la carta o de comida corrida,55,4.1
10813126,11 FRATELLI,19.37416974,-99.15931503,0 a 5 personas,"Cafeterías, fuentes de sodas, neverías, refresquerías y similares",443,4.6
6305536,11003 POLANCO,19.43604852,-99.2036916,11 a 30 personas,Restaurantes de autoservicio,208,2.8
9453833,11004 SAN ANGEL,19.34188365,-99.18971818,11 a 30 personas,Restaurantes de autoservicio,195,3.7
6319030,11009 CAFETALES,19.30370749,-99.11288388,11 a 30 personas,Restaurantes de autoservicio,401,4.6
6309899,11011 PRADO NORTE,19.42773319,-99.20978383,11 a 30 personas,Restaurantes de autoservicio,218,3.3
6304427,11012 CENTRO,19.42407875,-99.13569308,11 a 30 personas,Restaurantes de autoservicio,411,2.9
6813951,11013 GUADALUPE INN,19.36893829,-99.14824221,11 a 30 personas,Restaurantes de autoservicio,96,4.3
6729411,11021 BOSQUES,19.38945474,-99.26037762,11 a 30 personas,Restaurantes de autoservicio,73,4.3
6314611,11022 PEDREGAL,19.30658853,-99.20957154,11 a 30 personas,Restaurantes de autoservicio,159,2.9
6319073,11023 CAMPESTRE,19.35879199,-99.1336917,11 a 30 personas,Restaurantes de autoservicio,142,2.9
6313034,11026 NAPOLES,19.38852565,-99.1781309,11 a 30 personas,Restaurantes de autoservicio,266,3.9
9438898,11029 VISTA HERMOSA,19.37301229,-99.27832218,11 a 30 personas,Restaurantes de autoservicio,153,2.9
6705327,11037 COPILCO,19.33605879,-99.17833316,11 a 30 personas,Restaurantes de autoservicio,266,4.7
6319069,11055 CONDESA,19.41153243,-99.17636262,11 a 30 personas,Restaurantes de autoservicio,217,4.1
9414851,11056 DIVISION DEL NORTE,19.34252037,-99.14897093,11 a 30 personas,Restaurantes de autoservicio,94,4.8
6304306,11058 ZONA ROSA,19.42638988,-99.16445102,11 a 30 personas,Restaurantes de autoservicio,388,2.4
913405,11062 ACOXPA,19.29473538,-99.13087365,11 a 30 personas,Restaurantes de autoservicio,251,4.4
6314651,11066 SAN JERONIMO,19.3295026,-99.21586392,11 a 30 personas,Restaurantes de autoservicio,306,2.2
6309900,11068 ANZURES,19.43310466,-99.18596523,11 a 30 personas,Restaurantes de autoservicio,332,3.9
6305978,11075 POLITECNICO,19.49693996,-99.13215045,11 a 30 personas,Restaurantes de autoservicio,71,3.9
6316454,11089 MELCHOR OCAMPO,19.44057444,-99.17571142,11 a 30 personas,Restaurantes de autoservicio,77,3.3
6319031,11096 TLATELOLCO,19.45582868,-99.14469997,11 a 30 personas,Restaurantes de autoservicio,303,3.7
6811853,11098 PERIFERICO,19.30065834,-99.15975286,11 a 30 personas,Restaurantes de autoservicio,481,3.6
6319055,11099 NARVARTE,19.38024119,-99.15297749,11 a 30 personas,Restaurantes de autoservicio,84,3.7
6305263,11106 JARDIN BALBUENA,19.41765552,-99.10392985,11 a 30 personas,Restaurantes de autoservicio,52,4.0
6314881,11120 AZCAPOTZALCO,19.47085251,-99.17843527,11 a 30 personas,Restaurantes de autoservicio,471,3.1
6709876,11124 INSURGENTES,19.29371935,-99.18003882,11 a 30 personas,Restaurantes de autoservicio,267,4.6
6316633,11126 OLIVAR DE LOS PADRES,19.33744942,-99.23760045,11 a 30 personas,Restaurantes de autoservicio,349,2.7
6713284,11140 TEPEPAN,19.2811798,-99.13800365,11 a 30 personas,Restaurantes de autoservicio,303,4.6
6319440,11143 CHURUBUSCO,19.37890412,-99.10176346,11 a 30 personas,Restaurantes de autoservicio,438,4.7
6232121,11148 TLAHUAC,19.33797478,-99.0636632,11 a 30 personas,Restaurantes de autoservicio,289,4.4
6314240,11150 DEL VALLE,19.3858588,-99.16041997,11 a 30 personas,Restaurantes de autoservicio,290,4.4
6309901,11155 ROSARIO,19.4987824,-99.20145014,11 a 30 personas,Restaurantes de autoservicio,251,2.2
6309902,11165 TOREO,19.44961653,-99.2199,11 a 30 personas,Restaurantes de autoservicio,184,4.2
6316634,11172 SANTA FE,19.37259962,-99.26496627,11 a 30 personas,Restaurantes de autoservicio,475,3.3
6310299,11173 EDUARDO MOLINA,19.45018521,-99.11040142,11 a 30 personas,Restaurantes de autoservicio,403,4.2
6314280,11174 IZTAPALAPA,19.35572511,-99.10301309,11 a 30 personas,Restaurantes de autoservicio,416,4.6
6314281,11177 EL SALADO,19.36545158,-99.0053085,11 a 30 personas,Restaurantes de autoservicio,106,3.1
6315434,11197 SANTA LUCIA,19.36774668,-99.22866219,11 a 30 personas,Restaurantes de autoservicio,134,3.2
6786431,11199 XOCHIMILCO,19.2645225,-99.1045463,11 a 30 personas,Restaurantes de autoservicio,206,4.8
9463157,11200 VALLEJO,19.4729772,-99.14630409,11 a 30 personas,Restaurantes de autoservicio,386,3.1
6306542,11207 PLAZA ORIENTE,19.47882174,-99.09691494,11 a 30 personas,Restaurantes de autoservicio,240,4.2
6309903,11210 LEGARIA,19.45332242,-99.19848689,11 a 30 personas,Restaurantes de autoservicio,469,4.4
6305535,11219 ROMA,19.40939446,-99.16724582,11 a 30 personas,Restaurantes de autoservicio,473,4.2
6794203,11225 POPOCATEPETL,19.37067909,-99.16465977,11 a 30 personas,Restaurantes de autoservicio,70,2.9
9457954,11233 CONTRERAS,19.30592998,-99.23395432,11 a 30 personas,Restaurantes de autoservicio,147,4.4
6309904,11243 WALMART ROJO GOMEZ,19.38311878,-99.07698993,11 a 30 personas,Restaurantes de autoservicio,230,3.9
6316277,11251 OBSERVATORIO,19.40043307,-99.20958162,11 a 30 personas,Restaurantes de autoservicio,193,4.3
6792343,11255 VOLCANES,19.26898478,-99.17072008,11 a 30 personas,Restaurantes de autoservicio,223,4.1
6319034,11258 ZAPOTITLAN,19.29942536,-99.04149773,11 a 30 personas,Restaurantes de autoservicio,186,4.1
6316290,11264 AJUSCO,19.28525065,-99.21853345,11 a 30 personas,Restaurantes de autoservicio,285,4.4
6305537,11289 QUINIENTAS,19.45569459,-99.08931893,11 a 30 personas,Restaurantes de autoservicio,52,3.5
6305534,11290 EDISON,19.43809684,-99.15620731,11 a 30 personas,Restaurantes de autoservicio,72,3.4
6316278,11339 ALFONSO XIII,19.38070424,-99.19989028,11 a 30 personas,Restaurantes de autoservicio,190,4.6
6319047,11345 ISABEL LA CATOLICA,19.40909063,-99.13928038,11 a 30 personas,Restaurantes de autoservicio,87,4.3
6737456,11440 SAN ISIDRO,19.50089053,-99.19994681,11 a 30 personas,Restaurantes de autoservicio,211,3.0
6319052,11447 CUAJIMALPA,19.35706423,-99.30011159,11 a 30 personas,Restaurantes de autoservicio,271,4.6
6794310,11452 SANTA ANA,19.32978985,-99.12833338,11 a 30 personas,Restaurantes de autoservicio,280,3.6
6309919,11470 SAN ANDRES,19.32871262,-99.10678834,11 a 30 personas,Restaurantes de autoservicio,459,2.5
6794398,11529 AZTECAS SUR,19.33389806,-99.15109288,11 a 30 personas,Restaurantes de autoservicio,465,3.3
6706028,11560 PATIO CLAVERIA,19.46352006,-99.1820221,11 a 30 personas,Restaurantes de autoservicio,69,3.0
6721573,11565 TORRE DIAMANTE,19.36128939,-99.27889416,11 a 30 personas,Restaurantes de autoservicio,95,3.7
921102,11578 WALMART PLATEROS,19.36918274,-99.19359328,11 a 30 personas,Restaurantes de autoservicio,151,3.8
6309895,11580 PARQUES POLANCO,19.42521076,-99.18935061,11 a 30 personas,Restaurantes de autoservicio,360,4.4
6775633,11583 IZTAPALAPA II,19.35030375,-99.07369279,11 a 30 personas,Restaurantes de autoservicio,442,3.4
6316276,11599 VIA SAN JUAN,19.33820055,-99.06416799,11 a 30 personas,Restaurantes de autoservicio,356,3.9
919694,11601 JOSE MARIA CASTORENA,19.36197228,-99.28835995,11 a 30 personas,Restaurantes de autoservicio,106,2.7
6812701,11617 WM FELIX CUEVAS,19.37284578,-99.1757267,11 a 30 personas,Restaurantes de autoservicio,385,4.3
9457768,11634 PLAZA TENARIA,19.36194058,-99.22397958,11 a 30 personas,Restaurantes de autoservicio,478,3.8
9393152,11743 WAL-MART TLAHUAC,19.30600225,-99.06350144,11 a 30 personas,Restaurantes de autoservicio,215,3.0
6319027,11776 CORREGIDORA,19.43140728,-99.13091125,11 a 30 personas,Restaurantes de autoservicio,373,4.6
6319025,11828 PERISUR,19.30270687,-99.19000648,11 a 30 personas,Restaurantes de autoservicio,189,4.2
6319049,11844 TACUBA CENTRO,19.43534615,-99.13523552,11 a 30 personas,Restaurantes de autoservicio,166,3.4
6319927,11849 EVENTOS,19.391114,-99.13282893,11 a 30 personas,Restaurantes de autoservicio,187,3.9
6319028,11871 PARQUE DELTA,19.4026857,-99.15542516,11 a 30 personas,Restaurantes de autoservicio,370,3.4
6309896,11881 PARQUE LINDAVISTA,19.48692097,-99.13088315,11 a 30 personas,Restaurantes de autoservicio,317,4.4
6310298,11891 PARQUE TEZONTLE,19.38211684,-99.08308996,11 a 30 personas,Restaurantes de autoservicio,485,3.8
6812705,11892 REFORMA 222,19.42918111,-99.1619125,11 a 30 personas,Restaurantes de autoservicio,303,3.9
6316242,11913 WTC,19.39269018,-99.17325217,11 a 30 personas,Restaurantes de autoservicio,100,3.5
6319947,11928 CENTRO COMERCIAL EL ROSARIO,19.50193357,-99.20417737,11 a 30 personas,Restaurantes de autoservicio,369,3.3
6232100,11939 PLAZA AEROPUERTO,19.41952258,-99.09495104,11 a 30 personas,Restaurantes de autoservicio,234,3.1
6811854,11940 PARQUE VIA VALLEJO,19.48720507,-99.15143226,11 a 30 personas,Restaurantes de autoservicio,142,4.1
6232585,11944 PASEO ACOXPA,19.29721,-99.13613509,11 a 30 personas,Restaurantes de autoservicio,68,3.8
6314158,11977 PORTAL SAN ANGEL,19.36139935,-99.18950851,31 a 50 personas,Restaurantes de autoservicio,207,4.5
10555884,12 DORADOS,19.43843321,-99.17839609,0 a 5 personas,Restaurantes con servicio de preparación de tacos y tortas,269,4.0
788938,120 TESORO,19.47315271,-99.1157863,0 a 5 personas,Restaurantes con servicio de preparación de alimentos a la carta o de comida corrida,262,4.4
6315860,12077 CERVANTES,19.44031093,-99.20625391,11 a 30 personas,Restaurantes de autoservicio,387,3.6
6316121,12078 CUAJIMALPA,19.36191956,-99.28844896,11 a 30 personas,Restaurantes de autoservicio,282,3.4
6305457,12079 MADERO,19.43353708,-99.13839148,6 a 10 personas,Restaurantes de autoservicio,73,4.1
6319057,12154 CORREGIDORA,19.43140968,-99.13093151,6 a 10 personas,Restaurantes de autoservicio,331,3.6
9229854,12300 MADRE SELVA,19.25135137,-99.09928932,11 a 30 personas,Restaurantes de autoservicio,85,3.8
6232586,12308 SANTA MARIA LA RIBERA,19.45053227,-99.15623808,11 a 30 personas,Restaurantes de autoservicio,412,4.4
9018403,12319 PLAZA EXHIBIMEX,19.38698704,-99.19181056,11 a 30 personas,Restaurantes de autoservicio,361,4.3
9402192,12320 FUENTES DEL PEDREGAL,19.30486907,-99.22052486,11 a 30 personas,Restaurantes de autoservicio,257,3.9
9398909,12321 JAMAICA,19.40861108,-99.11455375,11 a 30 personas,Restaurantes de autoservicio,363,4.5
6794201,12341 PLAZA CUAUHTEMOC,19.42491363,-99.15387267,11 a 30 personas,Restaurantes de autoservicio,81,3.5
9401890,12349 LA VILLA,19.48201476,-99.11808694,11 a 30 personas,Restaurantes de autoservicio,307,3.6
6319070,12362 CERRO DE LAS TORRES,19.3454979,-99.1347814,11 a 30 personas,Restaurantes de autoservicio,387,4.3
9398911,12376 MEXICALTZINGO,19.35685396,-99.11597474,11 a 30 personas,Restaurantes de autoservicio,226,3.5
9398910,12380 PORTALES CDMX,19.37020725,-99.14185866,11 a 30 personas,Restaurantes de autoservicio,479,3.4
9113010,124 GELATINAS CHELY,19.4758776,-99.15394677,0 a 5 personas,Servicios de preparación de otros alimentos para consumo inmediato,132,4.4
8940019,12402 LAS ANTENAS,19.31557305,-99.07713564,11 a 30 personas,Restaurantes de autoservicio,427,4.2
6309935,12424 PARQUE TEPEYAC,19.49724546,-99.12046141,11 a 30 personas,Restaurantes de autoservicio,360,4.4
6316138,12513 AGUILAS,19.35969456,-99.19768323,11 a 30 personas,Restaurantes de autoservicio,279,3.8
6775632,12521 AXOMIATLA,19.34207822,-99.25384829,11 a 30 personas,Restaurantes de autoservicio,317,3.7
6310252,12532 TICOMAN,19.51775037,-99.1429558,11 a 30 personas,Restaurantes de autoservicio,254,4.0
9412206,12541 TLAHUAC CERRO DE LA ESTRELLA,19.319468,-99.079884,11 a 30 personas,Restaurantes de autoservicio,496,4.6
6319033,12543 CENTRO DEL VALLE,19.37743265,-99.16064034,11 a 30 personas,Restaurantes de autoservicio,212,2.4
6309932,12545 TEPEYAC CHEDRAUI,19.46780435,-99.13891478,11 a 30 personas,Restaurantes de autoservicio,289,2.9
6307747,12548 ENCUENTRO OCEANIA,19.41965848,-99.09694223,11 a 30 personas,Restaurantes de autoservicio,166,4.2
9452727,12549 LA JOYA,19.28011632,-99.16938897,11 a 30 personas,Restaurantes de autoservicio,123,3.6
9229335,12556 CONSTITUCION DE 1917,19.37502528,-99.09555599,11 a 30 personas,Restaurantes de autoservicio,455,4.3
6314094,12649 MARTE,19.39097882,-99.1322125,11 a 30 personas,Restaurantes de autoservicio,315,4.0
6315775,12912 CONTRERAS,19.32356713,-99.21731248,6 a 10 personas,Restaurantes de autoservicio,355,2.9
6308456,13008 TEPEYAC,19.47215695,-99.12193587,11 a 30 personas,Restaurantes de autoservicio,468,4.8
6812495,1301 CHILIS EXPRESS WTC,19.39474717,-99.17374695,31 a 50 personas,Restaurantes con servicio de preparación de alimentos a la carta o de comida corrida,193,4.3
6725029,1302 CHILIS EXPRESS SAMARA,19.36759304,-99.25981493,31 a 50 personas,Restaurantes con servicio de preparación de alimentos a la carta o de comida corrida,341,4.6
6309684,13049 CAMARONES,19.46765932,-99.17679909,11 a 30 personas,Restaurantes de autoservicio,110,4.0
6316080,13060 GRAN SUR,19.30813729,-99.16406541,11 a 30 personas,Restaurantes de autoservicio,124,4.2
743005,132 133 POSTRES,19.4758776,-99.15394677,0 a 5 personas,Servicios de preparación de otros alimentos para consumo inmediato,66,4.2
6795634,13381 TENAYUCA,19.5308877,-99.15511006,11 a 30 personas,Restaurantes de autoservicio,394,4.8
6309941,13382 ANFORA,19.43615521,-99.1106262,11 a 30 personas,Restaurantes de autoservicio,434,3.7
6318722,13440 UNIVERSIDAD,19.37137827,-99.17874563,11 a 30 personas,Restaurantes de autoservicio,61,4.2
6795244,13587 HENRY FORD,19.46921268,-99.1163226,6 a 10 personas,Restaurantes de autoservicio,52,4.8
6319058,13647 CUAUHTEMOC,19.41169574,-99.15492482,11 a 30 personas,Restaurantes de autoservicio,420,4.4
6308471,13737 ARAGON II,19.46478224,-99.08426839,6 a 10 personas,Restaurantes de autoservicio,122,4.4
6316244,14144 TEPEPAN,19.28293864,-99.1433113,11 a 30 personas,Restaurantes de autoservicio,132,3.4
6308448,14302 AZCAPOTZALCO,19.47793177,-99.18705768,11 a 30 personas,Restaurantes de autoservicio,196,2.4
6315311,14381 TLALPAN,19.39131177,-99.13866353,11 a 30 personas,Restaurantes de autoservicio,432,3.0
6812653,14717 NAPOLES,19.39253741,-99.17304756,11 a 30 personas,Restaurantes de autoservicio,163,3.4
6319059,14726 XOCHIMILCO,19.2734199,-99.12002417,6 a 10 personas,Restaurantes de autoservicio,133,4.7
6318718,14766 GIGANTE MIRAMONTES,19.30924961,-99.12431526,11 a 30 personas,Restaurantes de autoservicio,124,2.8
6319060,14767 SAN COSME,19.43968772,-99.15600981,11 a 30 personas,Restaurantes de autoservicio,327,3.2
6309682,14970 LA VILLA,19.48229855,-99.1179668,11 a 30 personas,Restaurantes de autoservicio,50,4.4
6309679,14998 IZTAPALAPA,19.35564736,-99.1020959,11 a 30 personas,Restaurantes de autoservicio,102,2.5
6812948,1500 REFORMA 222,19.42922525,-99.16181842,31 a 50 personas,Restaurantes con servicio de preparación de alimentos a la carta o de comida corrida,221,3.0
6852455,1502 PASEO ACOXPA,19.29776662,-99.13755593,31 a 50 personas,Restaurantes con servicio de preparación de alimentos a la carta o de comida corrida,315,3.7
6845276,1503 PEDREGAL,19.30658853,-99.20957154,31 a 50 personas,Restaurantes con servicio de preparación de alimentos a la carta o de comida corrida,57,3.7
6813547,1504 CARSO,19.44020345,-99.20295242,31 a 50 personas,Restaurantes con servicio de preparación de alimentos a la carta o de comida corrida,194,4.4
6309922,15049 PATRIOTISMO,19.38499084,-99.18291911,11 a 30 personas,Restaurantes de autoservicio,247,4.1
6309921,15054 ERMITA,19.35559905,-99.08591228,11 a 30 personas,Restaurantes de autoservicio,300,4.2
6845738,1509 PARQUE LINDAVISTA,19.48557993,-99.13052582,31 a 50 personas,Restaurantes con servicio de preparación de alimentos a la carta o de comida corrida,184,3.2
920487,1510 SANTA FE,19.36261461,-99.27447087,31 a 50 personas,Restaurantes con servicio de preparación de alimentos a la carta o de comida corrida,174,3.5
6813348,1511 UNIVERSIDAD,19.36461748,-99.16860042,31 a 50 personas,Restaurantes con servicio de preparación de alimentos a la carta o de comida corrida,368,4.3
6200341,1518 WTC,19.39474577,-99.1737411,31 a 50 personas,Restaurantes con servicio de preparación de alimentos a la carta o de comida corrida,400,3.7
6814029,1522 PARQUE DELTA,19.40331379,-99.15537574,31 a 50 personas,Restaurantes con servicio de preparación de alimentos a la carta o de comida corrida,470,4.0
6725205,1523 PORTAL SAN ANGEL,19.39474965,-99.17375734,11 a 30 personas,Restaurantes con servicio de preparación de alimentos a la carta o de comida corrida,117,3.8
9412722,1525 PARQUE TEZONTLE,19.38195543,-99.08234928,31 a 50 personas,Restaurantes con servicio de preparación de alimentos a la carta o de comida corrida,113,4.4
9394871,1528 MITIKAH,19.35882151,-99.16769768,31 a 50 personas,Restaurantes con servicio de preparación de alimentos a la carta o de comida corrida,303,3.9
6319063,15327 RELOX,19.33987417,-99.19023276,11 a 30 personas,Restaurantes de autoservicio,312,4.3
6309685,15556 ANTARA,19.43863573,-99.20448674,11 a 30 personas,Restaurantes de autoservicio,449,3.3
6319064,15613 TLALPAN ERMITA,19.36258778,-99.14305603,11 a 30 personas,Restaurantes de autoservicio,405,4.2
6309686,15672 PABELLON POLANCO,19.43849349,-99.20822019,11 a 30 personas,Restaurantes de autoservicio,276,3.4
774750,16 FUENTE DE SODAS PEPE,19.48495294,-99.14869725,0 a 5 personas,"Cafeterías, fuentes de sodas, neverías, refresquerías y similares",319,4.5
9750867,16 OZ DE PLACER CULPOSO,19.28954719,-99.05580033,0 a 5 personas,"Cafeterías, fuentes de sodas, neverías, refresquerías y similares",299,4.7
6319112,16262 REFORMA,19.42904539,-99.16220182,11 a 30 personas,Restaurantes de autoservicio,213,4.3
6319065,16679 ALAMEDA CENTRAL,19.43441186,-99.14292139,6 a 10 personas,Restaurantes de autoservicio,422,4.0
6317257,16749 FORUM BUENAVISTA,19.44691249,-99.15262608,11 a 30 personas,Restaurantes de autoservicio,378,4.8
6232081,16942 LA VIGA,19.3806413,-99.12243675,11 a 30 personas,Restaurantes de autoservicio,316,4.3
6307042,17123 PLAZA CENTRAL DE ABASTOS,19.37842675,-99.09581264,11 a 30 personas,Restaurantes de autoservicio,433,3.1
6307041,17125 AEROPUERTO II,19.42028325,-99.09638578,6 a 10 personas,Restaurantes de autoservicio,434,3.0
6307040,17628 PLAZA LINDAVISTA,19.49099176,-99.13388569,11 a 30 personas,Restaurantes de autoservicio,314,3.1
6716807,17906 PLAZA CARSO,19.44190672,-99.20295931,11 a 30 personas,Restaurantes de autoservicio,74,4.3
9229627,18476 SAMARA,19.36761689,-99.25984166,11 a 30 personas,Restaurantes de autoservicio,153,4.6
6309678,18727 ROSARIO TC,19.50193357,-99.20417736,11 a 30 personas,Restaurantes de autoservicio,320,2.6
11575250,19,19.48601714,-99.07787028,0 a 5 personas,Restaurantes que preparan otro tipo de alimentos para llevar,302,4.2
8117496,19 TAMALERIA GOURMETE RYC,19.48495294,-99.14869725,0 a 5 personas,Servicios de preparación de otros alimentos para consumo inmediato,107,4.6
6704156,19081 SELECT EL ROSARIO,19.50089937,-99.19997474,11 a 30 personas,Restaurantes de autoservicio,73,3.7
11149928,1912 CAFE,19.46180593,-99.16707631,0 a 5 personas,"Cafeterías, fuentes de sodas, neverías, refresquerías y similares",121,4.0
10788719,1985 AUTIFINE,19.42018192,-99.16009886,6 a 10 personas,Restaurantes con servicio de preparación de alimentos a la carta o de comida corrida,421,3.6
6232513,1XALA ONE ALAMEDA,19.43502911,-99.14776199,11 a 30 personas,Hoteles con otros servicios integrados,142,4.7
6801506,1XPAT ONE CIUDAD DE MÉXICO PATRIOTISMO,19.39599099,-99.18103554,11 a 30 personas,Hoteles con otros servicios integrados,176,4.2
6786157,1XRAZ ONE CIUDAD DE MEXICO LA RAZA,19.46293729,-99.14856249,31 a 50 personas,Hoteles con otros servicios integrados,223,4.3
11426420,2 TAPS CERVECERIA,19.3855933,-99.15198592,0 a 5 personas,Restaurantes con servicio de preparación de alimentos a la carta o de comida corrida,67,4.8
6865267,20 COYOACAN,19.34622274,-99.17848032,11 a 30 personas,Restaurantes con servicio de preparación de alimentos a la carta o de comida corrida,500,3.6
6727255,20547 PATIO SANTA FE,19.37791908,-99.25487948,11 a 30 personas,Restaurantes de autoservicio,112,4.6
6697822,20579 PLAZA EXHIBIMEX,19.38954334,-99.19156836,11 a 30 personas,Restaurantes de autoservicio,160,4.5
9974771,21 BURGERS,19.25303987,-99.1168097,0 a 5 personas,"Restaurantes con servicio de preparación de pizzas, hamburguesas, hot dogs y pollos rostizados para llevar",201,4.4
6315993,21083 PLAZA UNIVERSIDAD,19.36806988,-99.16489017,11 a 30 personas,Restaurantes de autoservicio,389,4.3
6308447,22673 VIA VALLEJO,19.48763635,-99.15159291,11 a 30 personas,Restaurantes de autoservicio,208,3.5
6318720,22780 PORTAL SAN ANGEL,19.36104129,-99.18953986,11 a 30 personas,Restaurantes de autoservicio,471,4.3
6232126,22783 PLAZA ORIENTE,19.3843276,-99.07645124,6 a 10 personas,Restaurantes de autoservicio,288,3.9
10877693,27 AMIGOS RESTAURANTE,19.42962968,-99.13259707,0 a 5 personas,Restaurantes con servicio de preparación de alimentos a la carta o de comida corrida,287,4.2
9414911,29934 AEROPUERTO CDMX,19.43529749,-99.08342231,6 a 10 personas,Restaurantes de autoservicio,348,4.6
7254210,3 AMORES BARRA DE CAFE Y PAN,19.39830987,-99.15935749,6 a 10 personas,"Cafeterías, fuentes de sodas, neverías, refresquerías y similares",57,4.3
10957439,3 CAIDAS,19.37881031,-99.09559495,0 a 5 personas,Restaurantes con servicio de preparación de alimentos a la carta o de comida corrida,273,4.4
9770626,3 HERMANOS,19.43724528,-99.13093585,6 a 10 personas,Restaurantes con servicio de preparación de alimentos a la carta o de comida corrida,249,3.9
778274,3 ISLAS COCINA,19.40102477,-99.17562711,0 a 5 personas,Restaurantes que preparan otro tipo de alimentos para llevar,182,3.9
9164614,32-D COCINA MORIAH,19.39896543,-99.18802447,6 a 10 personas,Restaurantes que preparan otro tipo de alimentos para llevar,385,4.4
11497185,340 CAFE,19.45392461,-99.14695027,0 a 5 personas,"Cafeterías, fuentes de sodas, neverías, refresquerías y similares",76,3.9
673451,37 50 FUENTE DE SODAS,19.48495294,-99.14869725,0 a 5 personas,Restaurantes con servicio de preparación de tacos y tortas,431,4.0
8651586,373 Y 374 COCINA DE COMIDA CORRIDA,19.50113244,-99.08558769,0 a 5 personas,Restaurantes que preparan otro tipo de alimentos para llevar,240,3.6
6795103,38101 ANGEL,19.42789781,-99.1667368,11 a 30 personas,"Cafeterías, fuentes de sodas, neverías, refresquerías y similares",280,2.6
6319387,38103 AGUILAS,19.36102849,-99.19706003,11 a 30 personas,"Cafeterías, fuentes de sodas, neverías, refresquerías y similares",242,4.0
6319388,38104 OLIVAR,19.33744118,-99.23770636,11 a 30 personas,"Cafeterías, fuentes de sodas, neverías, refresquerías y similares",112,4.3
6310324,38106 PRADO NORTE,19.42788182,-99.20889371,11 a 30 personas,"Cafeterías, fuentes de sodas, neverías, refresquerías y similares",438,4.4
6319389,38107 PEDREGAL,19.31708768,-99.21048688,11 a 30 personas,"Cafeterías, fuentes de sodas, neverías, refresquerías y similares",372,4.2
6310326,38108 CAMPOS ELISEOS,19.42819919,-99.19340294,11 a 30 personas,"Cafeterías, fuentes de sodas, neverías, refresquerías y similares",101,2.7
6309392,38109 WTC,19.39262865,-99.17301843,11 a 30 personas,"Cafeterías, fuentes de sodas, neverías, refresquerías y similares",386,3.1
6795106,38110 TORRE MAYOR,19.4238592,-99.17532471,11 a 30 personas,"Cafeterías, fuentes de sodas, neverías, refresquerías y similares",132,3.8
6310327,38111 MASARYK,19.43161055,-99.19666757,11 a 30 personas,"Cafeterías, fuentes de sodas, neverías, refresquerías y similares",437,4.2
6319392,38112 INSURGENTES PARROQUIA,19.37069271,-99.18013385,11 a 30 personas,"Cafeterías, fuentes de sodas, neverías, refresquerías y similares",382,5.0
6795107,38113 JUAN PABLO II,19.35920403,-99.18386296,11 a 30 personas,"Cafeterías, fuentes de sodas, neverías, refresquerías y similares",484,4.0
6795108,38114 MIRAMONTES,19.30958275,-99.12428538,11 a 30 personas,"Cafeterías, fuentes de sodas, neverías, refresquerías y similares",291,4.2
6319395,38116 SANTA TERESA,19.31070501,-99.22447704,11 a 30 personas,"Cafeterías, fuentes de sodas, neverías, refresquerías y similares",220,3.8
6310328,38118 CORPORATIVO POLANCO,19.4376496,-99.20991525,11 a 30 personas,"Cafeterías, fuentes de sodas, neverías, refresquerías y similares",232,3.8
6319397,38122 SANTA FE,19.36813156,-99.26280633,11 a 30 personas,"Cafeterías, fuentes de sodas, neverías, refresquerías y similares",346,2.7
6319398,38123 PLAZA ALAMEDA,19.43499531,-99.14661064,11 a 30 personas,"Cafeterías, fuentes de sodas, neverías, refresquerías y similares",208,4.8
6319399,38124 SAN JERONIMO,19.32953369,-99.21579847,11 a 30 personas,"Cafeterías, fuentes de sodas, neverías, refresquerías y similares",340,4.5
6319401,38128 CONDESA,19.41150515,-99.17738444,11 a 30 personas,"Cafeterías, fuentes de sodas, neverías, refresquerías y similares",257,3.4
6319402,38129 PLAZA SANTA TERESA,19.30736076,-99.21356543,11 a 30 personas,"Cafeterías, fuentes de sodas, neverías, refresquerías y similares",362,2.8
6318174,38131 TEPEPAN,19.28183001,-99.14318263,11 a 30 personas,"Cafeterías, fuentes de sodas, neverías, refresquerías y similares",457,3.1
6319405,38134 PILARES,19.37684078,-99.16192789,11 a 30 personas,"Cafeterías, fuentes de sodas, neverías, refresquerías y similares",358,3.1
6310330,38135 MONTE EVEREST,19.41937411,-99.21519125,11 a 30 personas,"Cafeterías, fuentes de sodas, neverías, refresquerías y similares",335,4.3
6319406,38139 PLAZA INN,19.35185063,-99.18620024,11 a 30 personas,"Cafeterías, fuentes de sodas, neverías, refresquerías y similares",428,3.7
6319407,38140 PLAZA COYOACAN,19.3597304,-99.17049461,11 a 30 personas,"Cafeterías, fuentes de sodas, neverías, refresquerías y similares",301,4.6
6795115,38148 CENTRO COMERCIAL SANTA FE,19.36221106,-99.27565662,11 a 30 personas,"Cafeterías, fuentes de sodas, neverías, refresquerías y similares",258,3.4
6319409,38150 SANTA FE II,19.36532193,-99.2650323,11 a 30 personas,"Cafeterías, fuentes de sodas, neverías, refresquerías y similares",254,3.3
6310322,38151 AEROPUERTO II SALA BRAVO,19.43643317,-99.08140368,11 a 30 personas,"Cafeterías, fuentes de sodas, neverías, refresquerías y similares",407,3.6
6795603,38152 INSURGENTES RELOX,19.34074334,-99.18990795,11 a 30 personas,"Cafeterías, fuentes de sodas, neverías, refresquerías y similares",298,3.8
6795604,38155 16 DE SEPTIEMBRE,19.43198507,-99.13517306,11 a 30 personas,"Cafeterías, fuentes de sodas, neverías, refresquerías y similares",440,3.9
6319412,38156 CONDESA II TAMAULIPAS,19.4122628,-99.17336723,11 a 30 personas,"Cafeterías, fuentes de sodas, neverías, refresquerías y similares",442,3.4
6310331,38158 PLAZA LILAS,19.38758546,-99.24794368,11 a 30 personas,"Cafeterías, fuentes de sodas, neverías, refresquerías y similares",198,3.4
8535999,38166 SUPERAMA SANTA FE,19.35625376,-99.27609226,11 a 30 personas,"Cafeterías, fuentes de sodas, neverías, refresquerías y similares",207,3.6
6307137,38167 AEROPUERTO DUFRY,19.42032809,-99.08117046,11 a 30 personas,"Cafeterías, fuentes de sodas, neverías, refresquerías y similares",150,3.5
6307138,38168 T2 PLANTA ALTA,19.42024032,-99.08109014,11 a 30 personas,"Cafeterías, fuentes de sodas, neverías, refresquerías y similares",327,4.3
6319414,38169 ALTAVISTA,19.34927838,-99.19668003,11 a 30 personas,"Cafeterías, fuentes de sodas, neverías, refresquerías y similares",480,4.2
6794432,38171 AEROPUERTO INTERNACIONAL 2,19.42944245,-99.07070674,11 a 30 personas,"Cafeterías, fuentes de sodas, neverías, refresquerías y similares",367,4.1
6319415,38172 GRAN SUR,19.30699721,-99.16698434,11 a 30 personas,"Cafeterías, fuentes de sodas, neverías, refresquerías y similares",336,4.3
6319416,38173 PLAZA DELTA,19.40271383,-99.15542295,11 a 30 personas,"Cafeterías, fuentes de sodas, neverías, refresquerías y similares",437,3.1
6795602,38182 AEROPUERTO D-8,19.42944245,-99.07070674,11 a 30 personas,"Cafeterías, fuentes de sodas, neverías, refresquerías y similares",315,4.3
6795610,38187 NUEVO LEON,19.40632284,-99.17175256,11 a 30 personas,"Cafeterías, fuentes de sodas, neverías, refresquerías y similares",335,3.4
6310332,38188 PALMAS,19.42896097,-99.21638334,11 a 30 personas,"Cafeterías, fuentes de sodas, neverías, refresquerías y similares",271,3.8
6319419,38189 SANTA FE IMAX,19.35886502,-99.27511362,11 a 30 personas,"Cafeterías, fuentes de sodas, neverías, refresquerías y similares",440,4.2
6232156,38191 MASARIK SPENCER,19.43137066,-99.18285309,11 a 30 personas,"Cafeterías, fuentes de sodas, neverías, refresquerías y similares",192,4.2
8601694,38193 METROPOLI PATRIOTISMO,19.39596728,-99.18104137,11 a 30 personas,"Cafeterías, fuentes de sodas, neverías, refresquerías y similares",452,3.5
6716973,38194 ANTARA,19.43863652,-99.20451513,11 a 30 personas,"Cafeterías, fuentes de sodas, neverías, refresquerías y similares",123,3.0
6310335,38202 HORACIO,19.43314928,-99.18672649,11 a 30 personas,"Cafeterías, fuentes de sodas, neverías, refresquerías y similares",216,4.7
6318222,38203 EMBASSY SUITES,19.43360343,-99.15419745,11 a 30 personas,"Cafeterías, fuentes de sodas, neverías, refresquerías y similares",396,3.8
6310337,38205 LINDAVISTA,19.48704608,-99.13143479,11 a 30 personas,"Cafeterías, fuentes de sodas, neverías, refresquerías y similares",308,2.4
6310336,38207 LINDAVISTA II,19.48704068,-99.13141098,11 a 30 personas,"Cafeterías, fuentes de sodas, neverías, refresquerías y similares",148,3.0
6795611,38208 MIGUEL ANGEL DE QUEVEDO II,19.34495072,-99.16517708,11 a 30 personas,"Cafeterías, fuentes de sodas, neverías, refresquerías y similares",101,4.8
6310338,38219 IRRIGACION,19.44030556,-99.20611483,11 a 30 personas,"Cafeterías, fuentes de sodas, neverías, refresquerías y similares",429,4.2
6310339,38220 OBELISCO,19.42765,-99.19501995,11 a 30 personas,"Cafeterías, fuentes de sodas, neverías, refresquerías y similares",259,4.5
9401879,38226 VIA 515 KIOSCO,19.4061206,-99.11111515,11 a 30 personas,"Cafeterías, fuentes de sodas, neverías, refresquerías y similares",393,4.5
6310341,38227 LOMAS PLAZA,19.42988614,-99.20580291,11 a 30 personas,"Cafeterías, fuentes de sodas, neverías, refresquerías y similares",318,4.4
6319423,38234 FIESTA AMERICANA REFORMA,19.43251616,-99.15490966,11 a 30 personas,"Cafeterías, fuentes de sodas, neverías, refresquerías y similares",93,3.4
6319396,38239 MIGUEL ANGEL DE QUEVEDO III,19.34606518,-99.1773759,11 a 30 personas,"Cafeterías, fuentes de sodas, neverías, refresquerías y similares",299,4.2
6319425,38240 AMBERES,19.43519257,-99.15066902,11 a 30 personas,"Cafeterías, fuentes de sodas, neverías, refresquerías y similares",66,1.5
6309393,38260 TLACOQUEMECATL,19.37550655,-99.17777753,11 a 30 personas,"Cafeterías, fuentes de sodas, neverías, refresquerías y similares",380,4.1
6319427,38272 LONDRES,19.42577984,-99.16337633,11 a 30 personas,"Cafeterías, fuentes de sodas, neverías, refresquerías y similares",194,4.9
6310342,38279 TEZONTLE II,19.38175591,-99.08143369,11 a 30 personas,"Cafeterías, fuentes de sodas, neverías, refresquerías y similares",357,3.9
6319428,38285 REFORMA 222,19.42905343,-99.16218471,11 a 30 personas,"Cafeterías, fuentes de sodas, neverías, refresquerías y similares",226,4.2
6795614,38289 TEZONTLE I,19.3828827,-99.0777855,11 a 30 personas,"Cafeterías, fuentes de sodas, neverías, refresquerías y similares",388,3.7
6795613,38291 REFORMA 222 II,19.42918112,-99.16191249,11 a 30 personas,"Cafeterías, fuentes de sodas, neverías, refresquerías y similares",120,4.7
6307119,38297 T2 SALIDA INTERNACIONAL,19.4183544,-99.07944454,11 a 30 personas,"Cafeterías, fuentes de sodas, neverías, refresquerías y similares",452,3.9
6794431,38298 T2 SALIDA NACIONAL,19.42944245,-99.07070674,11 a 30 personas,"Cafeterías, fuentes de sodas, neverías, refresquerías y similares",429,4.4
6851018,38299 T2 LLEGADAS,19.41824181,-99.07927644,11 a 30 personas,"Cafeterías, fuentes de sodas, neverías, refresquerías y similares",339,4.8
6310345,38312 LA SALLE,19.40708283,-99.18172036,11 a 30 personas,"Cafeterías, fuentes de sodas, neverías, refresquerías y similares",270,4.7
6319430,38340 DIVISION DEL NORTE,19.35392823,-99.15195113,11 a 30 personas,"Cafeterías, fuentes de sodas, neverías, refresquerías y similares",207,3.4
6794919,38344 PARQUES POLANCO,19.43996024,-99.18524729,11 a 30 personas,"Cafeterías, fuentes de sodas, neverías, refresquerías y similares",155,4.5
6795054,38349 TORRE INVERLAT,19.42882869,-99.2040007,11 a 30 personas,"Cafeterías, fuentes de sodas, neverías, refresquerías y similares",78,3.5
6319431,38360 PLAZA LA HACIENDA,19.29827189,-99.13106841,11 a 30 personas,"Cafeterías, fuentes de sodas, neverías, refresquerías y similares",225,4.1
6318008,38361 CASTORENA,19.3605073,-99.29151888,11 a 30 personas,"Cafeterías, fuentes de sodas, neverías, refresquerías y similares",441,3.5
6319421,38365 COYOACAN CENTRO ,19.34494863,-99.16515498,11 a 30 personas,"Cafeterías, fuentes de sodas, neverías, refresquerías y similares",117,4.7
6319819,38366 HOSPITAL ABC,19.40048191,-99.20370977,11 a 30 personas,"Cafeterías, fuentes de sodas, neverías, refresquerías y similares",141,4.0
6812226,38367 CM COAPA,19.28535144,-99.13700395,11 a 30 personas,"Cafeterías, fuentes de sodas, neverías, refresquerías y similares",357,3.7
6319821,38371 MONTEVIDEO,19.48967791,-99.13032878,11 a 30 personas,"Cafeterías, fuentes de sodas, neverías, refresquerías y similares",124,4.3
8001283,38372 FELIX CUEVAS,19.37396374,-99.1786957,11 a 30 personas,"Cafeterías, fuentes de sodas, neverías, refresquerías y similares",387,4.6
6319827,38376 TORRE CABALLITO,19.43638825,-99.14868784,11 a 30 personas,"Cafeterías, fuentes de sodas, neverías, refresquerías y similares",134,4.3
6319829,38378 TORRE MEXICANA,19.39699974,-99.16507867,11 a 30 personas,"Cafeterías, fuentes de sodas, neverías, refresquerías y similares",416,4.5
6319830,38379 VIA ACOXPA,19.29979756,-99.13478881,11 a 30 personas,"Cafeterías, fuentes de sodas, neverías, refresquerías y similares",107,4.6
6812288,38382 HOMERO,19.43604144,-99.19975583,11 a 30 personas,"Cafeterías, fuentes de sodas, neverías, refresquerías y similares",110,3.7
6319833,38386 DURAZNOS,19.4027719,-99.24306068,11 a 30 personas,"Cafeterías, fuentes de sodas, neverías, refresquerías y similares",473,3.9
6812164,38389 RIO MARNE,19.4304499,-99.16135997,11 a 30 personas,"Cafeterías, fuentes de sodas, neverías, refresquerías y similares",145,4.3
6319836,38391 MARINA NACIONAL,19.44043988,-99.17631948,11 a 30 personas,"Cafeterías, fuentes de sodas, neverías, refresquerías y similares",322,4.6
6319837,38393 COAPA CHEDRAUI,19.30193412,-99.11831665,11 a 30 personas,"Cafeterías, fuentes de sodas, neverías, refresquerías y similares",275,3.6
6319842,38398 MEXFUND PEDREGAL,19.3065752,-99.2094965,11 a 30 personas,"Cafeterías, fuentes de sodas, neverías, refresquerías y similares",386,4.1
6319843,38400 CENTRO MEDICO ABC SANTA FE,19.35558667,-99.28328458,11 a 30 personas,"Cafeterías, fuentes de sodas, neverías, refresquerías y similares",64,3.0
6795055,38402 PERISUR,19.30264599,-99.19047203,11 a 30 personas,"Cafeterías, fuentes de sodas, neverías, refresquerías y similares",261,3.0
895680,38404 VARSOVIA,19.42574714,-99.16913489,11 a 30 personas,"Cafeterías, fuentes de sodas, neverías, refresquerías y similares",408,4.8
6319848,38405 EJERCITO NACIONAL,19.43814223,-99.193649,11 a 30 personas,"Cafeterías, fuentes de sodas, neverías, refresquerías y similares",444,3.9
6706671,38406 MEDICA SUR,19.29640477,-99.16073567,11 a 30 personas,"Cafeterías, fuentes de sodas, neverías, refresquerías y similares",388,4.0
6319853,38411 TORRES LINDAVISTA,19.50736564,-99.14442504,11 a 30 personas,"Cafeterías, fuentes de sodas, neverías, refresquerías y similares",401,4.2
6319855,38414 PARK PLAZA,19.36422412,-99.26025985,11 a 30 personas,"Cafeterías, fuentes de sodas, neverías, refresquerías y similares",375,3.9
6317089,38415 AMSTERDAM,19.41314235,-99.16759296,11 a 30 personas,"Cafeterías, fuentes de sodas, neverías, refresquerías y similares",387,4.8
6319856,38416 MIXCOAC,19.37957579,-99.18701656,11 a 30 personas,"Cafeterías, fuentes de sodas, neverías, refresquerías y similares",426,4.3
6319857,38417 SAN JOSE INSURGENTES,19.36373964,-99.1833068,11 a 30 personas,"Cafeterías, fuentes de sodas, neverías, refresquerías y similares",225,3.7
9442767,38418 PLAZA ORIENTE,19.38252739,-99.07898281,11 a 30 personas,"Cafeterías, fuentes de sodas, neverías, refresquerías y similares",318,3.3
6319859,38419 BALBUENA,19.41770316,-99.10227987,11 a 30 personas,"Cafeterías, fuentes de sodas, neverías, refresquerías y similares",168,3.7
6319860,38421 DURANGO,19.41982308,-99.16743471,11 a 30 personas,"Cafeterías, fuentes de sodas, neverías, refresquerías y similares",203,4.3
6319861,38422 CORPORATIVO HSBC,19.42752164,-99.16839981,11 a 30 personas,"Cafeterías, fuentes de sodas, neverías, refresquerías y similares",57,4.4
6309389,38423 TORRE WTC,19.39470115,-99.17355423,11 a 30 personas,"Cafeterías, fuentes de sodas, neverías, refresquerías y similares",331,2.2
6319865,38426 TORRE SIGLUM,19.35361545,-99.18534364,11 a 30 personas,"Cafeterías, fuentes de sodas, neverías, refresquerías y similares",418,3.6
9414257,38428 JARDINES DEL PEDREGAL,19.33491209,-99.19867483,11 a 30 personas,"Cafeterías, fuentes de sodas, neverías, refresquerías y similares",447,3.9
6319868,38430 PRISMA INSURGENTES,19.36248725,-99.18284427,11 a 30 personas,"Cafeterías, fuentes de sodas, neverías, refresquerías y similares",295,4.5
6319900,38431 EDUARDO MOLINA,19.47863827,-99.09644382,11 a 30 personas,"Cafeterías, fuentes de sodas, neverías, refresquerías y similares",474,4.7
6319869,38432 PLAZA LUIS CABRERA,19.41654002,-99.15965268,11 a 30 personas,"Cafeterías, fuentes de sodas, neverías, refresquerías y similares",183,4.6
6319870,38433 BOLSA MEXICANA DE VALORES,19.4293837,-99.16407117,11 a 30 personas,"Cafeterías, fuentes de sodas, neverías, refresquerías y similares",193,2.7
6319873,38438 CITY WALK,19.35801347,-99.27113583,11 a 30 personas,"Cafeterías, fuentes de sodas, neverías, refresquerías y similares",276,2.8
6319875,38440 HOSPITAL ANGELES METROPOLITANO,19.4067557,-99.16663899,11 a 30 personas,"Cafeterías, fuentes de sodas, neverías, refresquerías y similares",83,4.8
6319878,38445 SAMARA II,19.36829916,-99.26005536,11 a 30 personas,"Cafeterías, fuentes de sodas, neverías, refresquerías y similares",345,4.5
6319880,38447 HOSPITAL ANGELES DEL PEDREGAL,19.31296071,-99.22066819,11 a 30 personas,"Cafeterías, fuentes de sodas, neverías, refresquerías y similares",189,4.2
6319885,38455 TORRE DIAMANTE,19.36103225,-99.2792589,11 a 30 personas,"Cafeterías, fuentes de sodas, neverías, refresquerías y similares",434,4.1
6310344,38458 EL ROSARIO,19.50093774,-99.20009598,11 a 30 personas,"Cafeterías, fuentes de sodas, neverías, refresquerías y similares",334,3.9
6319893,38463 URUGUAY,19.4305775,-99.13695828,11 a 30 personas,"Cafeterías, fuentes de sodas, neverías, refresquerías y similares",258,3.5
6319895,38464 CORPORATIVO COYOACAN,19.36627709,-99.17224252,11 a 30 personas,"Cafeterías, fuentes de sodas, neverías, refresquerías y similares",131,4.1
6813032,38465 JUAREZ 32,19.4344718,-99.14326868,11 a 30 personas,"Cafeterías, fuentes de sodas, neverías, refresquerías y similares",482,4.8
6775644,38468 PORTAL CHURUBUSCO,19.37796052,-99.09606559,11 a 30 personas,"Cafeterías, fuentes de sodas, neverías, refresquerías y similares",297,2.9
6319896,38469 GALERIAS COAPA,19.30339873,-99.12356085,11 a 30 personas,"Cafeterías, fuentes de sodas, neverías, refresquerías y similares",449,3.6
6319892,38470 CHAPULTEPEC REFORMA,19.40640825,-99.20221113,11 a 30 personas,"Cafeterías, fuentes de sodas, neverías, refresquerías y similares",404,4.2
6813053,38472 PLAZA AMERICAS,19.31312777,-99.13629351,11 a 30 personas,"Cafeterías, fuentes de sodas, neverías, refresquerías y similares",186,4.2
6319898,38477 ZENTRALIA CHURUBUSCO,19.37903905,-99.10174613,11 a 30 personas,"Cafeterías, fuentes de sodas, neverías, refresquerías y similares",492,2.7
6317103,38481 ALFONSO REYES,19.40733268,-99.17388869,11 a 30 personas,"Cafeterías, fuentes de sodas, neverías, refresquerías y similares",413,4.5
6813055,38482 PESTALOZZI,19.3793183,-99.16118419,11 a 30 personas,"Cafeterías, fuentes de sodas, neverías, refresquerías y similares",344,3.8
6699168,38483 FORUM BUENAVISTA,19.45038083,-99.15232177,11 a 30 personas,"Cafeterías, fuentes de sodas, neverías, refresquerías y similares",471,4.3
6319424,38484 GANDHI,19.34729626,-99.18205863,11 a 30 personas,"Cafeterías, fuentes de sodas, neverías, refresquerías y similares",55,4.5
6309385,38487 MADERO,19.43355164,-99.13681796,11 a 30 personas,"Cafeterías, fuentes de sodas, neverías, refresquerías y similares",395,4.3
6309386,38493 TORRE ZENTRUM,19.3590053,-99.27342233,11 a 30 personas,"Cafeterías, fuentes de sodas, neverías, refresquerías y similares",130,3.3
6317600,38494 PABELLON CUEMANCO,19.29383811,-99.10789858,11 a 30 personas,"Cafeterías, fuentes de sodas, neverías, refresquerías y similares",393,4.3
9230064,38495 TORRE ORIGAMI,19.36883625,-99.1803641,11 a 30 personas,"Cafeterías, fuentes de sodas, neverías, refresquerías y similares",123,4.9
908409,38496 TAXQUEÑA,19.34066374,-99.13488121,11 a 30 personas,"Cafeterías, fuentes de sodas, neverías, refresquerías y similares",364,4.9
6813205,38497 5 DE MAYO,19.43444638,-99.13892243,11 a 30 personas,"Cafeterías, fuentes de sodas, neverías, refresquerías y similares",52,4.0
6319862,38498 MONTECITOS WTC,19.39498527,-99.17379505,11 a 30 personas,"Cafeterías, fuentes de sodas, neverías, refresquerías y similares",452,3.5
6309390,38499 PENNSYLVANIA,19.38988375,-99.17836979,11 a 30 personas,"Cafeterías, fuentes de sodas, neverías, refresquerías y similares",276,4.7
6309391,38501 PATIO UNIVERSIDAD,19.36593667,-99.16669804,11 a 30 personas,"Cafeterías, fuentes de sodas, neverías, refresquerías y similares",204,3.1
6319390,38504 INSURGENTES WTC,19.39263914,-99.17301508,11 a 30 personas,"Cafeterías, fuentes de sodas, neverías, refresquerías y similares",330,4.5
6319413,38508 AMPLIACION SANTA FE III,19.36352544,-99.27201935,11 a 30 personas,"Cafeterías, fuentes de sodas, neverías, refresquerías y similares",262,3.8
6812286,38512 GARDEN SANTA FE,19.36521731,-99.26512622,11 a 30 personas,"Cafeterías, fuentes de sodas, neverías, refresquerías y similares",243,3.5
6319426,38513 SAN LORENZO,19.37551064,-99.17779607,11 a 30 personas,"Cafeterías, fuentes de sodas, neverías, refresquerías y similares",389,3.2
6309395,38522 RIO HUDSON,19.42579747,-99.17467612,11 a 30 personas,"Cafeterías, fuentes de sodas, neverías, refresquerías y similares",456,3.5
6309396,38526 CITY SHOPS DEL VALLE,19.37254738,-99.17296873,11 a 30 personas,"Cafeterías, fuentes de sodas, neverías, refresquerías y similares",429,3.8
6813997,38527 CAMARONES,19.47192756,-99.18007512,11 a 30 personas,"Cafeterías, fuentes de sodas, neverías, refresquerías y similares",112,2.5
6813084,38528 PABELLON POLANCO,19.43846125,-99.20768675,11 a 30 personas,"Cafeterías, fuentes de sodas, neverías, refresquerías y similares",491,2.5
6813085,38529 BOSQUES DE ARAGON,19.46450545,-99.08434065,11 a 30 personas,"Cafeterías, fuentes de sodas, neverías, refresquerías y similares",274,4.3
6725060,38530 NARVARTE,19.38991277,-99.152218,11 a 30 personas,"Cafeterías, fuentes de sodas, neverías, refresquerías y similares",355,4.7
6697764,38532 ONE ON ONE,19.35934701,-99.27825841,11 a 30 personas,"Cafeterías, fuentes de sodas, neverías, refresquerías y similares",441,3.4
6721536,38534 PATIO SANTA FE,19.37834595,-99.25402324,11 a 30 personas,"Cafeterías, fuentes de sodas, neverías, refresquerías y similares",425,3.8
6702115,38538 MONTE PELVOUX,19.42535718,-99.20421055,11 a 30 personas,"Cafeterías, fuentes de sodas, neverías, refresquerías y similares",484,4.2
6813597,38541 TORRE POLANCO,19.43309647,-99.18171626,11 a 30 personas,"Cafeterías, fuentes de sodas, neverías, refresquerías y similares",150,3.1
6318090,38543 TLALPAN HOSPITALES,19.29195292,-99.15995326,11 a 30 personas,"Cafeterías, fuentes de sodas, neverías, refresquerías y similares",297,1.8
6812285,38544 PICACHO,19.29171825,-99.21701759,11 a 30 personas,"Cafeterías, fuentes de sodas, neverías, refresquerías y similares",347,4.0
6719789,38546 PATIO CLAVERIA,19.46354982,-99.18206281,11 a 30 personas,"Cafeterías, fuentes de sodas, neverías, refresquerías y similares",368,4.0
6319822,38549 GALERIAS INSURGENTES,19.37396113,-99.17869656,11 a 30 personas,"Cafeterías, fuentes de sodas, neverías, refresquerías y similares",464,3.2
6853091,38554 FORUM BUENAVISTA II,19.45183098,-99.15205608,11 a 30 personas,"Cafeterías, fuentes de sodas, neverías, refresquerías y similares",154,4.5
6813154,38555 CAPITAL REFORMA,19.4283297,-99.16330832,11 a 30 personas,"Cafeterías, fuentes de sodas, neverías, refresquerías y similares",108,4.2
6707833,38556 TUXPAN 53,19.40414596,-99.16735402,11 a 30 personas,"Cafeterías, fuentes de sodas, neverías, refresquerías y similares",259,4.2
6706639,38557 RIO SAN JOAQUIN,19.44778318,-99.20637555,11 a 30 personas,"Cafeterías, fuentes de sodas, neverías, refresquerías y similares",144,3.8
6813155,38558 ROMA SUR,19.40640575,-99.16116106,11 a 30 personas,"Cafeterías, fuentes de sodas, neverías, refresquerías y similares",139,3.2
6697516,38560 RENATO LEDUC,19.29613543,-99.15940339,11 a 30 personas,"Cafeterías, fuentes de sodas, neverías, refresquerías y similares",393,3.1
6706833,38568 AV STIM,19.39209444,-99.25949923,11 a 30 personas,"Cafeterías, fuentes de sodas, neverías, refresquerías y similares",100,3.8
6813185,38569 PLAZA UNIVERSIDAD,19.3680637,-99.16486129,11 a 30 personas,"Cafeterías, fuentes de sodas, neverías, refresquerías y similares",490,2.9
6697693,38570 UNIVERSIDAD 767,19.37390765,-99.1629168,11 a 30 personas,"Cafeterías, fuentes de sodas, neverías, refresquerías y similares",438,4.1
6812167,38571 JOLIE PLACE,19.31961066,-99.21052797,11 a 30 personas,"Cafeterías, fuentes de sodas, neverías, refresquerías y similares",252,3.1
6812168,38579 DIVISION DEL NORTE II,19.36898791,-99.1560177,11 a 30 personas,"Cafeterías, fuentes de sodas, neverías, refresquerías y similares",101,3.2
6812220,38580 PASAJE SAN JERONIMO,19.33008353,-99.21424069,11 a 30 personas,"Cafeterías, fuentes de sodas, neverías, refresquerías y similares",242,3.8
6786120,38581 TORRE BANCOMER POLANCO,19.43983364,-99.18400213,11 a 30 personas,"Cafeterías, fuentes de sodas, neverías, refresquerías y similares",189,2.4
6813292,38585 OASIS II,19.34622502,-99.17849327,11 a 30 personas,"Cafeterías, fuentes de sodas, neverías, refresquerías y similares",151,3.9
6812227,38587 PLATEROS,19.36779596,-99.21161339,11 a 30 personas,"Cafeterías, fuentes de sodas, neverías, refresquerías y similares",456,4.0
6786093,38597 EMERSON,19.4355754,-99.18897217,11 a 30 personas,"Cafeterías, fuentes de sodas, neverías, refresquerías y similares",169,3.7
6775643,38600 TORRE BANCOMER REFORMA,19.42313969,-99.1748474,11 a 30 personas,"Cafeterías, fuentes de sodas, neverías, refresquerías y similares",357,4.4
6813290,38602 OBRERO MUNDIAL,19.40162804,-99.15968589,11 a 30 personas,"Cafeterías, fuentes de sodas, neverías, refresquerías y similares",413,3.8
6812225,38605 PLAZA CUICUILCO,19.29537286,-99.18170856,11 a 30 personas,"Cafeterías, fuentes de sodas, neverías, refresquerías y similares",496,3.9
6775642,38611 PLAZA BASICA,19.38011159,-99.08728391,11 a 30 personas,"Cafeterías, fuentes de sodas, neverías, refresquerías y similares",125,4.9
6310334,38612 ANTARA II,19.43859428,-99.20298934,11 a 30 personas,"Cafeterías, fuentes de sodas, neverías, refresquerías y similares",180,2.7
6812228,38613 XOLA,19.39584702,-99.15699875,11 a 30 personas,"Cafeterías, fuentes de sodas, neverías, refresquerías y similares",201,4.3
6813513,38615 GRAND SAN JERONIMO,19.33597113,-99.19963115,11 a 30 personas,"Cafeterías, fuentes de sodas, neverías, refresquerías y similares",267,4.0
6813810,38617 AXOMIATLA,19.34106314,-99.25218679,11 a 30 personas,"Cafeterías, fuentes de sodas, neverías, refresquerías y similares",128,3.5
6812165,38619 CALZADA DE TLALPAN,19.38348615,-99.1393283,11 a 30 personas,"Cafeterías, fuentes de sodas, neverías, refresquerías y similares",400,3.2
6813224,38620 OASIS I,19.34621312,-99.17842568,11 a 30 personas,"Cafeterías, fuentes de sodas, neverías, refresquerías y similares",475,4.9
6812280,38625 TEZOQUIPA,19.28263831,-99.16476904,11 a 30 personas,"Cafeterías, fuentes de sodas, neverías, refresquerías y similares",454,4.4
6788545,38627 MOLIERE 222,19.43527223,-99.20153073,11 a 30 personas,"Cafeterías, fuentes de sodas, neverías, refresquerías y similares",301,3.8
6775645,38632 MADERO II,19.43356539,-99.13838732,11 a 30 personas,"Cafeterías, fuentes de sodas, neverías, refresquerías y similares",262,1.6
9410708,38633 CARRETERA TOLUCA MEXICO(PLAZA CEDROS),19.35251883,-99.29473342,11 a 30 personas,"Cafeterías, fuentes de sodas, neverías, refresquerías y similares",424,3.3
6812170,38635 PUNTO POLANCO,19.43990293,-99.18367226,11 a 30 personas,"Cafeterías, fuentes de sodas, neverías, refresquerías y similares",390,4.2
6812281,38637 TLALPAN NATIVITAS,19.38026738,-99.14033475,11 a 30 personas,"Cafeterías, fuentes de sodas, neverías, refresquerías y similares",168,4.8
6786132,38644 TORRE VIRREYES,19.42525022,-99.20350883,11 a 30 personas,"Cafeterías, fuentes de sodas, neverías, refresquerías y similares",202,4.5
6319891,38645 PLAZA CENTRAL,19.36907389,-99.12155409,11 a 30 personas,"Cafeterías, fuentes de sodas, neverías, refresquerías y similares",61,4.3
6813030,38646 CARRACCI,19.37690889,-99.18623238,11 a 30 personas,"Cafeterías, fuentes de sodas, neverías, refresquerías y similares",353,3.8
6812283,38651 VIA VALLEJO,19.48705632,-99.15137685,11 a 30 personas,"Cafeterías, fuentes de sodas, neverías, refresquerías y similares",150,4.8
6795605,38652 T1 S21,19.42944245,-99.07070674,11 a 30 personas,"Cafeterías, fuentes de sodas, neverías, refresquerías y similares",259,4.5
6795606,38653 SALON EJECUTIVO T1 AICM,19.42944245,-99.07070674,11 a 30 personas,"Cafeterías, fuentes de sodas, neverías, refresquerías y similares",123,4.3
6319845,38654 REFORMA 180,19.42983091,-99.1604885,11 a 30 personas,"Cafeterías, fuentes de sodas, neverías, refresquerías y similares",247,4.1
9466237,38658 PLAZA DELTA II,19.40237166,-99.15544988,11 a 30 personas,"Cafeterías, fuentes de sodas, neverías, refresquerías y similares",234,3.7
6812223,38663 COPILCO 20,19.33517889,-99.15661053,11 a 30 personas,"Cafeterías, fuentes de sodas, neverías, refresquerías y similares",334,3.5
6812169,38676 MIYANA,19.43847925,-99.20029507,11 a 30 personas,"Cafeterías, fuentes de sodas, neverías, refresquerías y similares",206,4.7
6812284,38677 PATIO LA RAZA,19.46803459,-99.14419098,11 a 30 personas,"Cafeterías, fuentes de sodas, neverías, refresquerías y similares",270,4.4
6318290,38681 TORRE DIANA ,19.42694951,-99.17190957,11 a 30 personas,"Cafeterías, fuentes de sodas, neverías, refresquerías y similares",223,2.6
9412201,38691 PATIO REVOLUCION,19.34167446,-99.19107927,11 a 30 personas,"Cafeterías, fuentes de sodas, neverías, refresquerías y similares",287,4.4
9025839,38692 PLAZA EXHIBIMEX ,19.38955197,-99.19163876,11 a 30 personas,"Cafeterías, fuentes de sodas, neverías, refresquerías y similares",58,4.4
9456583,38704 CORPORATIVO BANAMEX,19.37446638,-99.26030753,11 a 30 personas,"Cafeterías, fuentes de sodas, neverías, refresquerías y similares",301,4.6
9400769,38709 CORPORATIVO BARRANCA,19.36082929,-99.18955844,11 a 30 personas,"Cafeterías, fuentes de sodas, neverías, refresquerías y similares",81,3.2
6319820,38715 AV COYOACAN DT ONLY,19.38613483,-99.1617001,11 a 30 personas,"Cafeterías, fuentes de sodas, neverías, refresquerías y similares",190,3.8
9466556,38717 AV REVOLUCION,19.38084189,-99.18683538,11 a 30 personas,"Cafeterías, fuentes de sodas, neverías, refresquerías y similares",415,4.1
6813204,38719 PLAZA FORTUNA,19.54524023,-99.13691568,11 a 30 personas,"Cafeterías, fuentes de sodas, neverías, refresquerías y similares",230,4.4
6319400,38720 PATIO BARRANCA PB,19.36102795,-99.18954103,11 a 30 personas,"Cafeterías, fuentes de sodas, neverías, refresquerías y similares",380,4.4
6319429,38722 PATIO BARRANCA N2,19.42905342,-99.16218472,11 a 30 personas,"Cafeterías, fuentes de sodas, neverías, refresquerías y similares",147,4.4
6319858,38725 PLAZA ORIENTE II,19.3830517,-99.07721597,11 a 30 personas,"Cafeterías, fuentes de sodas, neverías, refresquerías y similares",359,4.7
6812163,38730 MANACAR PB,19.36868404,-99.18078179,11 a 30 personas,"Cafeterías, fuentes de sodas, neverías, refresquerías y similares",429,4.3
6310323,38746 ARCOS BOSQUES II,19.38740193,-99.25215776,11 a 30 personas,"Cafeterías, fuentes de sodas, neverías, refresquerías y similares",421,4.8
6309397,38747 CENTRO COMERCIAL SANTA FE III,19.36221083,-99.27565727,11 a 30 personas,"Cafeterías, fuentes de sodas, neverías, refresquerías y similares",462,3.5
6309387,38748 ANGELES ACOXPA II,19.29773307,-99.13747029,11 a 30 personas,"Cafeterías, fuentes de sodas, neverías, refresquerías y similares",228,3.5
9410710,38749 PATIO SANTA FE II,19.37832303,-99.25406921,11 a 30 personas,"Cafeterías, fuentes de sodas, neverías, refresquerías y similares",226,3.4
6319417,38751 TORRE ZENTRUM II,19.35848403,-99.27327032,11 a 30 personas,"Cafeterías, fuentes de sodas, neverías, refresquerías y similares",400,3.8
9465960,38752 STAR MEDICA ROMA,19.41381511,-99.16125482,11 a 30 personas,"Cafeterías, fuentes de sodas, neverías, refresquerías y similares",474,3.6
9412207,38755 CORPORATIVO SANTANDER,19.37707195,-99.25659704,11 a 30 personas,"Cafeterías, fuentes de sodas, neverías, refresquerías y similares",267,4.5
9414267,38762 PATIO BOTURINI,19.41771326,-99.13022502,11 a 30 personas,"Cafeterías, fuentes de sodas, neverías, refresquerías y similares",317,4.6
6795105,38764 STAR MEDICA NAPOLES,19.39261297,-99.17302343,11 a 30 personas,"Cafeterías, fuentes de sodas, neverías, refresquerías y similares",340,3.4
6319849,38771 MEDICA SUR TLALPAN,19.29644596,-99.16065587,11 a 30 personas,"Cafeterías, fuentes de sodas, neverías, refresquerías y similares",418,3.3
9414269,38773 COLEGIO AMERICANO,19.39943544,-99.20561135,11 a 30 personas,"Cafeterías, fuentes de sodas, neverías, refresquerías y similares",309,4.9
9228785,38777 PARQUE LA MEXICANA,19.3570039,-99.26956381,11 a 30 personas,"Cafeterías, fuentes de sodas, neverías, refresquerías y similares",94,3.6
9229617,38780 TEC SANTA FE,19.35836838,-99.26049274,11 a 30 personas,"Cafeterías, fuentes de sodas, neverías, refresquerías y similares",354,3.4
9414268,38784 ARTZ PEDREGAL PB CC,19.31385531,-99.22031546,11 a 30 personas,"Cafeterías, fuentes de sodas, neverías, refresquerías y similares",293,4.4
9455439,38785 VERSALLES,19.43024474,-99.15462793,11 a 30 personas,"Cafeterías, fuentes de sodas, neverías, refresquerías y similares",176,3.3
6318535,38791 ARTZ PEDREGAL RESERVE,19.3073605,-99.21356386,11 a 30 personas,"Cafeterías, fuentes de sodas, neverías, refresquerías y similares",195,3.0
6795104,38795 APTO T1 PB N PTA 7 ,19.42944245,-99.07070674,11 a 30 personas,"Cafeterías, fuentes de sodas, neverías, refresquerías y similares",351,4.7
9410717,38796 APTO T1 AMB SALA J,19.43832817,-99.07815401,11 a 30 personas,"Cafeterías, fuentes de sodas, neverías, refresquerías y similares",161,2.8
7898463,38798 CORPORATIVO TELEVISA SANTA FE,19.36533974,-99.26501631,11 a 30 personas,"Cafeterías, fuentes de sodas, neverías, refresquerías y similares",491,3.4
9401877,38800 ANTENAS PA,19.31506467,-99.07756769,11 a 30 personas,"Cafeterías, fuentes de sodas, neverías, refresquerías y similares",320,4.5
8779918,38801 ANTENAS PB,19.31557305,-99.07713564,11 a 30 personas,"Cafeterías, fuentes de sodas, neverías, refresquerías y similares",363,4.6
9400765,38803 APTO T1 AMB PUERTA 8,19.41997821,-99.08087399,11 a 30 personas,"Cafeterías, fuentes de sodas, neverías, refresquerías y similares",200,3.7
6319404,38806 PATIO TLALPAN,19.28388948,-99.17571892,11 a 30 personas,"Cafeterías, fuentes de sodas, neverías, refresquerías y similares",456,4.2
9229618,38810 PLAZA CENTENARIO (TENARIA),19.36198993,-99.22412157,11 a 30 personas,"Cafeterías, fuentes de sodas, neverías, refresquerías y similares",390,3.0
9437534,38811 PLAZA TEPEYAC ,19.47268433,-99.121734,11 a 30 personas,"Cafeterías, fuentes de sodas, neverías, refresquerías y similares",459,4.7
6319846,38817 ITESM MEMORIAL,19.28478565,-99.13729991,11 a 30 personas,"Cafeterías, fuentes de sodas, neverías, refresquerías y similares",286,4.0
6310340,38837 CENTENARIO AZCAPOTZALCO,19.50202329,-99.17760104,11 a 30 personas,"Cafeterías, fuentes de sodas, neverías, refresquerías y similares",211,3.8
9437539,38850 HOSPITAL ANGELES CLINICA LONDRES,19.42153674,-99.15639765,11 a 30 personas,"Cafeterías, fuentes de sodas, neverías, refresquerías y similares",430,2.3
9412199,38855 PLAZA ZAPOTITLAN,19.2995238,-99.04156315,11 a 30 personas,"Cafeterías, fuentes de sodas, neverías, refresquerías y similares",346,4.8
6795112,38856 CINEMEX ARTZ,19.31319497,-99.22009107,11 a 30 personas,"Cafeterías, fuentes de sodas, neverías, refresquerías y similares",362,3.2
6813669,38858 TORRE DE PEMEX,19.42529,-99.17690988,11 a 30 personas,"Cafeterías, fuentes de sodas, neverías, refresquerías y similares",330,3.6
909975,38866 PERISUR RESERVE,19.30270872,-99.18999233,11 a 30 personas,"Cafeterías, fuentes de sodas, neverías, refresquerías y similares",487,3.6
6709125,38888 MITIKAH,19.36605237,-99.16762599,11 a 30 personas,"Cafeterías, fuentes de sodas, neverías, refresquerías y similares",93,3.9
9414256,38903 ENCUENTRO OCEANIA PB,19.44077784,-99.09315599,11 a 30 personas,"Cafeterías, fuentes de sodas, neverías, refresquerías y similares",269,4.8
6307118,38906 APTO CDMX AMB PTA 2 ,19.43682649,-99.08068849,11 a 30 personas,"Cafeterías, fuentes de sodas, neverías, refresquerías y similares",190,3.3
9401891,38915 CINEMEX GALERIAS INSURGENTES,19.37141839,-99.17952525,11 a 30 personas,"Cafeterías, fuentes de sodas, neverías, refresquerías y similares",103,4.3
9401892,38924 PLAZA AEROPUERTO,19.42034418,-99.09648612,11 a 30 personas,"Cafeterías, fuentes de sodas, neverías, refresquerías y similares",76,4.3
6307131,38930 BLVD  AEROPUERTO DT,19.41919602,-99.08038811,11 a 30 personas,"Cafeterías, fuentes de sodas, neverías, refresquerías y similares",57,4.2
9427581,38937 PARQUE TEPEYAC,19.47641797,-99.09927861,11 a 30 personas,"Cafeterías, fuentes de sodas, neverías, refresquerías y similares",220,4.0
9401878,38941 MITIKAH RESTAURANTES,19.35883844,-99.16897145,11 a 30 personas,"Cafeterías, fuentes de sodas, neverías, refresquerías y similares",425,3.9
9414258,38943 TERRAZA T2 AMB,19.43832008,-99.07816798,11 a 30 personas,"Cafeterías, fuentes de sodas, neverías, refresquerías y similares",247,4.1
9412200,38951 UNIVERSIDAD PANAMERICANA,19.37300941,-99.18413801,11 a 30 personas,"Cafeterías, fuentes de sodas, neverías, refresquerías y similares",126,2.5
9437540,38954 UNIVERSIDAD ANAHUAC CAMPUS SUR ,19.33296733,-99.24140073,11 a 30 personas,"Cafeterías, fuentes de sodas, neverías, refresquerías y similares",389,3.6
774755,39 COCINA ECONOMICA,19.48495294,-99.14869725,0 a 5 personas,Restaurantes que preparan otro tipo de alimentos para llevar,232,3.2
10803261,4 COCINAS COMIDA,19.49412984,-99.12738195,0 a 5 personas,Restaurantes con servicio de preparación de alimentos a la carta o de comida corrida,241,2.8
10998213,4 EVER FOOD,19.44798855,-99.1997772,0 a 5 personas,Restaurantes con servicio de preparación de alimentos a la carta o de comida corrida,54,3.8
7399925,4 HERMANOS,19.45846705,-99.21421394,0 a 5 personas,Restaurantes con servicio de preparación de antojitos,108,3.8
9854621,4.80 PIZZA,19.4413886,-99.18141131,0 a 5 personas,"Restaurantes con servicio de preparación de pizzas, hamburguesas, hot dogs y pollos rostizados para llevar",286,3.9
8539127,400 PLUMAS CAFE,19.37986659,-99.1391255,0 a 5 personas,"Cafeterías, fuentes de sodas, neverías, refresquerías y similares",204,4.8
673457,40-41 COCINA LUPITA,19.48495294,-99.14869725,0 a 5 personas,Restaurantes que preparan otro tipo de alimentos para llevar,68,3.9
7746722,424 KITCHEN,19.44002939,-99.09076366,0 a 5 personas,Restaurantes con servicio de preparación de alimentos a la carta o de comida corrida,114,4.5
9870715,424 KITCHEN,19.48014404,-99.06501588,11 a 30 personas,Restaurantes con servicio de preparación de alimentos a la carta o de comida corrida,373,4.3
6201366,42482 SUBWAY INTERNATIONAL MEXICO,19.26631743,-99.12652987,0 a 5 personas,Restaurantes con servicio de preparación de alimentos a la carta o de comida corrida,371,3.5
774771,44-59 Y 60 TACOS DE BARBACOA DON DESY,19.48495294,-99.14869725,0 a 5 personas,Restaurantes con servicio de preparación de tacos y tortas,285,2.6
7232067,480 LA PIZZA LOUNGE,19.35375884,-99.15871231,6 a 10 personas,"Restaurantes con servicio de preparación de pizzas, hamburguesas, hot dogs y pollos rostizados para llevar",203,4.5
10166657,5 AVENIDA,19.4366098,-99.11608595,0 a 5 personas,"Bares, cantinas y similares",338,4.2
9948915,5 SAZONES,19.33927597,-99.03052928,0 a 5 personas,Restaurantes con servicio de preparación de alimentos a la carta o de comida corrida,285,3.6
6509333,50 FRIENDS ANTARA,19.4385925,-99.2029254,11 a 30 personas,Restaurantes de autoservicio,286,3.7
6418171,50 FRIENDS BOSQUES,19.38710093,-99.25257905,6 a 10 personas,Restaurantes de autoservicio,471,4.0
6509368,50 FRIENDS CONDESA,19.4125469,-99.17270411,6 a 10 personas,Restaurantes de autoservicio,440,2.0
6733327,50 FRIENDS OASIS COYOACAN,19.34612791,-99.18066907,11 a 30 personas,Restaurantes de autoservicio,270,4.3
689949,50 FRIENDS POLANCO,19.42985895,-99.19640014,6 a 10 personas,Restaurantes de autoservicio,293,4.3
6509349,50 FRIENDS PRADO NORTE,19.42753438,-99.21036323,6 a 10 personas,Restaurantes de autoservicio,54,4.0
6509370,50 FRIENDS REFORMA,19.42606429,-99.16757949,6 a 10 personas,Restaurantes de autoservicio,186,4.6
6705276,50 FRIENDS SANTA FE,19.36235063,-99.27526315,11 a 30 personas,Restaurantes de autoservicio,446,3.5
9832147,50 S DINER,19.47105643,-99.12945929,0 a 5 personas,Restaurantes que preparan otro tipo de alimentos para llevar,287,4.7
6315616,50202 SANTA FE,19.36220913,-99.27566206,11 a 30 personas,Restaurantes con servicio de preparación de alimentos a la carta o de comida corrida,473,4.1
6316027,50208 INSURGENTES,19.39251341,-99.17305523,11 a 30 personas,Restaurantes con servicio de preparación de alimentos a la carta o de comida corrida,97,3.5
9433647,50214 DEL VALLE,19.37359178,-99.16283884,11 a 30 personas,Restaurantes con servicio de preparación de alimentos a la carta o de comida corrida,95,3.5
6322991,50217 UNIVERSIDAD,19.367728,-99.16651107,11 a 30 personas,Restaurantes con servicio de preparación de alimentos a la carta o de comida corrida,113,4.9
9228675,50220 PERISUR,19.30280531,-99.18917868,11 a 30 personas,Restaurantes con servicio de preparación de alimentos a la carta o de comida corrida,241,2.7
9395070,50223 AEROPUERTO,19.31521407,-99.07743076,11 a 30 personas,Restaurantes con servicio de preparación de alimentos a la carta o de comida corrida,78,3.5
6322996,50227 PATRIOTISMO,19.39599955,-99.18103344,11 a 30 personas,Restaurantes con servicio de preparación de alimentos a la carta o de comida corrida,67,2.5
6323004,50229 LINDAVISTA,19.48710763,-99.13170626,11 a 30 personas,Restaurantes con servicio de preparación de alimentos a la carta o de comida corrida,207,3.4
6309349,50231 LOMAS PLAZA,19.4299169,-99.20584573,11 a 30 personas,Restaurantes con servicio de preparación de alimentos a la carta o de comida corrida,251,4.2
6323007,50234 TEZONTLE,19.38202061,-99.08264835,11 a 30 personas,Restaurantes con servicio de preparación de alimentos a la carta o de comida corrida,68,3.7
6323008,50235 GRAN SUR,19.30813422,-99.16406065,11 a 30 personas,Restaurantes con servicio de preparación de alimentos a la carta o de comida corrida,225,3.8
6323002,50240 CHURUBUSCO,19.36907017,-99.12163422,11 a 30 personas,Restaurantes con servicio de preparación de alimentos a la carta o de comida corrida,314,3.8
6323003,50241 ACOXPA,19.29777716,-99.13758285,11 a 30 personas,Restaurantes con servicio de preparación de alimentos a la carta o de comida corrida,262,3.9
6323012,50244 REFORMA 222,19.42919935,-99.16187363,11 a 30 personas,Restaurantes con servicio de preparación de alimentos a la carta o de comida corrida,50,2.9
6309352,50248 CUEMANCO,19.29409684,-99.10926185,11 a 30 personas,Restaurantes con servicio de preparación de alimentos a la carta o de comida corrida,282,3.1
6813657,50254 PATIO SANTA FE,19.37813068,-99.25445504,11 a 30 personas,Restaurantes con servicio de preparación de alimentos a la carta o de comida corrida,297,4.4
6813541,50256 PATIO CLAVERIA,19.46358369,-99.18210915,11 a 30 personas,Restaurantes con servicio de preparación de alimentos a la carta o de comida corrida,267,3.3
6702376,50257 TORRES LINDAVISTA,19.5071742,-99.14492147,11 a 30 personas,Restaurantes con servicio de preparación de alimentos a la carta o de comida corrida,88,4.4
6813785,50267 VIA VALLEJO,19.48682525,-99.15129078,11 a 30 personas,Restaurantes con servicio de preparación de alimentos a la carta o de comida corrida,270,4.1
6812361,50272 PARQUE DELTA,19.40329815,-99.15537697,11 a 30 personas,Restaurantes con servicio de preparación de alimentos a la carta o de comida corrida,104,3.3
6315563,50278 PORTAL SAN ANGEL,19.36141448,-99.18950718,11 a 30 personas,Restaurantes con servicio de preparación de alimentos a la carta o de comida corrida,297,4.5
6309350,50281 PLAZA ORIENTE,19.38205128,-99.0827891,11 a 30 personas,Restaurantes con servicio de preparación de alimentos a la carta o de comida corrida,357,4.3
6322994,50288 LAS ANTENAS,19.43774723,-99.0791055,11 a 30 personas,Restaurantes con servicio de preparación de alimentos a la carta o de comida corrida,369,4.3
9454221,50289 PARQUE TEPEYAC,19.4776599,-99.09873012,11 a 30 personas,Restaurantes con servicio de preparación de alimentos a la carta o de comida corrida,73,3.1
9414867,50290 ENCUENTRO OCEANIA,19.44075893,-99.0931272,11 a 30 personas,Restaurantes con servicio de preparación de alimentos a la carta o de comida corrida,332,4.4
6707868,50502 TCCF SANTA FE,19.36237034,-99.2752076,51 a 100 personas,Restaurantes con servicio de preparación de alimentos a la carta o de comida corrida,283,3.2
6813548,50503 TCCF PARQUE DELTA,19.40286835,-99.15541079,51 a 100 personas,Restaurantes con servicio de preparación de alimentos a la carta o de comida corrida,420,4.7
9397241,50505 TCCF PERISUR,19.30561073,-99.19025479,51 a 100 personas,Restaurantes con servicio de preparación de alimentos a la carta o de comida corrida,115,3.1
9401669,50507 TCCF MITIKAH,19.3607497,-99.16807458,51 a 100 personas,Restaurantes con servicio de preparación de alimentos a la carta o de comida corrida,243,3.6
10413149,517 PIZZA Y MORE,19.4568181,-99.09343038,0 a 5 personas,"Restaurantes con servicio de preparación de pizzas, hamburguesas, hot dogs y pollos rostizados para llevar",168,1.9
8338284,54 STREET,19.43408102,-99.16807744,0 a 5 personas,"Cafeterías, fuentes de sodas, neverías, refresquerías y similares",298,3.6
774774,54-55-64-65 MARISCOS QUECHU,19.48495294,-99.14869725,0 a 5 personas,Restaurantes con servicio de preparación de pescados y mariscos,111,4.6
10310457,55 GRADOS ASADOR,19.33910565,-99.18900811,0 a 5 personas,Restaurantes con servicio de preparación de alimentos a la carta o de comida corrida,449,3.7
9637639,5TA AVENIDA,19.42902768,-99.12279097,0 a 5 personas,"Bares, cantinas y similares",189,3.4
9109250,622 COCINA ECONOMICA SIN NOMBRE,19.4758776,-99.15394677,0 a 5 personas,Restaurantes que preparan otro tipo de alimentos para llevar,89,2.8
794254,64 CAFE,19.34676816,-99.05800624,0 a 5 personas,"Cafeterías, fuentes de sodas, neverías, refresquerías y similares",267,3.4
677455,69 Y 70 CARNITAS Y CHICHARRON DON,19.46551791,-99.10580256,0 a 5 personas,Restaurantes con servicio de preparación de antojitos,59,3.7
774741,71 COCINA ECONOMICA DULCE RUBI,19.4848576,-99.14827807,0 a 5 personas,Restaurantes que preparan otro tipo de alimentos para llevar,497,3.6
774742,72 TAQUERIA TAQUITO.COM,19.4848576,-99.14827807,0 a 5 personas,Restaurantes con servicio de preparación de tacos y tortas,104,4.7
774743,73 COCINA ECONOMICA LA FLOR MORENA,19.4848576,-99.14827807,0 a 5 personas,Restaurantes que preparan otro tipo de alimentos para llevar,384,3.7
6313402,7364 COPILCO,19.33624542,-99.17562938,6 a 10 personas,Restaurantes de autoservicio,138,3.8
6314535,7420 INSURGENTES,19.28324318,-99.17518065,11 a 30 personas,Restaurantes de autoservicio,53,4.0
774745,75-76 COCINA ECONOMICA DOÑA MARY,19.48485202,-99.14827948,0 a 5 personas,Restaurantes que preparan otro tipo de alimentos para llevar,302,3.9
6314645,7773 COAPA,19.30340095,-99.12356655,11 a 30 personas,Restaurantes de autoservicio,432,4.0
774947,79 HUARACHERIA DON LUIS,19.4848576,-99.14827807,0 a 5 personas,Restaurantes con servicio de preparación de antojitos,72,4.1
6306135,7929 LINDAVISTA,19.50707062,-99.1451901,11 a 30 personas,Restaurantes de autoservicio,150,4.1
6304464,7963 GENOVA,19.42601771,-99.16397745,11 a 30 personas,Restaurantes de autoservicio,98,3.1
9068905,8 CARNITAS Y QUESADILLAS DE SESOS,19.48495294,-99.14869725,0 a 5 personas,Restaurantes con servicio de preparación de antojitos,411,4.3
774739,80 Y 81 COCINA ECONOMICA LA GUERA,19.4848576,-99.14827807,0 a 5 personas,Restaurantes que preparan otro tipo de alimentos para llevar,309,3.3
9363402,800 AROMAS CAFE,19.20052479,-99.14192732,0 a 5 personas,"Cafeterías, fuentes de sodas, neverías, refresquerías y similares",434,4.1
6306173,8007 EDUARDO MOLINA,19.4858312,-99.09454969,11 a 30 personas,Restaurantes de autoservicio,498,2.7
9454654,80156 VIPS CENTRAL DEL NORTE,19.47868105,-99.13955513,31 a 50 personas,Restaurantes con servicio de preparación de alimentos a la carta o de comida corrida,216,3.8
6315262,81001 VIPS TOREO,19.4491428,-99.21994252,31 a 50 personas,Restaurantes con servicio de preparación de alimentos a la carta o de comida corrida,436,4.3
6313442,81004 VIPS TAXQUEÑA,19.3464912,-99.18088722,31 a 50 personas,Restaurantes con servicio de preparación de alimentos a la carta o de comida corrida,289,2.8
6306701,81006 VIPS AEROPUERTO,19.41938989,-99.09470828,31 a 50 personas,Restaurantes con servicio de preparación de alimentos a la carta o de comida corrida,362,3.1
6315297,81007 VIPS REVOLUCION,19.38490433,-99.18643506,31 a 50 personas,Restaurantes con servicio de preparación de alimentos a la carta o de comida corrida,364,4.0
6314819,81008 VIPS UNIVERSIDAD,19.36818316,-99.16541924,31 a 50 personas,Restaurantes con servicio de preparación de alimentos a la carta o de comida corrida,161,4.7
6306288,81009 VIPS MONTEVIDEO,19.48753787,-99.12451144,31 a 50 personas,Restaurantes con servicio de preparación de alimentos a la carta o de comida corrida,256,4.3
6311723,81010 VIPS BUENAVISTA,19.4441475,-99.15391478,31 a 50 personas,Restaurantes con servicio de preparación de alimentos a la carta o de comida corrida,296,4.7
6314350,81011 VIPS WTC,19.39160931,-99.17334963,31 a 50 personas,Restaurantes con servicio de preparación de alimentos a la carta o de comida corrida,284,4.1
6304688,81017 VIPS CHILPANCINGO,19.40408009,-99.16923135,31 a 50 personas,Restaurantes con servicio de preparación de alimentos a la carta o de comida corrida,423,3.9
6304732,81020 VIPS HAMBURGO,19.42596232,-99.16505756,31 a 50 personas,Restaurantes con servicio de preparación de alimentos a la carta o de comida corrida,323,3.0
6304601,81023 VIPS COLON,19.43449057,-99.15461777,31 a 50 personas,Restaurantes con servicio de preparación de alimentos a la carta o de comida corrida,198,2.6
6315293,81026 VIPS PLAZA CALIFORNIA,19.38436496,-99.17530081,31 a 50 personas,Restaurantes con servicio de preparación de alimentos a la carta o de comida corrida,105,3.2
6313615,81027 VIPS COYOACAN,19.34389203,-99.15643694,31 a 50 personas,Restaurantes con servicio de preparación de alimentos a la carta o de comida corrida,229,3.2
6314733,81028 VIPS EJERCITO NACIONAL,19.43850203,-99.21080987,31 a 50 personas,Restaurantes con servicio de preparación de alimentos a la carta o de comida corrida,431,4.5
6314862,81029 VIPS VILLA COAPA,19.29478932,-99.12527218,31 a 50 personas,Restaurantes con servicio de preparación de alimentos a la carta o de comida corrida,441,4.0
6313328,81031 VIPS IZTAPALAPA,19.35572174,-99.10297337,31 a 50 personas,Restaurantes con servicio de preparación de alimentos a la carta o de comida corrida,330,3.0
6314992,81032 VIPS CUAJIMALPA,19.36284051,-99.28735815,31 a 50 personas,Restaurantes con servicio de preparación de alimentos a la carta o de comida corrida,209,2.6
6308564,81035 VIPS AZCAPOTZALCO,19.47068494,-99.19063681,31 a 50 personas,Restaurantes con servicio de preparación de alimentos a la carta o de comida corrida,425,4.5
6306503,81037 VIPS CAMARONES,19.46791613,-99.17664334,31 a 50 personas,Restaurantes con servicio de preparación de alimentos a la carta o de comida corrida,119,4.6
6315160,81038 VIPS GALERIAS,19.43550143,-99.17041029,31 a 50 personas,Restaurantes con servicio de preparación de alimentos a la carta o de comida corrida,345,4.8
6304545,81039 VIPS SAN RAFAEL,19.43644872,-99.15728433,31 a 50 personas,Restaurantes con servicio de preparación de alimentos a la carta o de comida corrida,389,2.9
6306365,81040 VIPS JARDIN BALBUENA,19.42084372,-99.11458517,31 a 50 personas,Restaurantes con servicio de preparación de alimentos a la carta o de comida corrida,290,4.1
6327161,81042 VIPS SAN JERONIMO,19.33008451,-99.21210979,31 a 50 personas,Restaurantes con servicio de preparación de alimentos a la carta o de comida corrida,462,2.6
6306391,81043 VIPS TEPEYAC,19.47221063,-99.12191532,31 a 50 personas,Restaurantes con servicio de preparación de alimentos a la carta o de comida corrida,246,4.3
6314491,81044 VIPS PLATEROS,19.37008774,-99.19211388,31 a 50 personas,Restaurantes con servicio de preparación de alimentos a la carta o de comida corrida,212,4.3
6306056,81050 VIPS CHURUBUSCO,19.38249566,-99.10132086,31 a 50 personas,Restaurantes con servicio de preparación de alimentos a la carta o de comida corrida,132,4.6
6306017,81052 VIPS FRAY SERVANDO,19.41799361,-99.10538171,31 a 50 personas,Restaurantes con servicio de preparación de alimentos a la carta o de comida corrida,152,4.8
6315433,81054 VIPS HUIPULCO,19.29617766,-99.1542201,31 a 50 personas,Restaurantes con servicio de preparación de alimentos a la carta o de comida corrida,210,3.2
6313408,81056 VIPS DIVISION DEL NORTE,19.32131487,-99.13900831,31 a 50 personas,Restaurantes con servicio de preparación de alimentos a la carta o de comida corrida,404,2.4
6306188,81057 VIPS TORRES LINDAVISTA,19.50711606,-99.14507224,31 a 50 personas,Restaurantes con servicio de preparación de alimentos a la carta o de comida corrida,411,4.5
6305265,81065 VIPS FRANCISCO DEL PASO,19.40689021,-99.11364909,31 a 50 personas,Restaurantes con servicio de preparación de alimentos a la carta o de comida corrida,151,3.3
6313594,81066 VIPS PLAZA ORIENTE,19.38327486,-99.07646394,31 a 50 personas,Restaurantes con servicio de preparación de alimentos a la carta o de comida corrida,289,4.3
6305172,81068 VIPS ASTURIAS,19.4079219,-99.13364717,31 a 50 personas,Restaurantes con servicio de preparación de alimentos a la carta o de comida corrida,479,4.4
6306741,81070 VIPS CABEZA DE JUAREZ,19.37865589,-99.05976631,31 a 50 personas,Restaurantes con servicio de preparación de alimentos a la carta o de comida corrida,249,4.5
6306740,81072 VIPS IZTAPALAPA MARGARITA,19.34772429,-99.06813811,31 a 50 personas,Restaurantes con servicio de preparación de alimentos a la carta o de comida corrida,208,2.4
6305169,81082 VIPS CUAUHTEMOC,19.42453237,-99.15391648,31 a 50 personas,Restaurantes con servicio de preparación de alimentos a la carta o de comida corrida,252,4.1
6305173,81085 VIPS URUGUAY,19.43048158,-99.13704327,31 a 50 personas,Restaurantes con servicio de preparación de alimentos a la carta o de comida corrida,373,3.3
6316616,81100 VIPS MIRAMONTES,19.3109686,-99.1241611,31 a 50 personas,Restaurantes con servicio de preparación de alimentos a la carta o de comida corrida,473,2.6
6310300,81101 VIPS LA VIGA,19.41583234,-99.1277727,31 a 50 personas,Restaurantes con servicio de preparación de alimentos a la carta o de comida corrida,246,3.0
6314284,81108 VIPS TLAHUAC,19.30520726,-99.06125787,31 a 50 personas,Restaurantes con servicio de preparación de alimentos a la carta o de comida corrida,91,3.0
6314251,81109 VIPS VAQUERITOS,19.28242995,-99.12499456,31 a 50 personas,Restaurantes con servicio de preparación de alimentos a la carta o de comida corrida,263,3.4
6315376,81115 VIPS LEGARIA,19.45332243,-99.19848688,31 a 50 personas,Restaurantes con servicio de preparación de alimentos a la carta o de comida corrida,221,3.7
6316212,81129 VIPS EUGENIA,19.38392808,-99.14841073,31 a 50 personas,Restaurantes con servicio de preparación de alimentos a la carta o de comida corrida,302,4.3
6305363,81130 VIPS MADERO RITZ,19.43369717,-99.13783356,31 a 50 personas,Restaurantes con servicio de preparación de alimentos a la carta o de comida corrida,66,3.2
6308403,81131 VIPS CALZADA DE GUADALUPE,19.46244762,-99.12604666,31 a 50 personas,Restaurantes con servicio de preparación de alimentos a la carta o de comida corrida,197,3.7
6313997,81145 VIPS ZARAGOZA,19.40180422,-99.06398852,31 a 50 personas,Restaurantes con servicio de preparación de alimentos a la carta o de comida corrida,165,3.8
6305361,81166 VIPS 16 DE SEPTIEMBRE,19.43195553,-99.13491793,31 a 50 personas,Restaurantes con servicio de preparación de alimentos a la carta o de comida corrida,429,4.3
6316009,81168 VIPS FELIX CUEVAS,19.37292878,-99.17570591,31 a 50 personas,Restaurantes con servicio de preparación de alimentos a la carta o de comida corrida,253,4.5
6315830,81171 VIPS CIPRECES,19.31686223,-99.12651268,31 a 50 personas,Restaurantes con servicio de preparación de alimentos a la carta o de comida corrida,230,2.7
6315633,81174 VIPS CADIZ,19.39890545,-99.13746729,31 a 50 personas,Restaurantes con servicio de preparación de alimentos a la carta o de comida corrida,349,4.2
6308549,81184 VIPS PLAZA E. MOLINA,19.47884273,-99.09696885,31 a 50 personas,Restaurantes con servicio de preparación de alimentos a la carta o de comida corrida,450,2.8
6319292,81186 VIPS SANTA FE,19.36136775,-99.27865019,31 a 50 personas,Restaurantes con servicio de preparación de alimentos a la carta o de comida corrida,332,3.5
6319111,81224 VIPS SAN JOSE INSURGENTES,19.36462894,-99.18211549,31 a 50 personas,Restaurantes con servicio de preparación de alimentos a la carta o de comida corrida,200,2.2
6309947,81236 VIPS TECNOPARQUE,19.50204052,-99.17764052,31 a 50 personas,Restaurantes con servicio de preparación de alimentos a la carta o de comida corrida,295,3.9
6319110,81241 VIPS AXOMIATLA,19.34114196,-99.24820534,31 a 50 personas,Restaurantes con servicio de preparación de alimentos a la carta o de comida corrida,107,4.7
6310159,81248 VIPS PARQUES POLANCO,19.43991804,-99.18483218,31 a 50 personas,Restaurantes con servicio de preparación de alimentos a la carta o de comida corrida,246,2.6
6311732,81256 VIPS OLIPLAZA,19.36907189,-99.12159715,31 a 50 personas,Restaurantes con servicio de preparación de alimentos a la carta o de comida corrida,290,3.7
6311695,81263 VIPS EL ROSARIO,19.50193357,-99.20417736,31 a 50 personas,Restaurantes con servicio de preparación de alimentos a la carta o de comida corrida,233,3.1
6317601,81264 VIPS CUEMANCO,19.29383811,-99.10789858,31 a 50 personas,Restaurantes con servicio de preparación de alimentos a la carta o de comida corrida,141,4.2
9230372,81267 VIPS PORTAL CENTRO,19.41771692,-99.13026265,31 a 50 personas,Restaurantes con servicio de preparación de alimentos a la carta o de comida corrida,150,3.7
6812370,81268 VIPS CUAUHTEMOC DELTA,19.39906129,-99.15590216,31 a 50 personas,Restaurantes con servicio de preparación de alimentos a la carta o de comida corrida,143,4.0
6848353,81269 VIPS AEROPUERTO SALA BRAVO,19.43377652,-99.08638467,31 a 50 personas,Restaurantes con servicio de preparación de alimentos a la carta o de comida corrida,478,3.6
6802572,81278 VIPS PORTAL SAN ANGEL,19.36064116,-99.1895736,31 a 50 personas,Restaurantes con servicio de preparación de alimentos a la carta o de comida corrida,462,4.7
9467227,81292 VIPS PLAZA EXHIBIMEX,19.38952898,-99.1914512,31 a 50 personas,Restaurantes con servicio de preparación de alimentos a la carta o de comida corrida,447,2.5
8921812,81307 VIPS LAS ANTENAS,19.31557305,-99.07713563,31 a 50 personas,Restaurantes con servicio de preparación de alimentos a la carta o de comida corrida,441,3.7
9449980,81310 VIPS CC SANTA FE,19.36136591,-99.27865592,31 a 50 personas,Restaurantes con servicio de preparación de alimentos a la carta o de comida corrida,95,2.8
9395607,81315 VIPS PARQUES PLAZA,19.43840032,-99.17827047,31 a 50 personas,Restaurantes con servicio de preparación de alimentos a la carta o de comida corrida,204,3.4
6309948,81324 VIPS CUITLAHUAC,19.4679161,-99.17664336,31 a 50 personas,Restaurantes con servicio de preparación de alimentos a la carta o de comida corrida,119,4.7
6306728,8388 LOMAS ESTRELLA,19.32156046,-99.0930671,11 a 30 personas,Restaurantes de autoservicio,440,4.1
10388593,90S BURGER,19.27997879,-99.13727278,6 a 10 personas,"Cafeterías, fuentes de sodas, neverías, refresquerías y similares",331,3.8
9506940,95 CAFE,19.44308959,-99.15676752,0 a 5 personas,"Cafeterías, fuentes de sodas, neverías, refresquerías y similares",475,3.8
9573473,A BARRIGA LLENA SEMIFIJO HAMBURGUESAS,19.37537326,-99.15446735,0 a 5 personas,"Restaurantes con servicio de preparación de pizzas, hamburguesas, hot dogs y pollos rostizados para llevar",79,4.4
9688914,A BUENA HORA TAQUERIA,19.29319975,-99.14575553,0 a 5 personas,Restaurantes con servicio de preparación de tacos y tortas,258,4.0
7674602,A CARBON Y LEÑA TACOS,19.31278941,-99.23567859,0 a 5 personas,Restaurantes con servicio de preparación de antojitos,311,3.7
9822841,A COMER,19.47279031,-99.17683499,0 a 5 personas,Restaurantes que preparan otro tipo de alimentos para llevar,372,4.8
8326211,A DIOS LE PIDO RESTAURANTE BAR,19.42718422,-99.16457905,11 a 30 personas,Restaurantes con servicio de preparación de alimentos a la carta o de comida corrida,132,3.5
955927,A FUEGO LENTO,19.36589012,-99.1796826,11 a 30 personas,Restaurantes con servicio de preparación de alimentos a la carta o de comida corrida,487,4.4
10682373,A LA BONNE FRANQUETTE,19.43318955,-99.16760687,0 a 5 personas,Restaurantes con servicio de preparación de alimentos a la carta o de comida corrida,265,4.6
10005764,A LA BURGER GRILL,19.31767451,-99.08136515,0 a 5 personas,"Restaurantes con servicio de preparación de pizzas, hamburguesas, hot dogs y pollos rostizados para llevar",269,3.3
11298297,A LA BURGUER,19.47850294,-99.08385653,0 a 5 personas,Restaurantes de autoservicio,340,4.1
9687358,A LA BURGUER,19.34618103,-99.19027639,0 a 5 personas,Restaurantes de autoservicio,84,3.9
11670544,A LA BURGUER,19.28856539,-99.12354331,0 a 5 personas,"Restaurantes con servicio de preparación de pizzas, hamburguesas, hot dogs y pollos rostizados para llevar",54,3.0
1040374,A LA LEÑA,19.42822327,-99.14305208,0 a 5 personas,Restaurantes con servicio de preparación de antojitos,407,4.1
10308995,A LA MEXICANA,19.43839053,-99.17823306,0 a 5 personas,Restaurantes con servicio de preparación de alimentos a la carta o de comida corrida,55,2.3
10477067,A LA MEXICANA,19.4296291,-99.13258842,6 a 10 personas,Restaurantes con servicio de preparación de alimentos a la carta o de comida corrida,296,4.4
10122629,A LAS CHIDAS,19.3873191,-99.14482274,0 a 5 personas,Restaurantes de autoservicio,142,4.2
9514669,A LAS COSTILLAS,19.39069413,-99.14235445,0 a 5 personas,"Cafeterías, fuentes de sodas, neverías, refresquerías y similares",328,4.1
9221667,A LAVERDE,19.36743927,-99.16292928,0 a 5 personas,Restaurantes que preparan otro tipo de alimentos para llevar,364,4.4
9583305,A LO QUE TE TRUJE,19.50545771,-99.12691644,0 a 5 personas,Restaurantes con servicio de preparación de alimentos a la carta o de comida corrida,484,3.5
9068357,A MOVER EL BIGOTE,19.3107365,-99.15943387,0 a 5 personas,"Cafeterías, fuentes de sodas, neverías, refresquerías y similares",239,4.0
11636911,A PA CHUUURRRO,19.30866137,-99.10477458,0 a 5 personas,"Cafeterías, fuentes de sodas, neverías, refresquerías y similares",406,2.7
10310135,A PIE DE MAR,19.41417234,-99.1299807,6 a 10 personas,Restaurantes con servicio de preparación de pescados y mariscos,81,3.8
10314616,A TACO,19.44337601,-99.20893964,0 a 5 personas,Restaurantes con servicio de preparación de tacos y tortas,306,3.0
784231,AAH - CARBON,19.4009906,-99.13287197,11 a 30 personas,"Restaurantes con servicio de preparación de pizzas, hamburguesas, hot dogs y pollos rostizados para llevar",482,3.3
648342,ABAC PIZZAS,19.48991535,-99.18635929,0 a 5 personas,"Restaurantes con servicio de preparación de pizzas, hamburguesas, hot dogs y pollos rostizados para llevar",275,3.3
859506,ABARROTES,19.29493546,-99.15486419,0 a 5 personas,Restaurantes con servicio de preparación de tacos y tortas,285,3.3
999493,ABARROTES ANGELES,19.32851758,-99.15906833,0 a 5 personas,Restaurantes con servicio de preparación de antojitos,77,3.8
9195535,ABARROTES EL MEXICANO,19.33414375,-99.0254485,0 a 5 personas,Restaurantes que preparan otro tipo de alimentos para llevar,419,3.4
7137681,ABARROTES GOLDEN,19.43496381,-99.11342084,0 a 5 personas,Restaurantes con servicio de preparación de alimentos a la carta o de comida corrida,248,2.9
8522826,ABARROTES ISLAS,19.38991492,-99.07860086,0 a 5 personas,Servicios de preparación de otros alimentos para consumo inmediato,470,2.9
7594285,ABARROTES LA FLAQUITA,19.24425609,-99.14853745,0 a 5 personas,Restaurantes con servicio de preparación de antojitos,78,3.4
922178,ABARROTES LA FUENTE,19.33074617,-99.32597538,0 a 5 personas,Restaurantes con servicio de preparación de alimentos a la carta o de comida corrida,196,3.7
641978,ABARROTES LA GLORIA,19.45332327,-99.11483019,0 a 5 personas,Servicios de preparación de otros alimentos para consumo inmediato,161,4.6
10434473,ABARROTES LA HACIENDA,19.459626,-99.17164995,0 a 5 personas,Restaurantes que preparan otro tipo de alimentos para llevar,157,3.6
9132807,ABARROTES LHACH ZDAN,19.4221614,-99.14200028,0 a 5 personas,Restaurantes con servicio de preparación de tacos y tortas,68,3.3
11480566,ABARROTES ROMA,19.4119508,-99.1641912,0 a 5 personas,"Cafeterías, fuentes de sodas, neverías, refresquerías y similares",484,2.8
8671365,ABARROTES SAN ANTONIO,19.30565514,-99.0756097,0 a 5 personas,Restaurantes con servicio de preparación de antojitos,422,3.9
10187565,ABARROTES SIN NOMBRE,19.31111593,-99.22961231,0 a 5 personas,Restaurantes con servicio de preparación de tacos y tortas,320,3.9
667595,ABARROTES TITA,19.48079363,-99.17866417,0 a 5 personas,Restaurantes que preparan otro tipo de alimentos para llevar,457,4.1
8623412,ABARROTES VINOS Y LICORES,19.35880114,-99.07153014,0 a 5 personas,"Bares, cantinas y similares",410,3.0
9425735,ABASTECEDORA DE ALIMENTOS EN BOCA DE TODOS,19.40591876,-99.18437644,11 a 30 personas,Restaurantes con servicio de preparación de alimentos a la carta o de comida corrida,238,4.4
955364,ABC,19.39798622,-99.15514686,0 a 5 personas,Restaurantes que preparan otro tipo de alimentos para llevar,102,4.2
9789362,ABC DE LA CRUDA,19.3874994,-99.2654304,0 a 5 personas,Restaurantes con servicio de preparación de pescados y mariscos,249,4.2
9846616,ABEJA NEGRA. HAMBURGUESAS Y HOT DOGS,19.37807821,-99.15811011,0 a 5 personas,"Restaurantes con servicio de preparación de pizzas, hamburguesas, hot dogs y pollos rostizados para llevar",164,4.4
831162,ABI CARNITAS,19.34306758,-99.01621608,0 a 5 personas,Restaurantes con servicio de preparación de antojitos,236,4.8
9755665,ABOLENGO RESTAURANTE BAR,19.28500427,-99.17582499,6 a 10 personas,Restaurantes con servicio de preparación de alimentos a la carta o de comida corrida,56,4.3
7732408,ABORIGEN,19.41423644,-99.15850864,0 a 5 personas,"Restaurantes con servicio de preparación de pizzas, hamburguesas, hot dogs y pollos rostizados para llevar",397,4.6
11393047,ABRACADABRA COCINA DEL CORAZON,19.43782862,-99.13776209,0 a 5 personas,Restaurantes con servicio de preparación de alimentos a la carta o de comida corrida,125,4.5
7923702,ABRAHAM ERIK,19.29880285,-99.09748606,0 a 5 personas,Restaurantes con servicio de preparación de antojitos,395,4.4
10806983,ABRAZO CAFE,19.34988756,-99.30171672,0 a 5 personas,"Cafeterías, fuentes de sodas, neverías, refresquerías y similares",148,4.8
7825072,ABURGER,19.41079313,-99.16442262,0 a 5 personas,"Restaurantes con servicio de preparación de pizzas, hamburguesas, hot dogs y pollos rostizados para llevar",117,2.5
11112939,ABURIYA,19.42999218,-99.16839972,0 a 5 personas,Restaurantes con servicio de preparación de alimentos a la carta o de comida corrida,83,3.7
10294370,ABURIYA,19.42784772,-99.17039134,11 a 30 personas,Restaurantes con servicio de preparación de alimentos a la carta o de comida corrida,56,4.4
6757101,ABURIYA,19.42955877,-99.16963177,6 a 10 personas,Restaurantes con servicio de preparación de alimentos a la carta o de comida corrida,487,4.7
640066,ABYS RESTAURANTE,19.49838651,-99.20437559,11 a 30 personas,Restaurantes con servicio de preparación de alimentos a la carta o de comida corrida,268,4.1
11645195,AC DINER,19.22480687,-99.20433226,0 a 5 personas,"Cafeterías, fuentes de sodas, neverías, refresquerías y similares",500,3.6
683195,ACA ENTRE NOS,19.46529932,-99.1839158,6 a 10 personas,Restaurantes con servicio de preparación de alimentos a la carta o de comida corrida,402,3.9
10764275,ACA LAS CREPAS,19.31736778,-99.06169511,0 a 5 personas,"Cafeterías, fuentes de sodas, neverías, refresquerías y similares",189,4.1
11121663,ACA LAS QUEKAS,19.42030595,-99.17537305,0 a 5 personas,Restaurantes con servicio de preparación de alimentos a la carta o de comida corrida,363,4.5
739892,ACA LAS TORTAS,19.41129898,-99.07930502,0 a 5 personas,Restaurantes con servicio de preparación de tacos y tortas,357,4.4
7261465,ACA LAS TORTAS,19.39506895,-99.1947871,0 a 5 personas,Restaurantes con servicio de preparación de tacos y tortas,171,4.5
846134,ACA LAS TORTAS,19.46121185,-99.19167079,0 a 5 personas,Restaurantes con servicio de preparación de tacos y tortas,258,4.3
887383,ACA LAS TORTAS,19.43677726,-99.1336015,0 a 5 personas,Restaurantes con servicio de preparación de tacos y tortas,361,3.4
7904252,ACA LAS TORTAS,19.35855623,-99.08926847,0 a 5 personas,Restaurantes con servicio de preparación de tacos y tortas,131,4.0
828323,ACA LAS TORTAS,19.34445159,-99.02617834,0 a 5 personas,Restaurantes con servicio de preparación de tacos y tortas,308,2.8
7802047,ACA LAS TORTAS PEDRO,19.48500629,-99.11343548,0 a 5 personas,Restaurantes con servicio de preparación de tacos y tortas,446,4.2
667653,ACA MIS TORTAS,19.47547283,-99.17666296,0 a 5 personas,Restaurantes con servicio de preparación de tacos y tortas,145,3.7
711617,ACA SUS QUECAS,19.37347387,-99.12293349,0 a 5 personas,Restaurantes con servicio de preparación de antojitos,368,3.3
10912131,ACA TOY TACOS DE GUISADO,19.33044143,-99.21050524,0 a 5 personas,Restaurantes con servicio de preparación de tacos y tortas,438,3.4
10313496,ACA TOY TACOS DE SUADERO,19.33050678,-99.21047147,0 a 5 personas,Restaurantes con servicio de preparación de tacos y tortas,202,3.6
10068769,ACCH CARBON,19.31587221,-99.11394793,6 a 10 personas,"Restaurantes con servicio de preparación de pizzas, hamburguesas, hot dogs y pollos rostizados para llevar",135,4.1
6872782,ACCOR MEXICO HOTELS,19.42649969,-99.16959245,101 a 250 personas,Hoteles con otros servicios integrados,420,2.9
879767,ACHICALADA GUERRERO,19.44491623,-99.14446424,0 a 5 personas,Restaurantes con servicio de preparación de antojitos,420,4.3
10481403,ACLOMA,19.43312948,-99.16819161,6 a 10 personas,Restaurantes con servicio de preparación de alimentos a la carta o de comida corrida,121,4.8
8584399,ACOMERCIALIZADORA BANQUETES Y SERVICIOS RICO,19.33791754,-99.13920614,0 a 5 personas,Servicios de preparación de alimentos para ocasiones especiales,101,3.6
9444257,ACORA DELTA,19.40182069,-99.15986479,31 a 50 personas,Restaurantes con servicio de preparación de alimentos a la carta o de comida corrida,145,4.3
9881538,ACRE,19.42620325,-99.15784863,6 a 10 personas,"Cafeterías, fuentes de sodas, neverías, refresquerías y similares",310,2.2
9357212,ACUYO,19.41076611,-99.15053359,6 a 10 personas,Restaurantes con servicio de preparación de alimentos a la carta o de comida corrida,405,3.0
9922009,ADEREZO,19.3144955,-99.11708889,0 a 5 personas,"Cafeterías, fuentes de sodas, neverías, refresquerías y similares",364,4.5
7743354,ADMINISTRACION DE AUTOCONSUMO ESCOLAR,19.44160917,-99.15968548,6 a 10 personas,"Cafeterías, fuentes de sodas, neverías, refresquerías y similares",330,4.4
7743355,ADMINISTRACION DE AUTOCONSUMO ESCOLAR,19.44160917,-99.15968548,6 a 10 personas,"Cafeterías, fuentes de sodas, neverías, refresquerías y similares",385,3.3
889902,ADMINISTRACION DE SUSHI HOKO-KI,19.43826584,-99.15175869,0 a 5 personas,Restaurantes con servicio de preparación de alimentos a la carta o de comida corrida,393,4.5
8303383,ADMINISTRACION DEL RESTAURANTE LA POBLANITA DE TACUBAYA,19.40717589,-99.18514783,0 a 5 personas,Restaurantes con servicio de preparación de alimentos a la carta o de comida corrida,63,4.3
9469013,ADMINISTRACION Y SERVICIOS HOTELEROS DEL VALLE ASHV,19.38680367,-99.18615611,31 a 50 personas,Hoteles con otros servicios integrados,254,3.5
6870208,ADMINISTRADORA DE HOTELES GRT,19.31408667,-99.22093259,101 a 250 personas,Hoteles con otros servicios integrados,101,4.3
11831944,ADMINISTRADORA DE HOTELES GRT,19.42918973,-99.19877038,251 y más personas,Hoteles con otros servicios integrados,330,2.6
6869695,ADMINISTRADORA DE HOTELES GRT,19.42766709,-99.17950367,0 a 5 personas,Hoteles con otros servicios integrados,268,2.5
6317395,ADMINISTRADORA DE HOTELES GRT,19.3678021,-99.26149239,101 a 250 personas,Hoteles con otros servicios integrados,121,2.4
9455709,ADMINISTRADORA LOS CAMILOS,19.34565491,-99.15893015,0 a 5 personas,Hoteles sin otros servicios integrados,105,3.9
8137761,ADRENALINE WINGS,19.34802265,-99.01893732,0 a 5 personas,"Bares, cantinas y similares",259,2.3
10712873,ADRIANA GARCIA ALVAREZ,19.42791856,-99.10895207,0 a 5 personas,Restaurantes con servicio de preparación de alimentos a la carta o de comida corrida,342,4.6
11570411,ADURET MARQUESITAS,19.3133093,-99.14694611,0 a 5 personas,Servicios de preparación de otros alimentos para consumo inmediato,247,3.3
10243489,AEA FASTFOOD,19.40986458,-99.13631804,0 a 5 personas,Restaurantes con servicio de preparación de alimentos a la carta o de comida corrida,439,4.1
11086686,AEDEN,19.21353074,-98.99506813,0 a 5 personas,Restaurantes con servicio de preparación de alimentos a la carta o de comida corrida,458,3.2
8268556,AERO BEER DEPOT,19.41715741,-99.07574003,0 a 5 personas,"Bares, cantinas y similares",453,4.3
737942,AERO TORTAS,19.42167737,-99.08674951,0 a 5 personas,Restaurantes con servicio de preparación de tacos y tortas,328,4.0
11486938,AEROBURGUER,19.42684478,-99.09830583,0 a 5 personas,"Cafeterías, fuentes de sodas, neverías, refresquerías y similares",106,4.1
6257143,AEROCOCINAS,19.44638638,-99.07746355,0 a 5 personas,Servicios de comedor para empresas e instituciones,230,2.6
6307129,AEROCOMIDAS OFICINA ADMINISTRATIVA,19.41846534,-99.07960044,0 a 5 personas,Restaurantes de autoservicio,492,4.6
10715680,AEX CANDY BAR,19.42761755,-99.13482656,0 a 5 personas,"Centros nocturnos, discotecas y similares",167,4.4
9142727,AFETERIA FUZZBREW,19.43989956,-99.16273758,0 a 5 personas,"Cafeterías, fuentes de sodas, neverías, refresquerías y similares",386,3.4
10840846,AFRO MENU,19.43231532,-99.09113789,6 a 10 personas,Restaurantes con servicio de preparación de alimentos a la carta o de comida corrida,273,4.2
867200,AGAPI MU RESTAURANTE GRIEGO,19.4094157,-99.17812621,11 a 30 personas,Restaurantes con servicio de preparación de alimentos a la carta o de comida corrida,366,4.0
11619398,AGASAJO CARNITAS,19.33747654,-99.12027738,0 a 5 personas,Restaurantes con servicio de preparación de antojitos,360,3.3
661173,AGAVITO COMIDA CON SAZON,19.43560508,-99.08590003,0 a 5 personas,Restaurantes con servicio de preparación de alimentos a la carta o de comida corrida,385,3.4
10606602,AGAVITO MEZCAL,19.42085308,-99.15393386,0 a 5 personas,"Bares, cantinas y similares",325,3.9
11347818,AGO ANDARRETA,19.41649904,-99.17315479,11 a 30 personas,Restaurantes con servicio de preparación de alimentos a la carta o de comida corrida,308,4.2
10802561,AGORA BARRA DE CAFE,19.37476525,-99.15384096,0 a 5 personas,"Cafeterías, fuentes de sodas, neverías, refresquerías y similares",370,4.7
11116517,AGORA CAFE,19.42032386,-99.17445229,0 a 5 personas,"Cafeterías, fuentes de sodas, neverías, refresquerías y similares",342,3.6
10033460,AGROTAVERNA MONSTRUO DE AGUA,19.41528213,-99.16893543,11 a 30 personas,"Bares, cantinas y similares",212,3.5
7255633,AGUA BENDITA,19.36728209,-99.16219043,6 a 10 personas,"Bares, cantinas y similares",173,4.0
11147610,AGUA BUENA,19.32431657,-99.13858813,0 a 5 personas,"Bares, cantinas y similares",65,3.6
11783414,AGUA ENMACULADA MEXICALTZINGO,19.35986036,-99.1195064,0 a 5 personas,Servicios de comedor para empresas e instituciones,417,3.7
10197580,AGUA INMACULADA,19.36801422,-99.23394593,0 a 5 personas,Servicios de preparación de otros alimentos para consumo inmediato,53,4.9
11458258,AGUA LA GUERA,19.32286019,-99.17288041,0 a 5 personas,Restaurantes con servicio de preparación de antojitos,308,4.2
9523125,AGUACATEMATE,19.4832697,-99.19286876,0 a 5 personas,Restaurantes con servicio de preparación de alimentos a la carta o de comida corrida,157,3.2
7768185,AGUACATES,19.48777773,-99.19570067,0 a 5 personas,Restaurantes que preparan otro tipo de alimentos para llevar,322,2.7
11628407,AGUACHILANGOS,19.44856105,-99.16215597,0 a 5 personas,Restaurantes con servicio de preparación de pescados y mariscos,221,4.0
11504079,AGUACHILAZO,19.49458826,-99.21457761,11 a 30 personas,Restaurantes con servicio de preparación de pescados y mariscos,240,4.5
10593721,AGUACHILE Y CERVEZA FONDO DE BIKINI,19.47595774,-99.12422012,0 a 5 personas,"Bares, cantinas y similares",147,4.1
8458413,AGUAS,19.38788928,-99.14725551,0 a 5 personas,"Cafeterías, fuentes de sodas, neverías, refresquerías y similares",219,4.8
11069033,AGUAS,19.33467598,-99.1790471,0 a 5 personas,"Cafeterías, fuentes de sodas, neverías, refresquerías y similares",147,4.1
9908969,AGUAS ARTESANALES,19.28432583,-99.20025328,0 a 5 personas,"Cafeterías, fuentes de sodas, neverías, refresquerías y similares",194,2.0
9522459,AGUAS AXEL,19.42800432,-99.12334588,0 a 5 personas,"Cafeterías, fuentes de sodas, neverías, refresquerías y similares",73,4.3
7338481,AGUAS BULTY,19.37888613,-99.0874331,0 a 5 personas,"Cafeterías, fuentes de sodas, neverías, refresquerías y similares",214,4.5
7400289,AGUAS COCTELES Y MAS,19.43693311,-99.17452795,0 a 5 personas,"Cafeterías, fuentes de sodas, neverías, refresquerías y similares",307,3.8
11536530,AGUAS CON EL CHINO,19.40214705,-99.11769076,0 a 5 personas,"Cafeterías, fuentes de sodas, neverías, refresquerías y similares",169,4.1
803121,AGUAS CON LAS TORTAS,19.38817927,-99.07286281,6 a 10 personas,Restaurantes con servicio de preparación de tacos y tortas,319,3.9
8272887,AGUAS CON LAS TORTAS,19.47968876,-99.12358856,0 a 5 personas,Restaurantes con servicio de preparación de tacos y tortas,443,4.8
9185384,AGUAS DE COCOS,19.36488239,-99.288377,0 a 5 personas,Servicios de preparación de otros alimentos para consumo inmediato,320,2.4
879481,AGUAS DE FRUTA PURA VIDA,19.444916,-99.14446283,0 a 5 personas,"Cafeterías, fuentes de sodas, neverías, refresquerías y similares",86,2.8
702159,AGUAS DE FRUTA SIN NOMBRE,19.4277071,-99.12302049,0 a 5 personas,"Cafeterías, fuentes de sodas, neverías, refresquerías y similares",363,4.6
7153694,AGUAS DE FRUTAS,19.45203503,-99.0712308,0 a 5 personas,"Cafeterías, fuentes de sodas, neverías, refresquerías y similares",479,4.3
7736135,AGUAS DE FRUTAS EDY ROCK,19.37975208,-99.07716688,0 a 5 personas,"Cafeterías, fuentes de sodas, neverías, refresquerías y similares",230,4.3
10984501,AGUAS DE FRUTAS NATURALES,19.30548447,-99.08263146,0 a 5 personas,Servicios de preparación de otros alimentos para consumo inmediato,131,3.9
11420191,AGUAS DE LA PRIMERA,19.37003991,-99.02697674,0 a 5 personas,"Cafeterías, fuentes de sodas, neverías, refresquerías y similares",303,3.3
10376207,AGUAS DE MICHOACAN,19.35851091,-99.05514034,0 a 5 personas,"Cafeterías, fuentes de sodas, neverías, refresquerías y similares",361,4.8
10801534,AGUAS DE SABOR,19.36089713,-99.01977919,6 a 10 personas,"Cafeterías, fuentes de sodas, neverías, refresquerías y similares",286,3.8
9432272,AGUAS DE SABOR,19.51575903,-99.13217598,0 a 5 personas,"Cafeterías, fuentes de sodas, neverías, refresquerías y similares",62,4.5
8377287,AGUAS EL GUERO,19.39122586,-99.04732867,0 a 5 personas,"Cafeterías, fuentes de sodas, neverías, refresquerías y similares",212,4.9
739362,AGUAS EL NEVADO,19.46415428,-99.16904499,0 a 5 personas,Servicios de preparación de otros alimentos para consumo inmediato,213,3.0
819336,AGUAS ESKIMOS FRAPPES,19.4538868,-99.0648573,0 a 5 personas,"Cafeterías, fuentes de sodas, neverías, refresquerías y similares",379,4.6
9613550,AGUAS EXOTICAS SPIN,19.42942529,-99.14142656,0 a 5 personas,"Cafeterías, fuentes de sodas, neverías, refresquerías y similares",398,3.8
10102991,AGUAS FRESCAS,19.42488747,-99.13148497,0 a 5 personas,Servicios de preparación de otros alimentos para consumo inmediato,467,3.0
11308866,AGUAS FRESCAS,19.51660434,-99.13453694,0 a 5 personas,"Cafeterías, fuentes de sodas, neverías, refresquerías y similares",73,4.5
10022812,AGUAS FRESCAS,19.42145728,-99.16428894,0 a 5 personas,"Cafeterías, fuentes de sodas, neverías, refresquerías y similares",230,3.6
839579,AGUAS FRESCAS,19.30269668,-99.07206774,0 a 5 personas,Servicios de preparación de otros alimentos para consumo inmediato,76,3.7
10132219,AGUAS FRESCAS,19.4277071,-99.12302049,0 a 5 personas,Restaurantes con servicio de preparación de tacos y tortas,123,3.3
9614948,AGUAS FRESCAS,19.33753795,-99.05911313,0 a 5 personas,"Cafeterías, fuentes de sodas, neverías, refresquerías y similares",189,3.9
767839,AGUAS FRESCAS,19.4220889,-99.18227187,0 a 5 personas,Servicios de preparación de otros alimentos para consumo inmediato,192,4.0
11337990,AGUAS FRESCAS,19.2558074,-99.04424711,0 a 5 personas,Servicios de preparación de otros alimentos para consumo inmediato,52,3.8
791458,AGUAS FRESCAS 160,19.46166776,-99.11284661,0 a 5 personas,Servicios de preparación de otros alimentos para consumo inmediato,333,3.9
10035802,AGUAS FRESCAS BELLA,19.48498492,-99.12480402,0 a 5 personas,Servicios de preparación de otros alimentos para consumo inmediato,314,4.8
641533,AGUAS FRESCAS CARROUSEL,19.48261593,-99.21521346,0 a 5 personas,Restaurantes con servicio de preparación de alimentos a la carta o de comida corrida,472,4.2
766388,AGUAS FRESCAS DE FRUTA DE TEMPORADA SIN NOMBRE,19.50113244,-99.08558769,0 a 5 personas,Servicios de preparación de otros alimentos para consumo inmediato,79,4.5
10331917,AGUAS FRESCAS EL CAMPECHANO,19.46893045,-99.13685651,0 a 5 personas,"Cafeterías, fuentes de sodas, neverías, refresquerías y similares",106,4.9
795520,AGUAS FRESCAS EL CHARRO,19.45670864,-99.10419391,0 a 5 personas,Servicios de preparación de otros alimentos para consumo inmediato,328,4.6
649216,AGUAS FRESCAS EL OASIS,19.48350653,-99.18575436,0 a 5 personas,"Cafeterías, fuentes de sodas, neverías, refresquerías y similares",463,2.8
8139218,AGUAS FRESCAS EL TIBURON,19.35247987,-99.01433605,0 a 5 personas,"Cafeterías, fuentes de sodas, neverías, refresquerías y similares",369,3.6
791670,AGUAS FRESCAS ESQUIMOS RASPADOS,19.46166776,-99.11284661,0 a 5 personas,Servicios de preparación de otros alimentos para consumo inmediato,449,3.3
9068684,AGUAS FRESCAS FRUTA,19.41928471,-99.18726892,0 a 5 personas,Servicios de preparación de otros alimentos para consumo inmediato,169,4.7
655818,AGUAS FRESCAS LAS OLLAS,19.44419199,-99.09888233,0 a 5 personas,Servicios de preparación de otros alimentos para consumo inmediato,469,4.8
9677668,AGUAS FRESCAS LLUVIA DE ABRIL,19.35631353,-99.08141421,0 a 5 personas,Servicios de preparación de otros alimentos para consumo inmediato,335,4.4
11201081,AGUAS FRESCAS LOS VOLCANES,19.40214705,-99.11769076,0 a 5 personas,"Cafeterías, fuentes de sodas, neverías, refresquerías y similares",95,4.4
970983,AGUAS FRESCAS LUISITO,19.43697109,-99.12805707,0 a 5 personas,"Cafeterías, fuentes de sodas, neverías, refresquerías y similares",406,3.9
802218,AGUAS FRESCAS SALVADOR,19.46406741,-99.09891788,0 a 5 personas,Servicios de preparación de otros alimentos para consumo inmediato,129,3.6
10016692,AGUAS FRESCAS SIN NOMBR,19.40704271,-99.13952441,0 a 5 personas,"Cafeterías, fuentes de sodas, neverías, refresquerías y similares",305,4.1
7136313,AGUAS FRESCAS SIN NOMBRE,19.42072093,-99.09551625,0 a 5 personas,Servicios de preparación de otros alimentos para consumo inmediato,397,4.0
10153701,AGUAS FRESCAS SIN NOMBRE,19.38264034,-99.23724674,0 a 5 personas,"Cafeterías, fuentes de sodas, neverías, refresquerías y similares",423,3.5
892850,AGUAS FRESCAS SIN NOMBRE,19.42694266,-99.14280693,0 a 5 personas,Servicios de preparación de otros alimentos para consumo inmediato,453,4.2
9587136,AGUAS FRESCAS SIN NOMBRE,19.30772355,-99.13378607,0 a 5 personas,"Cafeterías, fuentes de sodas, neverías, refresquerías y similares",158,2.7
10047880,AGUAS FRESCAS SIN NOMBRE,19.25962819,-99.03148655,0 a 5 personas,Restaurantes con servicio de preparación de antojitos,105,4.0
740126,AGUAS FRESCAS SIN NOMBRE,19.48855803,-99.1343264,0 a 5 personas,"Cafeterías, fuentes de sodas, neverías, refresquerías y similares",270,3.8
9774667,AGUAS FRESCAS SIN NOMBRE,19.3576154,-99.001898,0 a 5 personas,"Cafeterías, fuentes de sodas, neverías, refresquerías y similares",287,3.7
11669772,AGUAS FRESCAS SIN NOMBRE,19.52129645,-99.15912416,0 a 5 personas,"Cafeterías, fuentes de sodas, neverías, refresquerías y similares",342,4.4
10668277,AGUAS FRESCAS SIN NOMBRE,19.335791,-99.02609176,0 a 5 personas,"Cafeterías, fuentes de sodas, neverías, refresquerías y similares",258,4.0
9814587,AGUAS FRESCAS SIN NOMBRE,19.51018575,-99.10743334,0 a 5 personas,"Cafeterías, fuentes de sodas, neverías, refresquerías y similares",239,4.1
9136664,AGUAS FRESCAS SIN NOMBRE,19.26148636,-99.10468386,0 a 5 personas,Servicios de preparación de otros alimentos para consumo inmediato,498,3.0
8508791,AGUAS FRESCAS SIN NOMBRE,19.25840296,-99.10550031,0 a 5 personas,Servicios de preparación de otros alimentos para consumo inmediato,206,3.9
809918,AGUAS FRESCAS SIN NOMBRE,19.49309565,-99.07692726,0 a 5 personas,Servicios de preparación de otros alimentos para consumo inmediato,175,4.2
1008584,AGUAS FRESCAS Y NIEVES 126,19.31159151,-99.15048334,0 a 5 personas,"Cafeterías, fuentes de sodas, neverías, refresquerías y similares",175,4.0
9915487,AGUAS FRESCAS Y POSTRES,19.29800497,-99.13894553,0 a 5 personas,"Cafeterías, fuentes de sodas, neverías, refresquerías y similares",177,2.6
10710347,AGUAS FRESCAS YOLO,19.46696753,-99.15892496,0 a 5 personas,"Cafeterías, fuentes de sodas, neverías, refresquerías y similares",142,4.7
7337873,AGUAS GASEOSAS,19.4111025,-99.11805003,0 a 5 personas,"Cafeterías, fuentes de sodas, neverías, refresquerías y similares",132,1.9
11502875,AGUAS GOSEN,19.44882582,-99.14543238,0 a 5 personas,"Cafeterías, fuentes de sodas, neverías, refresquerías y similares",92,4.7
999208,AGUAS IVAN,19.43196209,-99.12506851,0 a 5 personas,"Cafeterías, fuentes de sodas, neverías, refresquerías y similares",251,3.6
9214641,AGUAS JUGOS LICUADOS Y DESAYUNOS SIN NOMBRE,19.26148636,-99.10468386,0 a 5 personas,"Cafeterías, fuentes de sodas, neverías, refresquerías y similares",341,4.3
8529720,AGUAS JUGOS Y LICUADOS,19.4148773,-99.14506414,0 a 5 personas,"Cafeterías, fuentes de sodas, neverías, refresquerías y similares",424,3.3
641241,AGUAS JUGOS Y LICUADOS,19.48920191,-99.21645095,0 a 5 personas,"Cafeterías, fuentes de sodas, neverías, refresquerías y similares",194,3.9
10865169,AGUAS JUGOS Y LICUADOS ALEX,19.35428069,-99.30022305,0 a 5 personas,"Cafeterías, fuentes de sodas, neverías, refresquerías y similares",231,3.9
11058026,AGUAS JUGOS Y LICUADOS DON RICHARD,19.44559016,-99.18338708,0 a 5 personas,"Cafeterías, fuentes de sodas, neverías, refresquerías y similares",194,3.8
9340299,AGUAS JUGOS Y LICUADOS EL GALLO,19.3942463,-99.208323,0 a 5 personas,"Cafeterías, fuentes de sodas, neverías, refresquerías y similares",209,4.3
649436,AGUAS JUGOS Y LICUADOS LALOS,19.48350653,-99.18575436,0 a 5 personas,"Cafeterías, fuentes de sodas, neverías, refresquerías y similares",449,4.0
9823003,AGUAS LA ARTESANAL,19.2766132,-99.20867711,0 a 5 personas,Servicios de preparación de otros alimentos para consumo inmediato,356,3.1
11112094,AGUAS LA GUERA,19.4281429,-99.13239888,0 a 5 personas,Restaurantes con servicio de preparación de tacos y tortas,421,4.3
8612232,AGUAS LICUADOS MARACUYA,19.35690163,-99.05401108,0 a 5 personas,"Cafeterías, fuentes de sodas, neverías, refresquerías y similares",492,3.8
835347,AGUAS LICUADOS SIN NOMBRE,19.30475773,-99.06026285,0 a 5 personas,Servicios de preparación de otros alimentos para consumo inmediato,304,4.0
9544598,AGUAS LICUADOS TORTAS SANWICHES Y ALGO MAS SIN NOMBRE,19.37435193,-99.18884355,0 a 5 personas,Restaurantes con servicio de preparación de tacos y tortas,328,4.6
751396,AGUAS LICUADOS Y FRUTA PICADA,19.35988931,-99.09106577,0 a 5 personas,Servicios de preparación de otros alimentos para consumo inmediato,193,4.0
7444443,AGUAS LICUADOS Y JUGOS,19.41769789,-99.18721696,0 a 5 personas,Servicios de preparación de otros alimentos para consumo inmediato,81,3.4
11734543,AGUAS LOS NONIS,19.42556397,-99.12522028,0 a 5 personas,"Cafeterías, fuentes de sodas, neverías, refresquerías y similares",115,3.1
10329028,AGUAS LOS PRIMOS,19.37833453,-99.2264573,0 a 5 personas,Servicios de preparación de otros alimentos para consumo inmediato,409,4.0
11111599,AGUAS LULU,19.4462396,-99.06314973,0 a 5 personas,"Cafeterías, fuentes de sodas, neverías, refresquerías y similares",375,3.1
10936857,AGUAS MAXI,19.48350653,-99.18575436,0 a 5 personas,"Cafeterías, fuentes de sodas, neverías, refresquerías y similares",251,3.6
11639440,AGUAS MILA,19.24025226,-99.09899498,0 a 5 personas,"Cafeterías, fuentes de sodas, neverías, refresquerías y similares",239,4.1
11249171,AGUAS NICO,19.37269027,-99.18900225,0 a 5 personas,"Cafeterías, fuentes de sodas, neverías, refresquerías y similares",463,2.5
9727562,AGUAS NISA,19.51664554,-99.14605994,0 a 5 personas,"Cafeterías, fuentes de sodas, neverías, refresquerías y similares",164,3.0
7837476,AGUAS SAMY,19.42553092,-99.12522611,0 a 5 personas,"Cafeterías, fuentes de sodas, neverías, refresquerías y similares",469,3.8
847783,AGUAS SIN NOMBRE,19.32347687,-99.17296755,0 a 5 personas,"Cafeterías, fuentes de sodas, neverías, refresquerías y similares",311,4.3
1045541,AGUAS SIN NOMBRE,19.45209401,-99.16044664,0 a 5 personas,"Cafeterías, fuentes de sodas, neverías, refresquerías y similares",350,4.2
9006601,AGUAS TORRES,19.42736898,-99.14950337,0 a 5 personas,"Cafeterías, fuentes de sodas, neverías, refresquerías y similares",338,3.9
956977,AGUAS Y COCTELES 350,19.44370115,-99.13512769,0 a 5 personas,"Cafeterías, fuentes de sodas, neverías, refresquerías y similares",54,3.9
9492960,AGUAS Y COCTELES DE FRUTA SIN NOMBRE,19.22262896,-98.96546548,0 a 5 personas,"Cafeterías, fuentes de sodas, neverías, refresquerías y similares",361,4.0
7743343,AGUAS Y CREMA DE COCOS,19.45209401,-99.16044664,0 a 5 personas,"Cafeterías, fuentes de sodas, neverías, refresquerías y similares",77,3.2
11573783,AGUAS Y ENSALADAS 43,19.42782504,-99.06962187,0 a 5 personas,"Cafeterías, fuentes de sodas, neverías, refresquerías y similares",440,3.8
743011,AGUAS Y ESQUIMOS LOS ALPES,19.4758776,-99.15394677,0 a 5 personas,"Cafeterías, fuentes de sodas, neverías, refresquerías y similares",287,4.4
799387,AGUAS Y ESQUIMOS SIN NOMBRE,19.39105152,-99.09451512,0 a 5 personas,"Cafeterías, fuentes de sodas, neverías, refresquerías y similares",108,4.4
879579,AGUAS Y FRUTA PURA VIDA,19.444916,-99.14446283,0 a 5 personas,"Cafeterías, fuentes de sodas, neverías, refresquerías y similares",452,4.5
10048392,AGUAS Y FRUTAS,19.25665968,-99.109601,0 a 5 personas,"Cafeterías, fuentes de sodas, neverías, refresquerías y similares",367,4.4
982185,AGUAS Y FRUTAS ROSMAR,19.26172437,-99.10397083,0 a 5 personas,Servicios de preparación de otros alimentos para consumo inmediato,348,4.6
9730453,AGUAS Y HAMBURGUESAS DEL PATO,19.48081288,-99.10364205,0 a 5 personas,Restaurantes con servicio de preparación de alimentos a la carta o de comida corrida,99,2.8
7983532,AGUAS Y JUGOS,19.40545716,-99.17917781,0 a 5 personas,"Cafeterías, fuentes de sodas, neverías, refresquerías y similares",291,3.6
1020148,AGUAS Y JUGOS,19.4353679,-99.16758856,0 a 5 personas,"Cafeterías, fuentes de sodas, neverías, refresquerías y similares",486,4.0
7444557,AGUAS Y JUGOS JUAN,19.4254632,-99.17694447,0 a 5 personas,"Cafeterías, fuentes de sodas, neverías, refresquerías y similares",169,4.0
11614599,AGUAS Y JUGOS LA SAMARITANA,19.36071118,-99.09391168,0 a 5 personas,"Cafeterías, fuentes de sodas, neverías, refresquerías y similares",407,4.2
9553963,AGUAS Y JUGOS SIN NOMBRE,19.5014504,-99.20202178,0 a 5 personas,"Cafeterías, fuentes de sodas, neverías, refresquerías y similares",87,4.6
982077,AGUAS Y LICUADOS,19.26172437,-99.10397083,0 a 5 personas,"Cafeterías, fuentes de sodas, neverías, refresquerías y similares",280,3.7
956867,AGUAS Y LICUADOS,19.44370115,-99.13512769,0 a 5 personas,"Cafeterías, fuentes de sodas, neverías, refresquerías y similares",450,4.0
8117074,AGUAS Y LICUADOS BETTY BOOP,19.50012163,-99.14947871,0 a 5 personas,"Cafeterías, fuentes de sodas, neverías, refresquerías y similares",260,3.0
785604,AGUAS Y LICUADOS DON CANDIDO,19.40214705,-99.11769076,0 a 5 personas,Servicios de preparación de otros alimentos para consumo inmediato,332,3.9
10706871,AGUAS Y LICUADOS FERNANDO,19.32807902,-99.04353185,0 a 5 personas,"Cafeterías, fuentes de sodas, neverías, refresquerías y similares",214,4.4
703441,AGUAS Y LICUADOS NOE,19.41855589,-99.12696508,0 a 5 personas,"Cafeterías, fuentes de sodas, neverías, refresquerías y similares",432,4.2
640151,AGUAS Y LICUADOS SIN NOMBRE,19.44048894,-99.11433548,0 a 5 personas,Servicios de preparación de otros alimentos para consumo inmediato,312,3.8
8616411,AGUAS Y LICUADOS SIN NOMBRE,19.42946625,-99.14065272,0 a 5 personas,"Cafeterías, fuentes de sodas, neverías, refresquerías y similares",343,3.2
636405,AGUAS Y RASPADOS TIO PORFIS,19.44048894,-99.11433548,0 a 5 personas,"Cafeterías, fuentes de sodas, neverías, refresquerías y similares",258,4.3
7768713,AGUJAS Y LICUADOS SIN NOMBRE,19.46881827,-99.13957537,0 a 5 personas,"Cafeterías, fuentes de sodas, neverías, refresquerías y similares",426,4.1
7760834,AH MAR MARISQUERIA,19.31452548,-99.12454947,6 a 10 personas,Restaurantes con servicio de preparación de alimentos a la carta o de comida corrida,206,3.2
10535100,AHANERA RESTAURANTE,19.42002457,-99.15949503,31 a 50 personas,Restaurantes con servicio de preparación de alimentos a la carta o de comida corrida,356,3.8
10379363,AHAU CAFE,19.37970077,-99.17497365,0 a 5 personas,"Cafeterías, fuentes de sodas, neverías, refresquerías y similares",413,3.7
11078511,AHB COMIDA,19.34626111,-99.06828941,0 a 5 personas,Restaurantes con servicio de preparación de alimentos a la carta o de comida corrida,152,3.4
7717647,AHOGADOS MX,19.34445866,-99.16400219,0 a 5 personas,Restaurantes con servicio de preparación de tacos y tortas,448,4.0
11485146,AHUMADOS PELICAN,19.45180642,-99.15722097,11 a 30 personas,Restaurantes con servicio de preparación de alimentos a la carta o de comida corrida,193,2.9
11493222,AIGONCITO,19.41770896,-99.16778527,0 a 5 personas,Servicios de preparación de alimentos en unidades móviles,146,3.8
9848675,AJE AYE,19.41409529,-99.14293359,0 a 5 personas,Restaurantes con servicio de preparación de alimentos a la carta o de comida corrida,316,3.5
895379,AJENO,19.41786414,-99.16074357,11 a 30 personas,Restaurantes con servicio de preparación de alimentos a la carta o de comida corrida,466,4.0
9501040,AJLA GOURMET,19.43728206,-99.21079953,0 a 5 personas,Restaurantes con servicio de preparación de alimentos a la carta o de comida corrida,401,4.3
937090,AJOLOTARIO APANTLI,19.26438972,-99.09054847,0 a 5 personas,Restaurantes con servicio de preparación de antojitos,286,4.9
11177051,AJOLOTE CAFE,19.31280639,-99.16236847,0 a 5 personas,"Cafeterías, fuentes de sodas, neverías, refresquerías y similares",141,4.2
8584398,AJOLOTE DORADO ANTOJITOS MEXICCANOS,19.34136797,-99.14016376,0 a 5 personas,Restaurantes que preparan otro tipo de alimentos para llevar,432,4.4
7737001,AJOS Y CEBOLLAS,19.38674241,-99.06850525,0 a 5 personas,"Restaurantes con servicio de preparación de pizzas, hamburguesas, hot dogs y pollos rostizados para llevar",197,3.0
8714531,AJUSQUITO DE MIS AMORES,19.21747041,-99.20649762,0 a 5 personas,Restaurantes con servicio de preparación de alimentos a la carta o de comida corrida,78,4.2
9202983,AKA LAS ALITAS,19.34276802,-99.00976986,0 a 5 personas,Restaurantes de autoservicio,65,4.1
7399869,AKA SUSHI,19.4583233,-99.21426563,0 a 5 personas,Restaurantes de autoservicio,399,3.7
8338693,AKARMAN VEGA FOOD,19.42990639,-99.15781679,0 a 5 personas,Restaurantes con servicio de preparación de alimentos a la carta o de comida corrida,450,4.5
8276753,AKE SUSHI,19.45894484,-99.11181909,0 a 5 personas,Restaurantes de autoservicio,490,3.9
9761080,AKITA RAMEL,19.43389409,-99.14100886,0 a 5 personas,Restaurantes con servicio de preparación de alimentos a la carta o de comida corrida,255,4.4
982356,AKIZU KAFE,19.32107947,-99.13265487,0 a 5 personas,"Cafeterías, fuentes de sodas, neverías, refresquerías y similares",265,4.3
10573836,AKUNI,19.43616955,-99.17627486,6 a 10 personas,Restaurantes con servicio de preparación de alimentos a la carta o de comida corrida,342,2.6
7400351,AKUNI ENSALADAS,19.43532369,-99.17575459,6 a 10 personas,Servicios de preparación de otros alimentos para consumo inmediato,382,3.3
11471443,AKYMBO CAFE,19.37946387,-99.15221544,6 a 10 personas,"Cafeterías, fuentes de sodas, neverías, refresquerías y similares",67,3.9
1023658,AKYMBO CAFE,19.32051565,-99.24127631,0 a 5 personas,"Cafeterías, fuentes de sodas, neverías, refresquerías y similares",376,4.7
1025389,AL BAT,19.4297857,-99.16283015,11 a 30 personas,Restaurantes con servicio de preparación de tacos y tortas,429,3.8
659180,AL CARBON TODOS CONTENTOS,19.36148107,-99.11973092,6 a 10 personas,Restaurantes que preparan otro tipo de alimentos para llevar,226,2.8
665720,AL CHILAQUIL,19.47819162,-99.15362216,0 a 5 personas,"Cafeterías, fuentes de sodas, neverías, refresquerías y similares",188,2.4
9636179,AL CHILE QUILL,19.41750096,-99.11668881,0 a 5 personas,Restaurantes con servicio de preparación de alimentos a la carta o de comida corrida,490,4.4
10742000,AL CHILITO,19.28950618,-99.12172709,0 a 5 personas,Restaurantes que preparan otro tipo de alimentos para llevar,258,3.3
10894982,AL ESTILO JALISCO POZOLITO,19.49433431,-99.11541816,0 a 5 personas,Restaurantes con servicio de preparación de antojitos,68,3.4
11526539,AL GRANO CAFE,19.33429195,-99.17871067,0 a 5 personas,"Cafeterías, fuentes de sodas, neverías, refresquerías y similares",119,4.0
7765803,AL GUSTO,19.46031266,-99.13133713,0 a 5 personas,"Cafeterías, fuentes de sodas, neverías, refresquerías y similares",165,4.0
7268699,AL MOLLETO PIZZAS,19.40876661,-99.1246804,0 a 5 personas,"Restaurantes con servicio de preparación de pizzas, hamburguesas, hot dogs y pollos rostizados para llevar",358,3.3
9703880,AL SABOR DE LAS KSADILLAS,19.40874874,-99.12625628,0 a 5 personas,Restaurantes con servicio de preparación de antojitos,59,3.7
904508,AL SAZON DEL CHEF,19.36192329,-99.14581341,6 a 10 personas,Restaurantes con servicio de preparación de alimentos a la carta o de comida corrida,306,3.2
7732790,AL STER CAFE,19.42668104,-99.16354056,0 a 5 personas,"Cafeterías, fuentes de sodas, neverías, refresquerías y similares",306,3.4
9612854,AL SULTAN,19.34618103,-99.19027639,0 a 5 personas,Restaurantes con servicio de preparación de alimentos a la carta o de comida corrida,96,1.7
10718943,ALA BURGUER,19.47693915,-99.06686542,0 a 5 personas,Restaurantes de autoservicio,279,3.0
11801470,ALA GALLINA,19.46207092,-99.1454335,0 a 5 personas,"Restaurantes con servicio de preparación de pizzas, hamburguesas, hot dogs y pollos rostizados para llevar",204,2.6
9969626,ALA MAYE,19.40816547,-99.19113458,0 a 5 personas,Restaurantes con servicio de preparación de tacos y tortas,202,3.0
11519842,ALA NEGRA,19.37395484,-99.19828858,0 a 5 personas,"Restaurantes con servicio de preparación de pizzas, hamburguesas, hot dogs y pollos rostizados para llevar",267,4.6
8139104,ALABURGER,19.34970996,-99.02632017,0 a 5 personas,"Restaurantes con servicio de preparación de pizzas, hamburguesas, hot dogs y pollos rostizados para llevar",152,4.7
933646,ALADINOS CAFE,19.37193314,-99.17130615,0 a 5 personas,Restaurantes con servicio de preparación de tacos y tortas,443,4.6
11104642,ALAMBIQUE GREELL,19.42933133,-99.15517433,6 a 10 personas,Restaurantes con servicio de preparación de alimentos a la carta o de comida corrida,213,3.6
10197002,ALAMBRES EL MANA,19.40186377,-99.11792187,0 a 5 personas,Restaurantes con servicio de preparación de tacos y tortas,479,4.2
11809196,ALAMBRES VC,19.33520767,-99.18147123,0 a 5 personas,Restaurantes con servicio de preparación de tacos y tortas,441,4.1
9616645,ALAMEDA HOUSE,19.43444668,-99.14486235,11 a 30 personas,"Cabañas, villas y similares",495,3.5
6873709,ALAMEDA WING STOP,19.43328618,-99.14395296,11 a 30 personas,Restaurantes de autoservicio,462,4.5
10822676,ALAN SNACKS,19.47596872,-99.15834439,0 a 5 personas,Restaurantes con servicio de preparación de alimentos a la carta o de comida corrida,102,3.8
9783549,ALAS ALITAS,19.31544874,-99.14804143,0 a 5 personas,Restaurantes de autoservicio,411,4.5
7299145,ALAS DRINK,19.37042322,-99.21623288,0 a 5 personas,"Restaurantes con servicio de preparación de pizzas, hamburguesas, hot dogs y pollos rostizados para llevar",53,4.1
11454909,ALAS K,19.43462599,-99.15189277,6 a 10 personas,Restaurantes con servicio de preparación de alimentos a la carta o de comida corrida,98,5.0
8584237,ALAS Y COSTILLAS,19.32007437,-99.13669303,0 a 5 personas,"Restaurantes con servicio de preparación de pizzas, hamburguesas, hot dogs y pollos rostizados para llevar",161,3.5
10193927,ALAY ALAY,19.38128652,-99.17052003,0 a 5 personas,Restaurantes con servicio de preparación de alimentos a la carta o de comida corrida,246,3.3
9868610,ALBA CORTEZ PALACIOS,19.33337691,-99.05241743,0 a 5 personas,"Cafeterías, fuentes de sodas, neverías, refresquerías y similares",219,4.0
9446401,ALBAHACA,19.37327575,-99.1524117,0 a 5 personas,Restaurantes con servicio de preparación de alimentos a la carta o de comida corrida,167,3.7
11505517,ALBEK CAFE,19.42133947,-99.20927515,0 a 5 personas,Restaurantes con servicio de preparación de alimentos a la carta o de comida corrida,124,3.2
905815,ALBEK DELISS,19.34239398,-99.17149542,6 a 10 personas,Restaurantes que preparan otro tipo de alimentos para llevar,370,4.3
10895001,ALBERGUE ALPINO,19.22711995,-99.26691391,0 a 5 personas,Campamentos y albergues recreativos,254,3.6
8782792,ALBERTO DAVID AHUMADA CARMONA,19.34538388,-98.99732754,0 a 5 personas,"Cafeterías, fuentes de sodas, neverías, refresquerías y similares",133,2.9
7715005,ALCATRAZ RESTAURANTE,19.43894318,-99.07707301,6 a 10 personas,Restaurantes con servicio de preparación de alimentos a la carta o de comida corrida,83,3.0
9212851,ALCAZAR,19.37799965,-99.16714095,0 a 5 personas,"Cafeterías, fuentes de sodas, neverías, refresquerías y similares",402,4.2
10149516,ALCHEF,19.46915995,-99.11946197,0 a 5 personas,Restaurantes con servicio de preparación de alimentos a la carta o de comida corrida,63,3.9
9980166,ALCHILAQUIL KRNL,19.48891805,-99.12471818,0 a 5 personas,Restaurantes con servicio de preparación de alimentos a la carta o de comida corrida,486,4.0
11837648,ALCOHOLICOS ANONIMOS ACERO,19.45349756,-99.12769909,11 a 30 personas,Servicios de comedor para empresas e instituciones,381,2.3
9299141,ALDEAS AJUSCO,19.23706636,-99.23442934,0 a 5 personas,Hoteles con otros servicios integrados,252,2.5
10925102,ALEBRIJE CAFE,19.47503737,-99.06499386,0 a 5 personas,"Cafeterías, fuentes de sodas, neverías, refresquerías y similares",306,2.6
10126515,ALEGRE CAFE,19.41591299,-99.16540758,0 a 5 personas,"Cafeterías, fuentes de sodas, neverías, refresquerías y similares",287,4.7
10026588,ALEJANDRO REYES CORTES,19.33552877,-99.04264606,0 a 5 personas,Servicios de preparación de alimentos para ocasiones especiales,313,2.8
9657840,ALESIA MEDITERRANEO RESTAURANTE,19.31740518,-99.21202452,31 a 50 personas,Restaurantes con servicio de preparación de alimentos a la carta o de comida corrida,451,3.1
9746384,ALEX PIZZA,19.34953727,-99.161491,11 a 30 personas,"Restaurantes con servicio de preparación de pizzas, hamburguesas, hot dogs y pollos rostizados para llevar",438,3.9
1051513,ALEX PIZZA,19.33110778,-99.21003955,11 a 30 personas,"Restaurantes con servicio de preparación de pizzas, hamburguesas, hot dogs y pollos rostizados para llevar",432,4.2
10998028,ALEX Y CRISTIAN CARNITAS,19.35212903,-99.01039244,0 a 5 personas,Restaurantes con servicio de preparación de antojitos,177,4.1
9010482,ALEXPRESSO CAFETERIA,19.50159529,-99.12217351,0 a 5 personas,Restaurantes con servicio de preparación de alimentos a la carta o de comida corrida,272,3.1
8485088,ALFA PIZZA,19.45897532,-99.12850688,0 a 5 personas,"Restaurantes con servicio de preparación de pizzas, hamburguesas, hot dogs y pollos rostizados para llevar",116,3.0
1044461,ALFA PIZZA,19.42315977,-99.1296864,0 a 5 personas,"Restaurantes con servicio de preparación de pizzas, hamburguesas, hot dogs y pollos rostizados para llevar",199,2.8
9201214,ALFA PIZZA,19.43818729,-99.13135215,0 a 5 personas,"Restaurantes con servicio de preparación de pizzas, hamburguesas, hot dogs y pollos rostizados para llevar",183,4.7
9576552,ALFA PIZZAS,19.39783851,-99.07244426,0 a 5 personas,"Restaurantes con servicio de preparación de pizzas, hamburguesas, hot dogs y pollos rostizados para llevar",393,2.1
9955177,ALFALFA,19.30770294,-99.13373956,0 a 5 personas,Restaurantes de autoservicio,460,4.7
9661830,ALFIL PASTELERIA Y CAFE,19.42645986,-99.15961808,0 a 5 personas,Servicios de preparación de otros alimentos para consumo inmediato,262,3.8
6855314,ALFREDO DI ROMA ,19.42778006,-99.19357525,51 a 100 personas,Restaurantes con servicio de preparación de alimentos a la carta o de comida corrida,86,3.1
979745,ALGO BIEN,19.362614,-99.15895729,0 a 5 personas,Restaurantes que preparan otro tipo de alimentos para llevar,170,3.6
9074402,ALGO DELICIOSO,19.55554659,-99.13368795,0 a 5 personas,"Cafeterías, fuentes de sodas, neverías, refresquerías y similares",275,4.6
691797,ALGODON DE AZUCAR Y PALOMITAS,19.42224508,-99.18417879,0 a 5 personas,Servicios de preparación de otros alimentos para consumo inmediato,340,4.5
691780,ALGODON DE AZUCAR Y PALOMITAS,19.42174757,-99.18341275,0 a 5 personas,Servicios de preparación de otros alimentos para consumo inmediato,432,3.6
767909,ALGODON DE AZUCAR Y PALOMITAS DE MAIZ,19.42143074,-99.18597046,0 a 5 personas,Servicios de preparación de otros alimentos para consumo inmediato,85,4.3
767866,ALGODONES Y PALOMITAS DE MAIZ,19.42413989,-99.18467872,0 a 5 personas,Servicios de preparación de otros alimentos para consumo inmediato,238,3.1
10650791,ALIANZA DO BRASIL,19.37881031,-99.09559495,11 a 30 personas,Restaurantes con servicio de preparación de alimentos a la carta o de comida corrida,296,3.4
11345046,ALICE WONDERLAND,19.3310051,-99.01754276,0 a 5 personas,Restaurantes con servicio de preparación de antojitos,267,4.7
9968484,ALICIA SANTIAGO RAMIREZ,19.4276823,-99.12063138,0 a 5 personas,Restaurantes que preparan otro tipo de alimentos para llevar,429,4.4
11448062,ALIMENTACION NUTRICIONAL HERBALIFE,19.31503272,-99.22720365,0 a 5 personas,Servicios de preparación de otros alimentos para consumo inmediato,306,3.1
10598905,ALIMENTACION PARA CALIDAD DE VIDA,19.38707442,-99.17085059,31 a 50 personas,Servicios de preparación de alimentos para ocasiones especiales,225,4.6
11721646,ALIMENTO PARA TODOS,19.36475515,-99.19424001,6 a 10 personas,Restaurantes con servicio de preparación de antojitos,260,2.9
11430385,ALIMENTOS,19.2655657,-99.2096597,0 a 5 personas,Restaurantes con servicio de preparación de antojitos,267,4.3
669516,ALIMENTOS,19.55526226,-99.14220155,0 a 5 personas,"Cafeterías, fuentes de sodas, neverías, refresquerías y similares",392,4.0
11432471,ALIMENTOS,19.26889361,-99.22519068,0 a 5 personas,"Cafeterías, fuentes de sodas, neverías, refresquerías y similares",396,4.2
10568080,ALIMENTOS BAYRON,19.35971675,-99.16497269,0 a 5 personas,Restaurantes con servicio de preparación de antojitos,372,4.0
9162574,ALIMENTOS CALDOS DE GALLINA EL CHINO,19.39442359,-99.19971539,0 a 5 personas,Restaurantes con servicio de preparación de antojitos,126,4.0
11721655,ALIMENTOS CONTEMPORANEOS PEDREGAL,19.39865492,-99.19285039,31 a 50 personas,Servicios de comedor para empresas e instituciones,472,3.1
10859028,ALIMENTOS DONKEY PATH,19.44696185,-99.16704574,0 a 5 personas,Restaurantes que preparan otro tipo de alimentos para llevar,52,3.6
1011271,ALIMENTOS EL FURGON,19.30515099,-99.23656767,0 a 5 personas,Restaurantes con servicio de preparación de tacos y tortas,75,4.4
10345599,ALIMENTOS HERBALIFE,19.2594944,-99.10758553,0 a 5 personas,Servicios de preparación de otros alimentos para consumo inmediato,488,3.8
11017501,ALIMENTOS LA CHINA ITSMEÑA,19.3526694,-99.16509221,0 a 5 personas,Restaurantes con servicio de preparación de alimentos a la carta o de comida corrida,52,4.3
7262173,ALIMENTOS MARIOS,19.38725848,-99.21290818,0 a 5 personas,Restaurantes con servicio de preparación de tacos y tortas,361,2.7
859234,ALIMENTOS PREPARADOS,19.2955408,-99.16004551,0 a 5 personas,Restaurantes que preparan otro tipo de alimentos para llevar,333,3.0
853647,ALIMENTOS PREPARADOS EL GOURMECITO,19.28290561,-99.22931167,6 a 10 personas,"Restaurantes con servicio de preparación de pizzas, hamburguesas, hot dogs y pollos rostizados para llevar",288,2.9
847714,ALIMENTOS PREPARADOS Y BEBIDAS NO ALCOHOLICAS,19.33487625,-99.18124938,0 a 5 personas,"Cafeterías, fuentes de sodas, neverías, refresquerías y similares",293,3.4
847720,ALIMENTOS PREPARADOS Y BEBIDAS NO ALCOHOLICAS,19.33516487,-99.18346834,0 a 5 personas,Restaurantes con servicio de preparación de tacos y tortas,476,4.2
10858610,ALIMENTOS PROCESADOS LOS DE LA BANQUETA,19.28591664,-99.12025889,0 a 5 personas,"Restaurantes con servicio de preparación de pizzas, hamburguesas, hot dogs y pollos rostizados para llevar",79,4.9
9196093,ALIMENTOS SALUDABLES,19.4273905,-99.12632684,0 a 5 personas,Restaurantes con servicio de preparación de antojitos,392,4.2
10985418,ALIMENTOS SANOS VENTA DE ALIMENTOS,19.40434936,-99.24171495,6 a 10 personas,"Cafeterías, fuentes de sodas, neverías, refresquerías y similares",451,4.3
10452290,ALIMENTOS SIN NOMBRE,19.32939468,-99.04909082,0 a 5 personas,"Cafeterías, fuentes de sodas, neverías, refresquerías y similares",54,4.7
10640309,ALIMENTOS SIN NOMBRE,19.42267046,-99.12597091,0 a 5 personas,Restaurantes que preparan otro tipo de alimentos para llevar,391,4.3
8387457,ALIMENTOS TETE,19.36873567,-99.17767397,0 a 5 personas,Restaurantes que preparan otro tipo de alimentos para llevar,158,3.0
8602842,ALIMENTOS Y ABARROTES DEL BARRIO,19.29552631,-99.17549098,0 a 5 personas,Restaurantes con servicio de preparación de antojitos,366,4.0
9770666,ALIMENTOS Y BEBIDAS,19.29611886,-99.01414984,0 a 5 personas,Servicios de preparación de otros alimentos para consumo inmediato,306,4.2
11501564,ALIMENTOS Y BEBIDAS PREPARADOS,19.42566386,-99.19242475,0 a 5 personas,Restaurantes con servicio de preparación de antojitos,113,4.4
10161126,ALIMENTOS Y BEBIDAS SIN NOMBRE,19.46697781,-99.15899164,0 a 5 personas,"Cafeterías, fuentes de sodas, neverías, refresquerías y similares",268,4.9
9440792,ALIMENTOS Y HOSPEDAJES CASA PRIM,19.4305166,-99.15523541,11 a 30 personas,Hoteles con otros servicios integrados,191,2.6
9468808,ALIMENTOS Y SERVICIOS CLB COORPORATIVO,19.40874494,-99.16219299,6 a 10 personas,Restaurantes de autoservicio,346,3.7
914572,ALITA FELIZ DANA,19.26866803,-99.24199038,0 a 5 personas,"Restaurantes con servicio de preparación de pizzas, hamburguesas, hot dogs y pollos rostizados para llevar",303,4.0
9865787,ALITAS,19.33471277,-99.03122975,0 a 5 personas,"Restaurantes con servicio de preparación de pizzas, hamburguesas, hot dogs y pollos rostizados para llevar",122,2.6
11479350,ALITAS,19.45665454,-99.16297087,0 a 5 personas,"Restaurantes con servicio de preparación de pizzas, hamburguesas, hot dogs y pollos rostizados para llevar",230,3.8
10269192,ALITAS,19.36031725,-99.12778675,0 a 5 personas,"Restaurantes con servicio de preparación de pizzas, hamburguesas, hot dogs y pollos rostizados para llevar",266,3.2
10378448,ALITAS,19.28103999,-99.19157186,0 a 5 personas,"Restaurantes con servicio de preparación de pizzas, hamburguesas, hot dogs y pollos rostizados para llevar",464,3.7
9966545,ALITAS,19.56010487,-99.13868421,0 a 5 personas,"Bares, cantinas y similares",171,3.3
11279939,ALITAS,19.4667873,-99.13850184,0 a 5 personas,Restaurantes de autoservicio,364,4.2
11252048,ALITAS,19.57606301,-99.13282416,0 a 5 personas,Restaurantes de autoservicio,273,3.5
11293889,ALITAS,19.57672261,-99.13107538,0 a 5 personas,Restaurantes de autoservicio,499,4.1
11434276,ALITAS,19.34222549,-99.07353557,0 a 5 personas,"Restaurantes con servicio de preparación de pizzas, hamburguesas, hot dogs y pollos rostizados para llevar",289,4.0
718314,ALITAS,19.38831529,-99.08189457,0 a 5 personas,"Restaurantes con servicio de preparación de pizzas, hamburguesas, hot dogs y pollos rostizados para llevar",342,4.5
10445177,ALITAS,19.32659733,-99.28350451,0 a 5 personas,Restaurantes con servicio de preparación de antojitos,293,4.5
11806142,ALITAS & SNACKS EL LICENCIADO,19.32881189,-99.04879814,0 a 5 personas,Restaurantes de autoservicio,99,4.2
7642696,ALITAS A LA BBQ SAN SALVADOR,19.1926922,-99.09176579,0 a 5 personas,"Restaurantes con servicio de preparación de pizzas, hamburguesas, hot dogs y pollos rostizados para llevar",243,4.7
10206753,ALITAS A LA PARRILLA EL ANGEL AZADOR,19.43001171,-99.09494256,0 a 5 personas,Restaurantes de autoservicio,63,4.2
8228818,ALITAS AIDE,19.45131266,-99.18278106,0 a 5 personas,"Restaurantes con servicio de preparación de pizzas, hamburguesas, hot dogs y pollos rostizados para llevar",448,3.6
9949679,ALITAS AL CARBON SIN NOMBRE,19.56772365,-99.12681263,0 a 5 personas,"Restaurantes con servicio de preparación de pizzas, hamburguesas, hot dogs y pollos rostizados para llevar",330,4.3
11748159,ALITAS AL CARBON VIKINGOS,19.28359464,-99.20966694,0 a 5 personas,"Restaurantes con servicio de preparación de pizzas, hamburguesas, hot dogs y pollos rostizados para llevar",397,3.3
10695441,ALITAS AL CARBON W&W,19.497292,-99.18638557,0 a 5 personas,Restaurantes de autoservicio,289,3.6
10287503,ALITAS ALA MADRE,19.32742092,-99.04936179,0 a 5 personas,Restaurantes de autoservicio,57,4.4
9854668,ALITAS ALAMO,19.46410592,-99.15155597,0 a 5 personas,"Restaurantes con servicio de preparación de pizzas, hamburguesas, hot dogs y pollos rostizados para llevar",235,3.4
9692125,ALITAS ALE,19.32792085,-99.02274141,0 a 5 personas,Restaurantes de autoservicio,427,3.8
7791753,ALITAS ALI,19.37268259,-99.03851584,0 a 5 personas,Restaurantes con servicio de preparación de antojitos,297,3.6
9548357,ALITAS AY JOSS,19.32954342,-99.04999003,0 a 5 personas,Restaurantes de autoservicio,489,4.0
9533358,ALITAS BAR BEGUE,19.32954044,-99.12939829,0 a 5 personas,"Restaurantes con servicio de preparación de pizzas, hamburguesas, hot dogs y pollos rostizados para llevar",447,4.4
11626419,ALITAS BATS,19.33517934,-99.05516819,0 a 5 personas,Restaurantes de autoservicio,133,3.6
9338800,ALITAS BBQ Y SNCKS,19.45911081,-99.1051476,0 a 5 personas,"Restaurantes con servicio de preparación de pizzas, hamburguesas, hot dogs y pollos rostizados para llevar",91,4.0
650459,ALITAS BEBA,19.44245301,-99.10749463,0 a 5 personas,"Restaurantes con servicio de preparación de pizzas, hamburguesas, hot dogs y pollos rostizados para llevar",318,4.2
7729528,ALITAS BERENICE COLLAZO GARCIA,19.28407577,-99.20803651,0 a 5 personas,"Restaurantes con servicio de preparación de pizzas, hamburguesas, hot dogs y pollos rostizados para llevar",68,4.5
9941886,ALITAS BUFFALO,19.55542275,-99.13033392,0 a 5 personas,Restaurantes de autoservicio,83,4.1
11517741,ALITAS CHINGONAS,19.43981994,-99.1290598,0 a 5 personas,"Restaurantes con servicio de preparación de pizzas, hamburguesas, hot dogs y pollos rostizados para llevar",406,3.3
9993133,ALITAS CIVIL,19.41673774,-99.07653464,0 a 5 personas,"Bares, cantinas y similares",223,3.7
7444343,ALITAS CLAUDIA Y ALGO MAS,19.40437368,-99.19483145,0 a 5 personas,"Restaurantes con servicio de preparación de pizzas, hamburguesas, hot dogs y pollos rostizados para llevar",265,3.7
11361094,ALITAS CRAZY,19.51881053,-99.15408097,0 a 5 personas,"Restaurantes con servicio de preparación de pizzas, hamburguesas, hot dogs y pollos rostizados para llevar",422,4.4
10692111,ALITAS CRAZY WINGS,19.24099184,-99.14409412,0 a 5 personas,"Restaurantes con servicio de preparación de pizzas, hamburguesas, hot dogs y pollos rostizados para llevar",360,4.2
9255221,ALITAS DAB,19.45859693,-99.10270192,0 a 5 personas,Restaurantes de autoservicio,497,3.6
11226285,ALITAS DAYANA,19.32458956,-99.05607407,0 a 5 personas,"Bares, cantinas y similares",234,4.1
8539513,ALITAS DE BARRIO,19.37716651,-99.14687783,0 a 5 personas,"Restaurantes con servicio de preparación de pizzas, hamburguesas, hot dogs y pollos rostizados para llevar",249,4.5
10837001,ALITAS DE BOCA EN BOCA,19.35132486,-99.00580601,0 a 5 personas,Restaurantes de autoservicio,497,4.6
9560890,ALITAS DE POLLO HOUSE OF WINGS,19.46475394,-99.10422299,0 a 5 personas,"Restaurantes con servicio de preparación de pizzas, hamburguesas, hot dogs y pollos rostizados para llevar",146,3.9
11071041,ALITAS DE POLLO HOUSE OF WINGS,19.47733197,-99.15807102,0 a 5 personas,"Restaurantes con servicio de preparación de pizzas, hamburguesas, hot dogs y pollos rostizados para llevar",182,4.3
8268680,ALITAS DE POLLO SABORES UNICOS HOUSE OF WINGS,19.49358613,-99.09356523,0 a 5 personas,"Restaurantes con servicio de preparación de pizzas, hamburguesas, hot dogs y pollos rostizados para llevar",92,2.9
11608306,ALITAS DIABLITAS,19.28416096,-99.20075186,0 a 5 personas,Restaurantes de autoservicio,153,3.7
8306305,ALITAS DON GATO,19.3090079,-99.07084137,0 a 5 personas,"Restaurantes con servicio de preparación de pizzas, hamburguesas, hot dogs y pollos rostizados para llevar",66,3.8
8305719,ALITAS DOÑA TERE,19.30282937,-99.07030799,0 a 5 personas,"Restaurantes con servicio de preparación de pizzas, hamburguesas, hot dogs y pollos rostizados para llevar",138,4.7
11601536,ALITAS EL ANGEL,19.4469071,-99.12500041,0 a 5 personas,Restaurantes de autoservicio,223,4.7
10787159,ALITAS EL KAINAL,19.47504444,-99.19526495,0 a 5 personas,"Restaurantes con servicio de preparación de pizzas, hamburguesas, hot dogs y pollos rostizados para llevar",210,4.6
10507776,ALITAS EN DRAGON,19.26198315,-99.14529211,0 a 5 personas,Restaurantes de autoservicio,374,3.9
11777718,ALITAS GARCIA,19.42804416,-99.12365323,0 a 5 personas,"Restaurantes con servicio de preparación de pizzas, hamburguesas, hot dogs y pollos rostizados para llevar",320,3.7
742462,ALITAS GRILL,19.47379101,-99.15429764,0 a 5 personas,"Restaurantes con servicio de preparación de pizzas, hamburguesas, hot dogs y pollos rostizados para llevar",91,4.0
10625481,ALITAS HAMBURGUESAS EL ALAMO,19.38263946,-99.22638579,0 a 5 personas,"Restaurantes con servicio de preparación de pizzas, hamburguesas, hot dogs y pollos rostizados para llevar",448,3.6
9769160,ALITAS HAMBURGUESAS Y POSTRES SIN NOMBRE,19.5660688,-99.13434445,0 a 5 personas,"Restaurantes con servicio de preparación de pizzas, hamburguesas, hot dogs y pollos rostizados para llevar",498,3.9
10003024,ALITAS HAMBURGUESAS Y SNACKS EL ATAS KONG,19.21008232,-98.96801603,0 a 5 personas,"Restaurantes con servicio de preparación de pizzas, hamburguesas, hot dogs y pollos rostizados para llevar",240,2.4
682084,ALITAS HOT,19.48717534,-99.19405814,0 a 5 personas,"Restaurantes con servicio de preparación de pizzas, hamburguesas, hot dogs y pollos rostizados para llevar",105,3.9
7673360,ALITAS INN,19.35707199,-99.18988397,0 a 5 personas,"Restaurantes con servicio de preparación de pizzas, hamburguesas, hot dogs y pollos rostizados para llevar",220,4.6
9532669,ALITAS JOOC COOKS,19.28948181,-99.2292503,0 a 5 personas,"Restaurantes con servicio de preparación de pizzas, hamburguesas, hot dogs y pollos rostizados para llevar",131,5.0
10078156,ALITAS KARINA,19.52864084,-99.14673657,0 a 5 personas,"Restaurantes con servicio de preparación de pizzas, hamburguesas, hot dogs y pollos rostizados para llevar",339,4.3
8623051,ALITAS LA JEFA,19.53992771,-99.14879876,0 a 5 personas,"Restaurantes con servicio de preparación de pizzas, hamburguesas, hot dogs y pollos rostizados para llevar",243,4.1
8260415,ALITAS LA MASCARA,19.47611662,-99.0660622,0 a 5 personas,"Restaurantes con servicio de preparación de pizzas, hamburguesas, hot dogs y pollos rostizados para llevar",423,4.5
10521477,ALITAS LAS ALITAS,19.32575482,-99.01960172,0 a 5 personas,"Restaurantes con servicio de preparación de pizzas, hamburguesas, hot dogs y pollos rostizados para llevar",118,3.5
10646013,ALITAS LAS CAZUELAS,19.31096085,-99.24912078,0 a 5 personas,Restaurantes con servicio de preparación de antojitos,69,4.9
9964072,ALITAS LAS MAS DELICIOSAS,19.42758002,-99.05661583,0 a 5 personas,"Restaurantes con servicio de preparación de pizzas, hamburguesas, hot dogs y pollos rostizados para llevar",191,3.2
9675763,ALITAS LERI,19.49793523,-99.18848522,0 a 5 personas,Restaurantes de autoservicio,253,4.4
10711776,ALITAS LETY,19.2605866,-99.10675955,0 a 5 personas,Restaurantes de autoservicio,373,3.7
11576354,ALITAS LOCAS,19.32899598,-99.02379312,0 a 5 personas,"Restaurantes con servicio de preparación de pizzas, hamburguesas, hot dogs y pollos rostizados para llevar",346,4.2
10517599,ALITAS LUCKY SAM RUDY,19.38722316,-99.19806147,0 a 5 personas,"Restaurantes con servicio de preparación de pizzas, hamburguesas, hot dogs y pollos rostizados para llevar",236,3.5
8138975,ALITAS LULU,19.35061498,-99.01048225,0 a 5 personas,"Restaurantes con servicio de preparación de pizzas, hamburguesas, hot dogs y pollos rostizados para llevar",99,4.4
10424645,ALITAS MAGI,19.19053704,-99.14597034,0 a 5 personas,Restaurantes de autoservicio,251,3.9
9163605,ALITAS MARIS,19.56106627,-99.1440248,0 a 5 personas,"Restaurantes con servicio de preparación de pizzas, hamburguesas, hot dogs y pollos rostizados para llevar",472,3.7
10072688,ALITAS MURUIZ,19.46905215,-99.1441049,0 a 5 personas,"Restaurantes con servicio de preparación de pizzas, hamburguesas, hot dogs y pollos rostizados para llevar",207,4.0
10502298,ALITAS MX,19.37677261,-99.12779088,0 a 5 personas,"Restaurantes con servicio de preparación de pizzas, hamburguesas, hot dogs y pollos rostizados para llevar",214,4.8
10328902,ALITAS ORTIZ,19.35463704,-99.07618929,0 a 5 personas,Restaurantes de autoservicio,352,4.5
9039098,ALITAS PAPAS Y SNACKS BUBBA,19.30601954,-99.07801496,0 a 5 personas,"Restaurantes con servicio de preparación de pizzas, hamburguesas, hot dogs y pollos rostizados para llevar",175,2.8
11546676,ALITAS PILY,19.3402625,-99.05743326,0 a 5 personas,"Restaurantes con servicio de preparación de pizzas, hamburguesas, hot dogs y pollos rostizados para llevar",267,4.4
10852261,ALITAS PREPARADAS,19.39012218,-99.08631161,0 a 5 personas,"Restaurantes con servicio de preparación de pizzas, hamburguesas, hot dogs y pollos rostizados para llevar",478,3.5
10750782,ALITAS RICHARD,19.42699688,-99.13605285,0 a 5 personas,"Bares, cantinas y similares",362,4.2
11668620,ALITAS SAID,19.37703381,-99.09929743,0 a 5 personas,Restaurantes de autoservicio,437,4.6
9582826,ALITAS SANTA BBQ,19.36037039,-99.10112918,0 a 5 personas,"Restaurantes con servicio de preparación de pizzas, hamburguesas, hot dogs y pollos rostizados para llevar",311,3.3
10283659,ALITAS SANTA MARIA LA RIBERA,19.45224642,-99.1570019,0 a 5 personas,"Cafeterías, fuentes de sodas, neverías, refresquerías y similares",448,3.6
11403480,ALITAS SIN NOMBRE,19.44332017,-99.08100524,0 a 5 personas,Restaurantes con servicio de preparación de antojitos,158,4.3
10376974,ALITAS SIN NOMBRE,19.40915021,-99.08045233,0 a 5 personas,Restaurantes de autoservicio,478,3.6
11329381,ALITAS SIN NOMBRE,19.32392954,-99.04985779,0 a 5 personas,"Bares, cantinas y similares",131,3.1
10194877,ALITAS SIN NOMBRE,19.55662895,-99.13674466,0 a 5 personas,"Restaurantes con servicio de preparación de pizzas, hamburguesas, hot dogs y pollos rostizados para llevar",386,4.3
11473438,ALITAS SIN NOMBRE,19.47883169,-99.14153449,0 a 5 personas,"Restaurantes con servicio de preparación de pizzas, hamburguesas, hot dogs y pollos rostizados para llevar",493,4.0
10196220,ALITAS SIN NOMBRE,19.22436941,-99.08842769,0 a 5 personas,"Restaurantes con servicio de preparación de pizzas, hamburguesas, hot dogs y pollos rostizados para llevar",149,2.6
11357774,ALITAS SIN NOMBRE,19.39529072,-99.10596101,0 a 5 personas,Restaurantes de autoservicio,156,4.1
11294182,ALITAS SIN NOMBRE,19.31830247,-99.26406997,0 a 5 personas,Restaurantes de autoservicio,394,3.7
10625888,ALITAS SIN NOMBRE,19.3700488,-99.07266793,0 a 5 personas,"Restaurantes con servicio de preparación de pizzas, hamburguesas, hot dogs y pollos rostizados para llevar",164,4.0
11271528,ALITAS SIN NOMBRE,19.33006133,-99.04370735,0 a 5 personas,"Restaurantes con servicio de preparación de pizzas, hamburguesas, hot dogs y pollos rostizados para llevar",461,3.4
11451578,ALITAS SIN NOMBRE,19.45289185,-99.12268547,0 a 5 personas,Restaurantes de autoservicio,382,4.6
9546601,ALITAS SIN NOMBRE,19.3500245,-99.04174111,0 a 5 personas,Restaurantes de autoservicio,337,3.8
10196080,ALITAS SIN NOMBRE,19.34323764,-99.02572778,0 a 5 personas,"Restaurantes con servicio de preparación de pizzas, hamburguesas, hot dogs y pollos rostizados para llevar",481,3.7
8183760,ALITAS SURY,19.53508821,-99.14460397,0 a 5 personas,"Restaurantes con servicio de preparación de pizzas, hamburguesas, hot dogs y pollos rostizados para llevar",452,3.8
11015943,ALITAS WING STOP,19.37294104,-99.17939723,11 a 30 personas,"Bares, cantinas y similares",80,3.3
10700158,ALITAS WINGS ROOM,19.34858921,-99.00009223,0 a 5 personas,"Bares, cantinas y similares",256,4.7
9810590,ALITAS XPRESS,19.30406063,-99.25596073,0 a 5 personas,Restaurantes de autoservicio,493,2.6
9691253,ALITAS Y AMBURGUESAS CASTILLO,19.33655126,-99.06809017,0 a 5 personas,Restaurantes de autoservicio,93,4.1
9722037,ALITAS Y ANOJITOS DIANA,19.42705603,-99.05866456,0 a 5 personas,Restaurantes con servicio de preparación de antojitos,456,4.0
10317504,ALITAS Y BONELESS,19.49165407,-99.18627688,0 a 5 personas,Restaurantes de autoservicio,76,4.2
11424406,ALITAS Y BOTANAS,19.43073737,-99.09678579,0 a 5 personas,"Bares, cantinas y similares",178,3.5
9520256,ALITAS Y CERVEZA EMILIOS WINGS,19.46411202,-99.12572301,6 a 10 personas,Restaurantes de autoservicio,199,3.8
11409472,ALITAS Y COSTILLAS,19.37284102,-99.07077245,0 a 5 personas,"Restaurantes con servicio de preparación de pizzas, hamburguesas, hot dogs y pollos rostizados para llevar",441,4.1
10749104,ALITAS Y COSTILLAS,19.37940442,-99.01583473,0 a 5 personas,"Restaurantes con servicio de preparación de pizzas, hamburguesas, hot dogs y pollos rostizados para llevar",374,4.1
8635567,ALITAS Y COSTILLAS DON CARBON,19.33786258,-99.00591383,0 a 5 personas,"Restaurantes con servicio de preparación de pizzas, hamburguesas, hot dogs y pollos rostizados para llevar",329,2.9
8183333,ALITAS Y COSTILLAS EL CHEPE,19.54383475,-99.13818786,0 a 5 personas,"Restaurantes con servicio de preparación de pizzas, hamburguesas, hot dogs y pollos rostizados para llevar",173,2.8
8848372,ALITAS Y COSTILLAS LA ESCONDIDA,19.21647888,-98.97386474,0 a 5 personas,Restaurantes de autoservicio,338,2.3
8183003,ALITAS Y COSTILLAS MATY,19.57178569,-99.13165287,0 a 5 personas,Restaurantes de autoservicio,445,3.0
10212390,ALITAS Y COSTILLAS SIN NOMBRE,19.52956568,-99.14435426,0 a 5 personas,"Restaurantes con servicio de preparación de pizzas, hamburguesas, hot dogs y pollos rostizados para llevar",309,3.4
7715084,ALITAS Y COSTILLAS SIN NOMBRE,19.4697569,-99.11124383,0 a 5 personas,Restaurantes de autoservicio,113,4.5
10640707,ALITAS Y CREPAS,19.27067305,-99.17741563,0 a 5 personas,Restaurantes de autoservicio,256,3.9
8522201,ALITAS Y CREPAS,19.40127623,-99.12310987,0 a 5 personas,Servicios de preparación de otros alimentos para consumo inmediato,365,4.1
10028173,ALITAS Y HAMBURGESAS EL CHANGARO,19.32289173,-99.24274759,0 a 5 personas,"Restaurantes con servicio de preparación de pizzas, hamburguesas, hot dogs y pollos rostizados para llevar",442,3.5
9595793,ALITAS Y HAMBURGUESAS,19.20137412,-99.13908782,0 a 5 personas,Restaurantes con servicio de preparación de alimentos a la carta o de comida corrida,91,4.3
11024564,ALITAS Y HAMBURGUESAS A-LAS MARAVILLAS,19.34500409,-98.9950925,0 a 5 personas,"Restaurantes con servicio de preparación de pizzas, hamburguesas, hot dogs y pollos rostizados para llevar",358,3.5
7729309,ALITAS Y HAMBURGUESAS CAROLINA,19.28447643,-99.20631367,0 a 5 personas,"Restaurantes con servicio de preparación de pizzas, hamburguesas, hot dogs y pollos rostizados para llevar",251,4.4
11342789,ALITAS Y HAMBURGUESAS CASA DON PEDRO,19.20405023,-99.04780385,0 a 5 personas,"Restaurantes con servicio de preparación de pizzas, hamburguesas, hot dogs y pollos rostizados para llevar",109,4.0
7643066,ALITAS Y HAMBURGUESAS DE CLAUSS,19.2066022,-99.06866547,0 a 5 personas,"Restaurantes con servicio de preparación de pizzas, hamburguesas, hot dogs y pollos rostizados para llevar",411,3.0
10589283,ALITAS Y HAMBURGUESAS ELVER,19.33297923,-99.11909346,0 a 5 personas,"Restaurantes con servicio de preparación de pizzas, hamburguesas, hot dogs y pollos rostizados para llevar",447,4.4
930270,ALITAS Y HAMBURGUESAS FRIDA,19.3162198,-99.25716387,0 a 5 personas,"Restaurantes con servicio de preparación de pizzas, hamburguesas, hot dogs y pollos rostizados para llevar",356,3.1
9520855,ALITAS Y HAMBURGUESAS LAS PEQUES,19.23197649,-98.98991421,0 a 5 personas,"Restaurantes con servicio de preparación de pizzas, hamburguesas, hot dogs y pollos rostizados para llevar",426,2.6
9818534,ALITAS Y HAMBURGUESAS SANTI,19.29599787,-99.26261162,0 a 5 personas,"Restaurantes con servicio de preparación de pizzas, hamburguesas, hot dogs y pollos rostizados para llevar",114,3.4
9947276,ALITAS Y HAMBURGUESAS SIN NOMBRE,19.28324014,-99.22463563,0 a 5 personas,"Restaurantes con servicio de preparación de pizzas, hamburguesas, hot dogs y pollos rostizados para llevar",460,4.4
11775260,ALITAS Y HAMBURGUESAS SIN NOMBRE,19.31492044,-99.22947692,0 a 5 personas,"Restaurantes con servicio de preparación de pizzas, hamburguesas, hot dogs y pollos rostizados para llevar",71,4.1
10014206,ALITAS Y HAMBURGUESAS SIN NOMBRE,19.35867145,-99.24219958,0 a 5 personas,"Restaurantes con servicio de preparación de pizzas, hamburguesas, hot dogs y pollos rostizados para llevar",327,4.7
7674109,ALITAS Y MICHELADAS,19.29792917,-99.24373606,0 a 5 personas,"Restaurantes con servicio de preparación de pizzas, hamburguesas, hot dogs y pollos rostizados para llevar",497,3.6
10277256,ALITAS Y PAPAS,19.42155732,-99.1293879,0 a 5 personas,"Restaurantes con servicio de preparación de pizzas, hamburguesas, hot dogs y pollos rostizados para llevar",432,4.3
8254107,ALITAS Y PAPAS MANOLO,19.33697053,-99.01103778,0 a 5 personas,"Restaurantes con servicio de preparación de pizzas, hamburguesas, hot dogs y pollos rostizados para llevar",73,4.0
900446,ALITAS Y POSTRES CHARLY,19.41184513,-99.14194903,0 a 5 personas,"Restaurantes con servicio de preparación de pizzas, hamburguesas, hot dogs y pollos rostizados para llevar",79,4.4
11644370,ALITAS Y POSTRES LOS CUATES,19.31287507,-99.24540343,0 a 5 personas,"Restaurantes con servicio de preparación de pizzas, hamburguesas, hot dogs y pollos rostizados para llevar",89,3.6
7805246,ALITAS Y SNACKS,19.39540392,-99.14221353,0 a 5 personas,"Restaurantes con servicio de preparación de pizzas, hamburguesas, hot dogs y pollos rostizados para llevar",130,3.4
11479866,ALITAS Y SNACKS CARACOL,19.42509356,-99.07232953,0 a 5 personas,Restaurantes de autoservicio,456,4.6
11825813,ALITAS Y SNAKS LOS BUENO,19.40647301,-99.12040346,0 a 5 personas,"Restaurantes con servicio de preparación de pizzas, hamburguesas, hot dogs y pollos rostizados para llevar",187,3.9
10898864,ALL WOOD,19.41231298,-99.16013929,6 a 10 personas,Restaurantes con servicio de preparación de alimentos a la carta o de comida corrida,338,3.1
11239335,ALL YOU CAN EAT SUMO ENCUENTRO FORTUNA,19.48456142,-99.13355899,11 a 30 personas,"Cafeterías, fuentes de sodas, neverías, refresquerías y similares",121,3.9
7137780,ALLANITA,19.44012449,-99.11949856,0 a 5 personas,"Cafeterías, fuentes de sodas, neverías, refresquerías y similares",310,3.6
11165047,ALMA CAFE,19.40014052,-99.15934682,0 a 5 personas,"Cafeterías, fuentes de sodas, neverías, refresquerías y similares",292,4.5
11274269,ALMA COCINA,19.43585493,-99.0965656,0 a 5 personas,Restaurantes que preparan otro tipo de alimentos para llevar,204,3.1
855364,ALMA LINDA CREPAS Y CAFE,19.27677694,-99.20922939,6 a 10 personas,"Cafeterías, fuentes de sodas, neverías, refresquerías y similares",367,3.9
7805408,ALMA NEGRA CAFETERIA,19.38524732,-99.15521741,0 a 5 personas,"Cafeterías, fuentes de sodas, neverías, refresquerías y similares",272,4.1
639493,ALMACEN COCINA NATY,19.4594028,-99.12186789,0 a 5 personas,Restaurantes que preparan otro tipo de alimentos para llevar,458,3.8
7736480,ALMACEN DE JUGOS Y LICUADOS DON PEDRO,19.37201142,-99.09700205,0 a 5 personas,"Cafeterías, fuentes de sodas, neverías, refresquerías y similares",499,4.1
7761468,ALMACEN DE LA COCINA DOÑA MALE,19.32636872,-99.1347571,6 a 10 personas,Restaurantes que preparan otro tipo de alimentos para llevar,69,4.3
11004082,ALMACEN DEL COMEDOR MIGUELITO,19.3954103,-99.16660538,0 a 5 personas,Restaurantes que preparan otro tipo de alimentos para llevar,168,4.7
6429913,ALMACEN RESTAURANTE,19.40426217,-99.198427,11 a 30 personas,Restaurantes con servicio de preparación de alimentos a la carta o de comida corrida,169,4.8
10755988,ALMANEGRA CAFE,19.39444736,-99.13427179,0 a 5 personas,"Cafeterías, fuentes de sodas, neverías, refresquerías y similares",348,2.8
10606640,ALMANEGRA CAFE,19.41899459,-99.16291844,0 a 5 personas,"Cafeterías, fuentes de sodas, neverías, refresquerías y similares",116,4.6
9461986,ALMEJA POLANSKY,19.4353551,-99.18396419,101 a 250 personas,Restaurantes con servicio de preparación de alimentos a la carta o de comida corrida,235,4.5
8602825,ALMEJANDRA,19.29800497,-99.13894553,0 a 5 personas,Restaurantes con servicio de preparación de pescados y mariscos,474,3.1
9811370,ALMENDRA CAFE,19.34074192,-99.13954657,0 a 5 personas,"Cafeterías, fuentes de sodas, neverías, refresquerías y similares",281,3.6
10819795,ALMMA MIA,19.40103399,-99.16397879,0 a 5 personas,"Cafeterías, fuentes de sodas, neverías, refresquerías y similares",113,4.0
695294,ALMUERZOS LEGGUS,19.42724809,-99.11685808,0 a 5 personas,Restaurantes con servicio de preparación de tacos y tortas,407,4.0
768328,ALMUERZOS VENEZOLANO,19.42862892,-99.12287167,0 a 5 personas,Restaurantes de autoservicio,351,4.5
7197434,ALMUERZOS VENEZOLANOS,19.4285147,-99.12304806,0 a 5 personas,Restaurantes de autoservicio,493,4.1
9090802,ALOHA WINGS,19.38509082,-99.18437296,6 a 10 personas,Restaurantes de autoservicio,281,2.9
951637,ALOSA CATERING,19.38068747,-99.17205604,31 a 50 personas,Servicios de comedor para empresas e instituciones,448,3.7
11595027,ALPALADAR,19.43506551,-99.17540513,0 a 5 personas,Restaurantes con servicio de preparación de alimentos a la carta o de comida corrida,76,4.9
11142255,ALQUILADORA NAVIDAD BANQUETES Y TAQUIZAS,19.34692532,-99.31120427,0 a 5 personas,Servicios de preparación de alimentos para ocasiones especiales,235,4.2
6931198,ALQUIMIA CAFE,19.38799642,-99.15392919,0 a 5 personas,"Cafeterías, fuentes de sodas, neverías, refresquerías y similares",201,3.4
11644142,ALQUIMIA CAFE,19.42687812,-99.15554867,0 a 5 personas,"Cafeterías, fuentes de sodas, neverías, refresquerías y similares",468,2.6
11817711,ALTA COCINA JAPONESA KABUKI SUSHI,19.44940236,-99.15608149,6 a 10 personas,Restaurantes con servicio de preparación de alimentos a la carta o de comida corrida,72,4.6
1029730,ALTA COCINA JAPONESA KABUKI SUSHI,19.42008307,-99.15869182,6 a 10 personas,Restaurantes con servicio de preparación de alimentos a la carta o de comida corrida,57,4.4
1051504,ALTA COCINA SIN NOMBRE,19.33110778,-99.21003955,0 a 5 personas,Restaurantes con servicio de preparación de alimentos a la carta o de comida corrida,429,4.4
11789883,ALTAMIRA CAFETERIA,19.44509345,-99.15814003,0 a 5 personas,"Cafeterías, fuentes de sodas, neverías, refresquerías y similares",263,4.7
11157215,ALTEZA POLANCO,19.43822259,-99.21167235,6 a 10 personas,Hoteles con otros servicios integrados,193,4.5
8529360,ALTULIA CAFE,19.42424645,-99.12770549,0 a 5 personas,"Cafeterías, fuentes de sodas, neverías, refresquerías y similares",494,4.3
755688,ALU S HAMBURGUESAS,19.41304219,-99.10564075,11 a 30 personas,"Restaurantes con servicio de preparación de pizzas, hamburguesas, hot dogs y pollos rostizados para llevar",414,4.6
9758727,ALUXES,19.41612332,-99.16628847,0 a 5 personas,Restaurantes con servicio de preparación de alimentos a la carta o de comida corrida,235,3.7
1014867,ALVERRE CAFE BISTRO,19.35174163,-99.15913818,11 a 30 personas,"Cafeterías, fuentes de sodas, neverías, refresquerías y similares",462,3.7
10625299,ALVRIS FRIES,19.5226365,-99.14552751,0 a 5 personas,"Cafeterías, fuentes de sodas, neverías, refresquerías y similares",304,4.3
7255773,AM CAFETERIA,19.39094473,-99.16546754,0 a 5 personas,"Cafeterías, fuentes de sodas, neverías, refresquerías y similares",368,4.3
1012580,AMADO CAFE,19.43569767,-99.16219467,0 a 5 personas,"Cafeterías, fuentes de sodas, neverías, refresquerías y similares",203,3.4
933361,AMADO CAFFE,19.37643358,-99.1747684,0 a 5 personas,"Cafeterías, fuentes de sodas, neverías, refresquerías y similares",442,4.8
9811787,AMAIA COCINA URBANA,19.39448453,-99.16441063,0 a 5 personas,Restaurantes que preparan otro tipo de alimentos para llevar,452,3.3
926510,AMANA CAFE,19.35862467,-99.18249433,0 a 5 personas,"Cafeterías, fuentes de sodas, neverías, refresquerías y similares",376,4.8
10980693,AMANDA COMIDAS,19.43280001,-99.14065907,0 a 5 personas,Restaurantes con servicio de preparación de alimentos a la carta o de comida corrida,161,4.8
7732858,AMANDA MANDA,19.42044358,-99.17451315,0 a 5 personas,Restaurantes que preparan otro tipo de alimentos para llevar,330,4.8
10039369,AMANDAS BISTRO CAFE,19.32616116,-99.14282175,0 a 5 personas,"Cafeterías, fuentes de sodas, neverías, refresquerías y similares",73,4.3
11445559,AMANDAS BISTRO CAFE,19.32616791,-99.1428175,6 a 10 personas,"Cafeterías, fuentes de sodas, neverías, refresquerías y similares",88,3.2
9951968,AMANECER TAPATIO,19.44094281,-99.13927462,0 a 5 personas,Restaurantes con servicio de preparación de alimentos a la carta o de comida corrida,224,4.0
10076801,AMANTES DEL CAFE,19.34217095,-98.9865891,0 a 5 personas,"Cafeterías, fuentes de sodas, neverías, refresquerías y similares",238,3.9
11825809,AMARGO CAFE,19.40216814,-99.17314688,6 a 10 personas,"Cafeterías, fuentes de sodas, neverías, refresquerías y similares",150,3.9
10330009,AMARTE CAFE,19.35265277,-99.05815036,0 a 5 personas,"Cafeterías, fuentes de sodas, neverías, refresquerías y similares",275,4.2
9818421,AMARTTE BARRA DE CAFE,19.31474447,-99.22650095,0 a 5 personas,"Cafeterías, fuentes de sodas, neverías, refresquerías y similares",206,3.3
9135216,AMAYA,19.43093126,-99.15633192,11 a 30 personas,Restaurantes con servicio de preparación de alimentos a la carta o de comida corrida,403,4.0
11760799,AMBAR Y MAR,19.41241256,-99.15728663,0 a 5 personas,"Cafeterías, fuentes de sodas, neverías, refresquerías y similares",325,4.1
6794364,AMBERES,19.42716673,-99.16619075,11 a 30 personas,"Cafeterías, fuentes de sodas, neverías, refresquerías y similares",310,2.9
761662,AMBROSIA EVENTOS,19.42678768,-99.21344584,6 a 10 personas,Servicios de preparación de alimentos para ocasiones especiales,285,4.7
811732,AMBURGESAS MACHO S BVURGER,19.39585552,-99.06340545,0 a 5 personas,"Restaurantes con servicio de preparación de pizzas, hamburguesas, hot dogs y pollos rostizados para llevar",469,4.5
10299541,AMBURGUESAS BURGERS & DRINKS LAS FORMULAS I,19.28661363,-99.06737242,0 a 5 personas,"Cafeterías, fuentes de sodas, neverías, refresquerías y similares",428,3.3
9768299,AMBURGUESAS SIN NOMBRE,19.55475235,-99.13964153,0 a 5 personas,"Restaurantes con servicio de preparación de pizzas, hamburguesas, hot dogs y pollos rostizados para llevar",239,4.3
10280605,AMELIE CAFE,19.54746024,-99.14269803,0 a 5 personas,"Cafeterías, fuentes de sodas, neverías, refresquerías y similares",227,4.2
694931,AMERICA,19.4329026,-99.09720085,0 a 5 personas,"Cafeterías, fuentes de sodas, neverías, refresquerías y similares",325,4.1
11743077,AMERICAN BROASTER CHIKEN,19.4812233,-99.12476066,0 a 5 personas,Restaurantes de autoservicio,188,4.7
10283074,AMERICAN BURGUER,19.4532333,-99.16035155,0 a 5 personas,Restaurantes de autoservicio,174,3.5
931908,AMERICAN COFFEE SHOP,19.39441654,-99.18250839,0 a 5 personas,"Cafeterías, fuentes de sodas, neverías, refresquerías y similares",197,3.5
7756528,AMICIZIA,19.43956032,-99.16567891,0 a 5 personas,"Restaurantes con servicio de preparación de pizzas, hamburguesas, hot dogs y pollos rostizados para llevar",311,3.2
9686271,AMIGOS DEL CAFE,19.36857025,-99.20411328,0 a 5 personas,"Cafeterías, fuentes de sodas, neverías, refresquerías y similares",222,4.3
865577,AMIN CAFETERIA,19.41087611,-99.16868145,0 a 5 personas,"Cafeterías, fuentes de sodas, neverías, refresquerías y similares",331,3.1
903816,AMO ATO CAFE,19.37307787,-99.16443186,6 a 10 personas,"Cafeterías, fuentes de sodas, neverías, refresquerías y similares",200,4.7
8272899,AMO ATO LA PASION,19.47322326,-99.13285324,0 a 5 personas,Restaurantes de autoservicio,438,3.8
11357401,AMOATO CAFFE EXPRESS,19.46518228,-99.09817556,0 a 5 personas,"Cafeterías, fuentes de sodas, neverías, refresquerías y similares",458,3.7
858412,AMOR BONITO HERBALIFE,19.29358443,-99.16165433,0 a 5 personas,Restaurantes que preparan otro tipo de alimentos para llevar,53,4.8
9889263,AMOR DE CAFE,19.26724525,-99.17000766,0 a 5 personas,"Cafeterías, fuentes de sodas, neverías, refresquerías y similares",396,3.5
11793271,AMOR DE MADRE,19.48348918,-99.21479723,0 a 5 personas,Restaurantes que preparan otro tipo de alimentos para llevar,443,3.9
11060659,AMOR JUQUILITA 95,19.39364092,-99.10572913,0 a 5 personas,Restaurantes con servicio de preparación de antojitos,211,2.5
9107613,AMOR TRANQUILO,19.41856481,-99.13814602,6 a 10 personas,Restaurantes de autoservicio,140,4.4
11216780,AMOR Y TACOS,19.43139179,-99.13742149,0 a 5 personas,Restaurantes que preparan otro tipo de alimentos para llevar,491,3.6
11778701,AMOR Y TACOS,19.42910877,-99.13475702,6 a 10 personas,Restaurantes con servicio de preparación de antojitos,313,4.5
11367737,AMOR Y TACOS DESDE 1958,19.4314056,-99.13089706,11 a 30 personas,Restaurantes con servicio de preparación de antojitos,175,3.9
9877113,AMORAMA CAFE,19.39695184,-99.17338527,6 a 10 personas,"Cafeterías, fuentes de sodas, neverías, refresquerías y similares",485,4.6
8596512,AMORCITO CORAZON,19.44905567,-99.18210011,0 a 5 personas,Restaurantes con servicio de preparación de alimentos a la carta o de comida corrida,165,3.5
11466195,AMORCITO JUQUILITA,19.39364061,-99.10572743,0 a 5 personas,Restaurantes con servicio de preparación de antojitos,404,4.8
10236674,AMORE AMORE CAFFE,19.31605569,-99.14927562,0 a 5 personas,"Cafeterías, fuentes de sodas, neverías, refresquerías y similares",77,4.3
9142703,AMORE MIO,19.42403053,-99.15013663,0 a 5 personas,"Cafeterías, fuentes de sodas, neverías, refresquerías y similares",186,4.5
8007216,AMORE MIO,19.44920539,-99.16010717,11 a 30 personas,"Restaurantes con servicio de preparación de pizzas, hamburguesas, hot dogs y pollos rostizados para llevar",211,4.2
9878475,AMORE SOLE,19.36764372,-99.17034297,0 a 5 personas,"Cafeterías, fuentes de sodas, neverías, refresquerías y similares",236,3.6
1021814,AMORES CAFE,19.42956592,-99.16675523,0 a 5 personas,"Cafeterías, fuentes de sodas, neverías, refresquerías y similares",450,3.5
1055471,AMORES Y SABORES,19.36102934,-99.19706208,0 a 5 personas,"Bares, cantinas y similares",429,3.0
11596195,AMORI WAFLE,19.28904596,-99.22243744,0 a 5 personas,"Cafeterías, fuentes de sodas, neverías, refresquerías y similares",82,4.3
10968468,AMOW CAFE,19.39052638,-99.08657154,0 a 5 personas,"Cafeterías, fuentes de sodas, neverías, refresquerías y similares",361,3.5
6430715,AMUEBLADOS ILLINOIS 49,19.38519014,-99.17913226,0 a 5 personas,Departamentos y casas amueblados con servicios de hotelería,366,4.7
1060524,AMUEBLADOS SAN ANTONIO,19.38524286,-99.17930045,0 a 5 personas,Departamentos y casas amueblados con servicios de hotelería,418,4.2
11505416,ANA PAU ANTOITOS,19.28194761,-99.22945969,0 a 5 personas,Restaurantes con servicio de preparación de antojitos,342,4.4
8596629,ANASTACIO ALEJANDRO VARGAS SUAREZ,19.45281041,-99.20225787,0 a 5 personas,"Cafeterías, fuentes de sodas, neverías, refresquerías y similares",62,4.4
8604821,ANATOJITOS MEXICANOS EL JACAL DEL INDIO,19.32350297,-99.05974211,0 a 5 personas,Restaurantes con servicio de preparación de antojitos,462,3.9
11395828,ANCESTRAL COFFEE AND RESTAURANT,19.42362803,-99.16559961,0 a 5 personas,"Cafeterías, fuentes de sodas, neverías, refresquerías y similares",345,3.3
11805975,ANCESTRAL COFFEE AND RESTAURANT,19.42362803,-99.16559961,0 a 5 personas,"Cafeterías, fuentes de sodas, neverías, refresquerías y similares",303,3.9
8485031,ANDAR-ES CAFE,19.45833579,-99.12875663,6 a 10 personas,"Cafeterías, fuentes de sodas, neverías, refresquerías y similares",408,3.9
9390006,ANDAZ MEXICO CITY CONDESA,19.40723743,-99.16957964,251 y más personas,Hoteles con otros servicios integrados,360,3.8
10326137,ANDEO PAN Y CAFE,19.46467954,-99.16485796,0 a 5 personas,"Cafeterías, fuentes de sodas, neverías, refresquerías y similares",63,4.2
7401389,ANDEO PAN Y CAFE,19.48583247,-99.21198633,0 a 5 personas,"Cafeterías, fuentes de sodas, neverías, refresquerías y similares",313,4.3
867461,ANDO MAREADO,19.40493282,-99.17171896,6 a 10 personas,Restaurantes con servicio de preparación de pescados y mariscos,209,2.9
956412,ANDRICIOS RESTAURANTE,19.41157362,-99.16155322,0 a 5 personas,Restaurantes con servicio de preparación de alimentos a la carta o de comida corrida,444,3.7
11379863,ANDYS BURGER,19.32950706,-98.97626635,0 a 5 personas,"Restaurantes con servicio de preparación de pizzas, hamburguesas, hot dogs y pollos rostizados para llevar",276,4.6
11207329,ANDYS HAMBURGUESAS,19.41588056,-99.15960169,0 a 5 personas,"Restaurantes con servicio de preparación de pizzas, hamburguesas, hot dogs y pollos rostizados para llevar",374,4.5
667215,ANEXO DE JUGOS Y LUCUADOS SIN NOMBRE,19.42053109,-99.08936817,0 a 5 personas,"Cafeterías, fuentes de sodas, neverías, refresquerías y similares",227,3.9
8458982,ANGAR 31,19.37464939,-99.15354502,0 a 5 personas,Restaurantes que preparan otro tipo de alimentos para llevar,214,3.9
720009,ANGEL S COFFEE,19.3857376,-99.080703,0 a 5 personas,"Cafeterías, fuentes de sodas, neverías, refresquerías y similares",94,3.0
9196705,ANGELES DEL PARAISO II,19.30210079,-99.18955394,0 a 5 personas,Restaurantes con servicio de preparación de tacos y tortas,371,3.2
8305856,ANGELICA BERENICE RAMIREZ GARCIA,19.28971067,-99.06974526,0 a 5 personas,"Cafeterías, fuentes de sodas, neverías, refresquerías y similares",203,3.2
8843734,ANGELICA MARIA,19.28561401,-99.18030485,0 a 5 personas,"Cafeterías, fuentes de sodas, neverías, refresquerías y similares",335,4.2
10104582,ANGELICA ROSAS HERNANDEZ,19.52098274,-99.15717791,0 a 5 personas,Restaurantes con servicio de preparación de tacos y tortas,382,4.7
10016347,ANGELITOS COMIDA,19.40812205,-99.16750772,0 a 5 personas,Restaurantes con servicio de preparación de antojitos,429,4.4
6741791,ANGELOPOLITANO ROMA,19.42033676,-99.17319519,11 a 30 personas,Restaurantes con servicio de preparación de alimentos a la carta o de comida corrida,87,3.3
9083048,ANGELOS PIZZA,19.34284736,-99.03341754,0 a 5 personas,"Restaurantes con servicio de preparación de pizzas, hamburguesas, hot dogs y pollos rostizados para llevar",153,2.9
9650454,ANGELOS PIZZA,19.47441036,-99.14463734,0 a 5 personas,"Restaurantes con servicio de preparación de pizzas, hamburguesas, hot dogs y pollos rostizados para llevar",204,3.3
841704,ANGILUIS PIZZA,19.29434649,-99.07173757,0 a 5 personas,"Restaurantes con servicio de preparación de pizzas, hamburguesas, hot dogs y pollos rostizados para llevar",130,4.0
10677093,ANGUS BUTCHER HAUSE,19.39244573,-99.17207315,31 a 50 personas,Restaurantes con servicio de preparación de alimentos a la carta o de comida corrida,228,2.6
10947117,ANGUS ZONA ROSA,19.42690886,-99.16356857,11 a 30 personas,Restaurantes con servicio de preparación de alimentos a la carta o de comida corrida,448,4.2
731157,ANGY,19.3585819,-99.05547465,0 a 5 personas,Restaurantes con servicio de preparación de tacos y tortas,367,4.0
10208202,ANITA,19.44183577,-99.11025092,0 a 5 personas,Restaurantes con servicio de preparación de tacos y tortas,146,3.4
11485019,ANJOCA,19.43023966,-99.16251983,0 a 5 personas,Servicios de preparación de alimentos en unidades móviles,79,4.4
10652909,ANN-TE,19.4024957,-99.16941103,0 a 5 personas,"Cafeterías, fuentes de sodas, neverías, refresquerías y similares",209,3.9
987910,ANNY PIZZAS,19.2577755,-99.10205297,0 a 5 personas,"Restaurantes con servicio de preparación de pizzas, hamburguesas, hot dogs y pollos rostizados para llevar",483,3.5
7923785,ANOJITOS TACOMIEL,19.32769734,-99.14185784,0 a 5 personas,Restaurantes con servicio de preparación de tacos y tortas,56,3.2
9628169,ANONYMOUS COFFEE,19.40894467,-99.12254707,0 a 5 personas,"Cafeterías, fuentes de sodas, neverías, refresquerías y similares",344,4.0
10542810,ANORBAC,19.38109229,-99.24188392,0 a 5 personas,"Bares, cantinas y similares",494,4.2
904764,ANPARALI BOCADILLOS Y TAPAS,19.35244245,-99.16121129,0 a 5 personas,Restaurantes con servicio de preparación de tacos y tortas,321,4.7
10859029,ANT0JITOS MEXICANOS ESQUINA DE ZAPATA,19.31385128,-99.14785004,0 a 5 personas,Restaurantes que preparan otro tipo de alimentos para llevar,252,3.7
795516,ANT0JITOS MI LUCHITA,19.45670864,-99.10419391,0 a 5 personas,Restaurantes con servicio de preparación de antojitos,470,3.8
8027384,ANTE MANAGEMENT,19.44015913,-99.1677538,0 a 5 personas,Servicios de preparación de alimentos para ocasiones especiales,358,3.2
904972,ANTIGUO PALACIO DE COYOACAN,19.34970499,-99.16391107,11 a 30 personas,Restaurantes con servicio de preparación de alimentos a la carta o de comida corrida,127,2.1
9068551,ANTIJITOS DOÑA MECHE,19.26147096,-99.10469459,0 a 5 personas,Restaurantes con servicio de preparación de antojitos,200,4.1
757763,ANTIJITOS MEXICANOS,19.4111025,-99.11805003,0 a 5 personas,Restaurantes con servicio de preparación de tacos y tortas,427,3.9
11278238,ANTIJITOS MEXICANOS MAYRA,19.30414985,-99.05267032,0 a 5 personas,Restaurantes con servicio de preparación de antojitos,236,4.7
11744626,ANTIJITOS MICTLAN,19.24658577,-99.1740413,0 a 5 personas,Restaurantes con servicio de preparación de antojitos,400,3.1
10280989,ANTIQUA BAZAR BAZAR Y BARRA DE CAFE,19.34845214,-99.16932295,0 a 5 personas,"Cafeterías, fuentes de sodas, neverías, refresquerías y similares",77,3.0
11611539,ANTJITOS SAN ANGEL,19.34453163,-99.19034874,0 a 5 personas,Restaurantes con servicio de preparación de antojitos,393,4.8
11093500,ANTOGITOS,19.4022791,-99.06173454,0 a 5 personas,Restaurantes con servicio de preparación de antojitos,228,4.0
9728619,ANTOGITOS DE MARTHA Y ALGO MAS,19.39869615,-99.13982128,0 a 5 personas,Restaurantes que preparan otro tipo de alimentos para llevar,259,3.9
787205,ANTOGITOS MEXICANOS GABY,19.39540386,-99.11357027,0 a 5 personas,Restaurantes con servicio de preparación de antojitos,245,4.5
11371041,ANTOGITOS MEXICANOS TANY,19.39725518,-99.13983962,0 a 5 personas,Restaurantes que preparan otro tipo de alimentos para llevar,304,4.1
723705,ANTOGITOS Y QUESADILLAS LA ABUELA,19.34201214,-99.10587066,0 a 5 personas,Restaurantes con servicio de preparación de antojitos,264,4.5
8377218,ANTOGUITOS MEXICANOS,19.38196672,-99.09679092,0 a 5 personas,Restaurantes con servicio de preparación de tacos y tortas,250,4.8
9110945,ANTOGUITOS MEXICANOS LA GUERA,19.38257188,-99.10011126,0 a 5 personas,Restaurantes con servicio de preparación de tacos y tortas,164,4.5
8228312,ANTOJAMBRE,19.44843042,-99.2045283,0 a 5 personas,Restaurantes con servicio de preparación de alimentos a la carta o de comida corrida,188,3.4
11019877,ANTOJAMBRE,19.33888485,-99.029239,0 a 5 personas,Restaurantes que preparan otro tipo de alimentos para llevar,340,4.8
954072,ANTOJARIA SIN NOMBRE,19.37291559,-99.18821675,0 a 5 personas,Restaurantes con servicio de preparación de antojitos,188,4.3
10874066,ANTOJERERIA EL AZTECA,19.41754928,-99.13038715,0 a 5 personas,Restaurantes con servicio de preparación de alimentos a la carta o de comida corrida,248,2.7
991886,ANTOJERIA,19.43294434,-99.14377894,0 a 5 personas,"Cafeterías, fuentes de sodas, neverías, refresquerías y similares",66,3.1
9176127,ANTOJERIA,19.32212945,-99.16445808,0 a 5 personas,Restaurantes que preparan otro tipo de alimentos para llevar,104,2.5
8326311,ANTOJERIA 111,19.43328966,-99.13557577,0 a 5 personas,Restaurantes que preparan otro tipo de alimentos para llevar,131,4.8
8138487,ANTOJERIA ALE,19.36066066,-99.01945628,0 a 5 personas,Restaurantes con servicio de preparación de antojitos,75,3.4
1021219,ANTOJERIA ALIS,19.3196698,-99.22626812,0 a 5 personas,Restaurantes con servicio de preparación de antojitos,96,2.7
9907689,ANTOJERIA ALITAS SIN NOMBRE,19.37057788,-99.07403337,0 a 5 personas,"Restaurantes con servicio de preparación de pizzas, hamburguesas, hot dogs y pollos rostizados para llevar",75,4.5
642885,ANTOJERIA AMI,19.49472683,-99.19611054,0 a 5 personas,Restaurantes con servicio de preparación de antojitos,362,4.4
871646,ANTOJERIA ANGELICA,19.39199106,-99.18338973,0 a 5 personas,Restaurantes con servicio de preparación de antojitos,258,3.7
8277543,ANTOJERIA ANTOJITOS MEXICANOS,19.49781305,-99.07009018,0 a 5 personas,Restaurantes con servicio de preparación de tacos y tortas,169,3.2
9567751,ANTOJERIA ANTOJITOS SUPER DELI,19.2887027,-99.02696184,0 a 5 personas,Restaurantes con servicio de preparación de antojitos,271,4.7
857612,ANTOJERIA ARA,19.30125677,-99.17718915,0 a 5 personas,Restaurantes con servicio de preparación de antojitos,128,4.4
8442896,ANTOJERIA BENDITA GULA,19.33161448,-99.21747933,0 a 5 personas,Restaurantes con servicio de preparación de antojitos,481,4.2
979673,ANTOJERIA BETO S,19.35959594,-99.16350879,6 a 10 personas,Restaurantes con servicio de preparación de antojitos,331,1.8
7627826,ANTOJERIA BLANQUITA,19.28442676,-99.14036581,11 a 30 personas,Restaurantes con servicio de preparación de antojitos,90,3.5
9981312,ANTOJERIA BLANQUITA,19.28883656,-99.14711237,0 a 5 personas,Restaurantes con servicio de preparación de antojitos,205,3.3
855678,ANTOJERIA CAMINOS DE MICHOACAN,19.45492297,-99.14086572,0 a 5 personas,Restaurantes con servicio de preparación de antojitos,452,4.5
804929,ANTOJERIA CARMELITA,19.41509534,-99.05862939,0 a 5 personas,Restaurantes con servicio de preparación de antojitos,50,4.1
728553,ANTOJERIA CECI,19.37843368,-99.01276359,0 a 5 personas,Restaurantes con servicio de preparación de antojitos,305,4.4
10652975,ANTOJERIA CHEF MEXICAN,19.39424872,-99.14247466,0 a 5 personas,Restaurantes con servicio de preparación de antojitos,83,3.9
926021,ANTOJERIA CHIPS,19.36666534,-99.2016624,0 a 5 personas,Restaurantes con servicio de preparación de antojitos,407,3.4
7706145,ANTOJERIA CORA,19.30802465,-99.24723043,0 a 5 personas,Restaurantes con servicio de preparación de tacos y tortas,393,3.7
7713862,ANTOJERIA DE BARRIO,19.4946788,-99.11866439,0 a 5 personas,Restaurantes con servicio de preparación de tacos y tortas,474,4.1
9798224,ANTOJERIA DE CALLE,19.47806986,-99.19042826,0 a 5 personas,Restaurantes con servicio de preparación de alimentos a la carta o de comida corrida,393,4.6
11110088,ANTOJERIA DON PEPE,19.32020711,-99.04429871,0 a 5 personas,Restaurantes con servicio de preparación de antojitos,114,3.2
925764,ANTOJERIA EL ANGUS DEL QUESO,19.35408963,-99.23541542,0 a 5 personas,Restaurantes con servicio de preparación de tacos y tortas,304,4.8
11164091,ANTOJERIA EL ANTOJO,19.36643536,-99.20900903,0 a 5 personas,Restaurantes con servicio de preparación de antojitos,123,3.4
7262493,ANTOJERIA EL ASTRO,19.37249258,-99.21490185,0 a 5 personas,Restaurantes con servicio de preparación de antojitos,53,4.7
8272422,ANTOJERIA EL JACALITO,19.49888469,-99.11789129,0 a 5 personas,Restaurantes con servicio de preparación de antojitos,447,4.3
8489273,ANTOJERIA EL KE-TACO,19.38878176,-99.14610177,0 a 5 personas,Restaurantes con servicio de preparación de tacos y tortas,496,3.8
7268574,ANTOJERIA EL MESON DEL SOL,19.41534255,-99.10582919,0 a 5 personas,Restaurantes con servicio de preparación de antojitos,70,4.1
7983486,ANTOJERIA EL PARICUTIN,19.40184312,-99.17634086,6 a 10 personas,Restaurantes con servicio de preparación de antojitos,369,4.8
1010821,ANTOJERIA EL RINCON GUERRERENSE,19.2709717,-99.15951262,0 a 5 personas,Restaurantes con servicio de preparación de antojitos,203,2.8
7904054,ANTOJERIA EL TLACUACHE FELIZ,19.3599616,-99.08463898,0 a 5 personas,Restaurantes con servicio de preparación de antojitos,407,2.9
7399763,ANTOJERIA EMY,19.44183742,-99.19829163,0 a 5 personas,Restaurantes con servicio de preparación de antojitos,293,2.7
703366,ANTOJERIA GABY,19.41926777,-99.12287371,0 a 5 personas,Restaurantes con servicio de preparación de antojitos,118,3.4
9153092,ANTOJERIA GABY,19.30915003,-99.22994392,0 a 5 personas,Restaurantes con servicio de preparación de antojitos,457,3.4
721958,ANTOJERIA HUARACHES CHUCHO,19.35933231,-99.08499237,0 a 5 personas,Restaurantes con servicio de preparación de antojitos,59,3.3
747127,ANTOJERIA IZTACCIHUATL,19.42491359,-99.10136338,0 a 5 personas,Restaurantes con servicio de preparación de antojitos,148,2.5
9069670,ANTOJERIA JAMAICA,19.40997874,-99.12374488,0 a 5 personas,Restaurantes con servicio de preparación de antojitos,81,4.1
8303326,ANTOJERIA JAPONESA SUSHIMX,19.40033879,-99.17193609,11 a 30 personas,Restaurantes de autoservicio,122,3.6
7706001,ANTOJERIA LA CHINA,19.35735383,-99.12204142,6 a 10 personas,Restaurantes con servicio de preparación de tacos y tortas,464,3.6
11070590,ANTOJERIA LA CHINA,19.35021199,-99.09941078,0 a 5 personas,Restaurantes que preparan otro tipo de alimentos para llevar,282,4.5
1000316,ANTOJERIA LA CRUZ,19.32804571,-99.14809752,0 a 5 personas,Restaurantes con servicio de preparación de antojitos,448,3.7
1045768,ANTOJERIA LA ESPINITA DEL SABOR,19.45243015,-99.15713228,6 a 10 personas,Restaurantes con servicio de preparación de alimentos a la carta o de comida corrida,227,3.3
10126900,ANTOJERIA LA FINCA,19.47260465,-99.11935211,0 a 5 personas,Restaurantes con servicio de preparación de antojitos,52,3.2
836916,ANTOJERIA LA FLOR,19.3051387,-99.08124857,0 a 5 personas,Restaurantes con servicio de preparación de antojitos,153,4.1
879083,ANTOJERIA LA FLOR DE MILPA ALTA,19.19207299,-99.02587092,0 a 5 personas,Restaurantes con servicio de preparación de antojitos,84,4.4
943750,ANTOJERIA LA GOMA,19.29555868,-99.01478272,0 a 5 personas,"Cafeterías, fuentes de sodas, neverías, refresquerías y similares",164,3.1
9977306,ANTOJERIA LA MAS SABROSA,19.52377907,-99.14597129,0 a 5 personas,Restaurantes con servicio de preparación de antojitos,359,4.4
736645,ANTOJERIA LA PALMA,19.33217639,-99.05311582,0 a 5 personas,Restaurantes con servicio de preparación de antojitos,254,4.2
7619500,ANTOJERIA LA PASADITA,19.23718829,-99.11491287,0 a 5 personas,Restaurantes con servicio de preparación de antojitos,391,4.2
7736258,ANTOJERIA LA POBLANITA,19.3688397,-99.0949017,0 a 5 personas,Restaurantes con servicio de preparación de antojitos,161,3.8
1032633,ANTOJERIA LA SUPER E,19.24207386,-99.11159332,0 a 5 personas,Restaurantes con servicio de preparación de antojitos,248,3.2
990492,ANTOJERIA LAS BOMBAS,19.30891333,-99.13201855,0 a 5 personas,Restaurantes con servicio de preparación de antojitos,299,4.0
871577,ANTOJERIA LAS CAZUELAS DE SAN PEDRO,19.39199136,-99.18302701,0 a 5 personas,Restaurantes con servicio de preparación de antojitos,389,3.9
867354,ANTOJERIA LAS CHALUPITAS,19.40641386,-99.17256831,11 a 30 personas,Restaurantes con servicio de preparación de alimentos a la carta o de comida corrida,150,4.4
683980,ANTOJERIA LOCAL,19.47547283,-99.17666296,0 a 5 personas,Restaurantes con servicio de preparación de tacos y tortas,459,3.4
9209482,ANTOJERIA LOS GUERREROS,19.31555427,-99.14738139,0 a 5 personas,Restaurantes con servicio de preparación de antojitos,132,4.5
7719022,ANTOJERIA LOS JARRITOS,19.31320629,-99.16075714,0 a 5 personas,Restaurantes con servicio de preparación de antojitos,271,3.2
709674,ANTOJERIA LOS SECRETOS,19.38291833,-99.06102364,0 a 5 personas,Restaurantes con servicio de preparación de antojitos,403,4.1
7262306,ANTOJERIA LOS TUXTLAS,19.39557515,-99.19377363,0 a 5 personas,Restaurantes con servicio de preparación de tacos y tortas,340,4.0
7673480,ANTOJERIA LULU,19.3661596,-99.19964818,0 a 5 personas,Restaurantes con servicio de preparación de antojitos,205,4.8
7755965,ANTOJERIA MAMA SARITA,19.43411914,-99.1419003,0 a 5 personas,Restaurantes con servicio de preparación de antojitos,148,4.0
7760625,ANTOJERIA MANA,19.33580343,-99.12606829,6 a 10 personas,Restaurantes que preparan otro tipo de alimentos para llevar,302,4.7
9938372,ANTOJERIA MEXICANA EL BONCHE,19.37935983,-99.14069278,6 a 10 personas,Restaurantes con servicio de preparación de alimentos a la carta o de comida corrida,275,4.2
11668456,ANTOJERIA MOLCAS Y CHELAS,19.32579979,-99.24621787,6 a 10 personas,Restaurantes que preparan otro tipo de alimentos para llevar,289,3.6
8182745,ANTOJERIA NO. 97,19.47334367,-99.14981059,0 a 5 personas,Restaurantes con servicio de preparación de antojitos,162,2.7
7816610,ANTOJERIA OLGA,19.36426723,-99.02174331,0 a 5 personas,Restaurantes con servicio de preparación de antojitos,428,4.7
10748059,ANTOJERIA PAQUITO,19.48350653,-99.18575436,0 a 5 personas,Restaurantes con servicio de preparación de antojitos,193,4.3
11386577,ANTOJERIA PAQUITO,19.48350653,-99.18575436,0 a 5 personas,Restaurantes con servicio de preparación de antojitos,481,2.9
649196,ANTOJERIA PAQUITO,19.48350653,-99.18575436,0 a 5 personas,Restaurantes con servicio de preparación de antojitos,292,3.6
7136990,ANTOJERIA PILY,19.42029264,-99.08868473,0 a 5 personas,Restaurantes con servicio de preparación de antojitos,386,2.8
7705463,ANTOJERIA Q KAS TANO,19.3201867,-99.24193046,0 a 5 personas,Restaurantes con servicio de preparación de antojitos,393,3.5
10615057,ANTOJERIA QUINTA MARIA,19.21695419,-99.2000099,0 a 5 personas,"Restaurantes con servicio de preparación de pizzas, hamburguesas, hot dogs y pollos rostizados para llevar",118,4.9
984306,ANTOJERIA REFORMA,19.44120928,-99.14323427,0 a 5 personas,Restaurantes con servicio de preparación de tacos y tortas,253,3.6
984290,ANTOJERIA REFORMA,19.44131061,-99.14377377,0 a 5 personas,Restaurantes con servicio de preparación de tacos y tortas,455,4.5
11137870,ANTOJERIA REFORMA,19.44142777,-99.14412414,0 a 5 personas,Restaurantes con servicio de preparación de antojitos,61,2.3
10892931,ANTOJERIA ROSANA,19.33131487,-99.11934806,0 a 5 personas,Restaurantes con servicio de preparación de antojitos,142,3.2
679176,ANTOJERIA ROSITA,19.44581624,-99.06318078,0 a 5 personas,Restaurantes con servicio de preparación de antojitos,107,4.0
871719,ANTOJERIA ROSITA,19.39199106,-99.18338973,0 a 5 personas,Restaurantes con servicio de preparación de antojitos,344,3.8
979679,ANTOJERIA SAN SEBASTIAN,19.36023635,-99.16613621,0 a 5 personas,Restaurantes con servicio de preparación de antojitos,469,4.9
11473589,ANTOJERIA SANTIAGO APOSTOL,19.3709306,-99.16202445,0 a 5 personas,Restaurantes con servicio de preparación de antojitos,311,3.1
10922725,ANTOJERIA SIN NOMBRE,19.31420253,-99.08728178,0 a 5 personas,Restaurantes con servicio de preparación de antojitos,225,3.5
1043593,ANTOJERIA SIN NOMBRE,19.30452386,-99.26965432,0 a 5 personas,Restaurantes con servicio de preparación de antojitos,57,4.5
765354,ANTOJERIA SIN NOMBRE,19.44051822,-99.17009729,0 a 5 personas,Restaurantes con servicio de preparación de antojitos,119,4.6
8508471,ANTOJERIA SIN NOMBRE,19.26599183,-99.16919394,0 a 5 personas,Restaurantes con servicio de preparación de antojitos,104,4.1
10256924,ANTOJERIA SIN NOMBRE,19.42449684,-99.07147141,0 a 5 personas,Restaurantes con servicio de preparación de antojitos,399,3.9
8257111,ANTOJERIA SUSI,19.33021291,-99.04678119,0 a 5 personas,Restaurantes con servicio de preparación de antojitos,110,3.7
667660,ANTOJERIA TACORRO.COM,19.47547283,-99.17666296,0 a 5 personas,Restaurantes con servicio de preparación de tacos y tortas,303,4.1
907608,ANTOJERIA TACOS Y ALGO MAS,19.33186453,-99.17628953,0 a 5 personas,Restaurantes con servicio de preparación de tacos y tortas,388,4.4
10966485,ANTOJERIA TOÑITO,19.40437673,-99.18805632,0 a 5 personas,"Bares, cantinas y similares",399,4.6
11204905,ANTOJERIA VEGETARIANA,19.40775199,-99.18941882,0 a 5 personas,Restaurantes con servicio de preparación de alimentos a la carta o de comida corrida,443,3.7
988727,ANTOJERIA VERONICA,19.35014449,-99.14663793,0 a 5 personas,Restaurantes con servicio de preparación de antojitos,353,4.2
785709,ANTOJERIA VIADUCTO,19.40530859,-99.11701787,0 a 5 personas,Restaurantes con servicio de preparación de antojitos,371,3.6
695646,ANTOJERIA XOCHIPILLI,19.43209506,-99.1159674,0 a 5 personas,Restaurantes con servicio de preparación de antojitos,415,4.2
747433,ANTOJERIA Y COMIDA CORRIDA LAS SUIZAS,19.41054584,-99.08301707,0 a 5 personas,Restaurantes con servicio de preparación de tacos y tortas,156,3.3
835948,ANTOJERIA Y JUGUERIA GERI,19.31682305,-99.07396108,0 a 5 personas,Restaurantes con servicio de preparación de tacos y tortas,201,4.2
1042094,ANTOJERIA Y ROSTICERIA VIC,19.42694266,-99.14280693,6 a 10 personas,Restaurantes con servicio de preparación de antojitos,425,4.3
646825,ANTOJERIA YOLA,19.37760415,-99.11107763,0 a 5 personas,Restaurantes con servicio de preparación de antojitos,333,3.3
10572067,ANTOJERIAS DE MAU CASA DE INFUSIONES,19.35786095,-99.16140314,0 a 5 personas,Restaurantes con servicio de preparación de antojitos,83,3.4
11036283,ANTOJERIAS Y HAMBURGUESAS SIN NOMBRE,19.25788606,-99.10746803,0 a 5 personas,Restaurantes con servicio de preparación de antojitos,362,4.0
7802132,ANTOJICOS MARY,19.47532048,-99.13211991,0 a 5 personas,Restaurantes con servicio de preparación de antojitos,116,3.9
11132679,ANTOJISTOS LA ABUELA,19.48894549,-99.1990861,0 a 5 personas,Restaurantes con servicio de preparación de antojitos,331,4.2
10790712,ANTOJITAS BERNA,19.32554171,-99.1638023,0 a 5 personas,Restaurantes con servicio de preparación de antojitos,240,3.3
7262538,ANTOJITITOS SIN NOMBRE,19.36703056,-99.23445909,0 a 5 personas,Restaurantes con servicio de preparación de antojitos,199,3.8
9680501,ANTOJITO CHEMA,19.43793771,-99.15505995,0 a 5 personas,Restaurantes con servicio de preparación de antojitos,156,3.5
8602102,ANTOJITO CRUZ,19.30006756,-99.17658429,0 a 5 personas,Restaurantes que preparan otro tipo de alimentos para llevar,469,2.2
669420,ANTOJITO ISABELLA,19.56405656,-99.13868915,0 a 5 personas,Restaurantes con servicio de preparación de tacos y tortas,255,3.5
11725466,ANTOJITO JAZZ,19.3048498,-99.26891554,0 a 5 personas,Restaurantes con servicio de preparación de antojitos,86,3.6
7630741,ANTOJITO MARI,19.26708523,-99.00485908,0 a 5 personas,Restaurantes que preparan otro tipo de alimentos para llevar,180,4.2
768716,ANTOJITO MEXICANO,19.4277071,-99.12302049,0 a 5 personas,Restaurantes con servicio de preparación de tacos y tortas,395,3.1
9667269,ANTOJITO MEXICANOS,19.38885089,-99.03859477,0 a 5 personas,Restaurantes con servicio de preparación de antojitos,281,3.4
8651736,ANTOJITO MEXICANOS,19.49567019,-99.07047978,0 a 5 personas,Restaurantes con servicio de preparación de antojitos,113,3.8
7732744,ANTOJITO MEXICANOS,19.42308822,-99.15872596,0 a 5 personas,Restaurantes con servicio de preparación de antojitos,413,4.1
848627,ANTOJITO MEXICANOS ANGY,19.29295876,-99.22515774,0 a 5 personas,Restaurantes con servicio de preparación de antojitos,267,3.7
714097,ANTOJITO MEXICANOS MARTINEZ,19.35883135,-99.09443923,0 a 5 personas,Restaurantes con servicio de preparación de antojitos,153,2.8
936093,ANTOJITO MEXICANOS MARY,19.27449884,-99.11974749,0 a 5 personas,Restaurantes con servicio de preparación de antojitos,456,3.1
9222025,ANTOJITO MIS PEQUES,19.27288782,-99.15501077,0 a 5 personas,Restaurantes con servicio de preparación de antojitos,107,3.2
11096569,ANTOJITO SIN NOMBRE,19.202975,-99.14674974,0 a 5 personas,Restaurantes con servicio de preparación de antojitos,445,4.7
11305125,ANTOJITOS,19.45437742,-99.08593111,0 a 5 personas,Restaurantes con servicio de preparación de antojitos,391,4.1
10978810,ANTOJITOS,19.29343195,-99.06449476,0 a 5 personas,Restaurantes con servicio de preparación de antojitos,101,4.1
10197568,ANTOJITOS,19.44026455,-99.12825573,0 a 5 personas,Restaurantes con servicio de preparación de antojitos,316,3.5
7444967,ANTOJITOS,19.40306702,-99.19131991,0 a 5 personas,Restaurantes que preparan otro tipo de alimentos para llevar,314,2.5
763143,ANTOJITOS,19.38936517,-99.03521388,0 a 5 personas,Restaurantes con servicio de preparación de antojitos,438,3.8
8671374,ANTOJITOS,19.31432441,-99.05916804,0 a 5 personas,Restaurantes con servicio de preparación de antojitos,375,3.5
724567,ANTOJITOS,19.32592762,-99.06213694,0 a 5 personas,Restaurantes con servicio de preparación de antojitos,120,4.7
753619,ANTOJITOS,19.44743511,-99.19457405,0 a 5 personas,Restaurantes con servicio de preparación de antojitos,159,3.9
11489838,ANTOJITOS,19.23976028,-99.23250562,0 a 5 personas,Restaurantes con servicio de preparación de antojitos,195,4.4
706962,ANTOJITOS,19.39449721,-99.12020537,0 a 5 personas,Restaurantes con servicio de preparación de antojitos,114,3.8
11110942,ANTOJITOS,19.39364061,-99.10572743,0 a 5 personas,Restaurantes con servicio de preparación de antojitos,417,4.1
710945,ANTOJITOS,19.41752488,-99.06005326,0 a 5 personas,Restaurantes con servicio de preparación de antojitos,128,3.8
910796,ANTOJITOS,19.32489701,-99.1609491,0 a 5 personas,Restaurantes con servicio de preparación de antojitos,359,3.1
710860,ANTOJITOS,19.41755274,-99.06033956,0 a 5 personas,Restaurantes con servicio de preparación de antojitos,442,4.6
11057864,ANTOJITOS,19.35561798,-99.07919535,0 a 5 personas,Restaurantes con servicio de preparación de antojitos,376,3.2
8940158,ANTOJITOS,19.32994796,-99.08494439,0 a 5 personas,Restaurantes con servicio de preparación de antojitos,493,3.4
726252,ANTOJITOS,19.32348332,-99.0501352,0 a 5 personas,Restaurantes con servicio de preparación de antojitos,186,4.1
8306338,ANTOJITOS,19.32053499,-99.05142842,0 a 5 personas,Servicios de preparación de otros alimentos para consumo inmediato,221,4.5
706550,ANTOJITOS,19.40194208,-99.09975491,0 a 5 personas,Restaurantes con servicio de preparación de antojitos,188,3.2
8652203,ANTOJITOS,19.45096307,-99.10993329,0 a 5 personas,Restaurantes con servicio de preparación de antojitos,180,3.9
799254,ANTOJITOS,19.39105152,-99.09451512,0 a 5 personas,Restaurantes con servicio de preparación de antojitos,254,3.9
9690587,ANTOJITOS,19.39299018,-99.04263122,0 a 5 personas,Restaurantes con servicio de preparación de antojitos,310,3.1
10680995,ANTOJITOS,19.36663143,-99.0673304,0 a 5 personas,Restaurantes con servicio de preparación de antojitos,209,4.7
720428,ANTOJITOS,19.38148493,-99.0744391,0 a 5 personas,Restaurantes con servicio de preparación de antojitos,199,4.7
845715,ANTOJITOS,19.40848985,-99.07463776,0 a 5 personas,Restaurantes con servicio de preparación de tacos y tortas,359,4.5
9662110,ANTOJITOS,19.32099089,-99.05727629,0 a 5 personas,Restaurantes con servicio de preparación de antojitos,486,4.2
11823233,ANTOJITOS,19.25476328,-99.00607044,0 a 5 personas,Restaurantes con servicio de preparación de antojitos,495,4.3
914649,ANTOJITOS,19.26918386,-99.23313412,0 a 5 personas,Restaurantes con servicio de preparación de antojitos,483,4.6
820946,ANTOJITOS,19.44816063,-99.05791216,0 a 5 personas,Restaurantes con servicio de preparación de antojitos,156,3.9
7718332,ANTOJITOS,19.29393351,-99.12567954,0 a 5 personas,Restaurantes con servicio de preparación de antojitos,75,4.1
11091378,ANTOJITOS,19.57498772,-99.13116481,0 a 5 personas,Restaurantes con servicio de preparación de antojitos,116,5.0
11767150,ANTOJITOS,19.51810644,-99.15259786,0 a 5 personas,Restaurantes con servicio de preparación de antojitos,231,4.2
11255607,ANTOJITOS,19.47600762,-99.06731258,0 a 5 personas,Restaurantes con servicio de preparación de antojitos,474,3.6
10351926,ANTOJITOS,19.36743083,-98.9982234,0 a 5 personas,Restaurantes con servicio de preparación de antojitos,176,3.5
675451,ANTOJITOS,19.46470601,-99.12656225,0 a 5 personas,Restaurantes con servicio de preparación de antojitos,427,4.1
938914,ANTOJITOS,19.25971196,-99.031131,0 a 5 personas,Restaurantes con servicio de preparación de antojitos,185,3.3
826467,ANTOJITOS,19.35537922,-99.01828275,0 a 5 personas,Restaurantes que preparan otro tipo de alimentos para llevar,73,4.9
762275,ANTOJITOS,19.48598235,-99.09546697,0 a 5 personas,Restaurantes con servicio de preparación de antojitos,318,3.5
10427352,ANTOJITOS,19.48011732,-99.14522887,0 a 5 personas,Restaurantes con servicio de preparación de antojitos,380,3.7
662608,ANTOJITOS,19.50113128,-99.15310717,0 a 5 personas,Restaurantes con servicio de preparación de antojitos,279,3.6
851239,ANTOJITOS,19.26677299,-99.23541799,0 a 5 personas,Servicios de preparación de otros alimentos para consumo inmediato,158,3.6
11185407,ANTOJITOS,19.1968811,-99.1417578,0 a 5 personas,Restaurantes con servicio de preparación de antojitos,237,3.7
10517544,ANTOJITOS,19.341855,-99.0314471,0 a 5 personas,Restaurantes con servicio de preparación de antojitos,284,3.6
9748360,ANTOJITOS,19.34371498,-99.07103176,0 a 5 personas,Restaurantes con servicio de preparación de antojitos,191,4.5
9908120,ANTOJITOS,19.37487017,-99.20865966,0 a 5 personas,Restaurantes con servicio de preparación de antojitos,95,4.8
789837,ANTOJITOS,19.39367817,-99.11385243,0 a 5 personas,Restaurantes con servicio de preparación de antojitos,292,3.0
10644364,ANTOJITOS,19.3688344,-99.22233553,0 a 5 personas,Restaurantes con servicio de preparación de antojitos,310,2.7
11663710,ANTOJITOS,19.5640408,-99.12764567,0 a 5 personas,Restaurantes con servicio de preparación de antojitos,288,3.8
9650711,ANTOJITOS,19.22040826,-99.20118579,0 a 5 personas,Restaurantes con servicio de preparación de antojitos,190,3.6
789823,ANTOJITOS,19.39367817,-99.11385243,0 a 5 personas,Restaurantes con servicio de preparación de antojitos,201,3.5
11651275,ANTOJITOS,19.49753012,-99.07570647,0 a 5 personas,Restaurantes con servicio de preparación de antojitos,449,3.3
9656971,ANTOJITOS,19.3068405,-99.16945741,0 a 5 personas,Restaurantes con servicio de preparación de antojitos,78,3.9
9209486,ANTOJITOS,19.31159151,-99.15048334,0 a 5 personas,Restaurantes con servicio de preparación de antojitos,68,4.2
11603669,ANTOJITOS,19.32285734,-99.2619071,0 a 5 personas,Restaurantes con servicio de preparación de antojitos,130,3.8
907305,ANTOJITOS,19.31935567,-99.16832167,0 a 5 personas,Restaurantes con servicio de preparación de antojitos,493,4.1
971979,ANTOJITOS,19.43908503,-99.13046763,0 a 5 personas,Restaurantes con servicio de preparación de tacos y tortas,495,3.6
11239776,ANTOJITOS,19.31161903,-99.10304426,0 a 5 personas,Restaurantes con servicio de preparación de antojitos,225,4.3
10413124,ANTOJITOS,19.4277071,-99.12302049,0 a 5 personas,Restaurantes con servicio de preparación de antojitos,270,3.8
11686245,ANTOJITOS,19.31431076,-99.16080816,0 a 5 personas,Restaurantes con servicio de preparación de antojitos,337,3.9
7137387,ANTOJITOS,19.42905638,-99.10693055,0 a 5 personas,Restaurantes con servicio de preparación de antojitos,95,2.4
665340,ANTOJITOS,19.47540474,-99.16236379,0 a 5 personas,Restaurantes con servicio de preparación de antojitos,130,3.7
652755,ANTOJITOS,19.51087978,-99.15489319,0 a 5 personas,Restaurantes con servicio de preparación de tacos y tortas,120,4.4
742739,ANTOJITOS,19.42201585,-99.07245825,0 a 5 personas,Restaurantes con servicio de preparación de antojitos,279,3.4
806061,ANTOJITOS,19.45437742,-99.08593111,0 a 5 personas,Restaurantes con servicio de preparación de antojitos,374,4.0
758319,ANTOJITOS,19.41587611,-99.10113816,0 a 5 personas,Restaurantes con servicio de preparación de antojitos,489,4.0
833862,ANTOJITOS,19.31980567,-99.06425744,0 a 5 personas,Restaurantes con servicio de preparación de antojitos,172,3.6
9954368,ANTOJITOS,19.26850291,-99.22223986,0 a 5 personas,Restaurantes con servicio de preparación de antojitos,466,4.3
7255690,ANTOJITOS,19.36760914,-99.16315484,0 a 5 personas,Restaurantes con servicio de preparación de antojitos,72,4.6
681746,ANTOJITOS,19.49394213,-99.21131258,0 a 5 personas,Restaurantes con servicio de preparación de antojitos,428,3.1
650378,ANTOJITOS,19.37265374,-99.1299104,0 a 5 personas,Restaurantes con servicio de preparación de antojitos,147,4.2
752255,ANTOJITOS,19.45275583,-99.20226512,0 a 5 personas,Restaurantes con servicio de preparación de antojitos,238,3.5
910494,ANTOJITOS,19.31426524,-99.16157769,0 a 5 personas,Restaurantes con servicio de preparación de antojitos,181,2.6
11598173,ANTOJITOS,19.26910835,-99.22327077,0 a 5 personas,Restaurantes con servicio de preparación de antojitos,498,3.9
11734215,ANTOJITOS,19.30707627,-99.13232182,0 a 5 personas,Restaurantes con servicio de preparación de antojitos,179,4.6
10433294,ANTOJITOS,19.26739587,-99.19962415,0 a 5 personas,Restaurantes con servicio de preparación de antojitos,398,3.9
10130091,ANTOJITOS,19.19915281,-99.13922094,0 a 5 personas,Restaurantes con servicio de preparación de antojitos,235,4.6
805951,ANTOJITOS,19.45437742,-99.08593111,0 a 5 personas,Restaurantes con servicio de preparación de tacos y tortas,378,4.2
751588,ANTOJITOS,19.45461776,-99.20690762,0 a 5 personas,Restaurantes con servicio de preparación de antojitos,77,3.6
780043,ANTOJITOS,19.42953386,-99.12329472,0 a 5 personas,Restaurantes con servicio de preparación de antojitos,210,3.4
846271,ANTOJITOS,19.47332309,-99.14684813,0 a 5 personas,Restaurantes con servicio de preparación de antojitos,328,3.4
9162430,ANTOJITOS,19.44296407,-99.16359822,0 a 5 personas,Restaurantes con servicio de preparación de antojitos,133,3.0
816785,ANTOJITOS,19.34576849,-99.07146324,0 a 5 personas,Restaurantes con servicio de preparación de antojitos,424,2.3
11321063,ANTOJITOS,19.35217483,-99.2864971,0 a 5 personas,Restaurantes con servicio de preparación de antojitos,336,3.3
9139852,ANTOJITOS,19.40237927,-99.18921971,0 a 5 personas,Restaurantes con servicio de preparación de antojitos,97,4.4
11730281,ANTOJITOS,19.41499066,-99.13365031,0 a 5 personas,Restaurantes con servicio de preparación de antojitos,95,3.3
887384,ANTOJITOS,19.43677223,-99.13356395,0 a 5 personas,Restaurantes con servicio de preparación de antojitos,432,3.1
9595906,ANTOJITOS,19.30421748,-99.0476435,0 a 5 personas,Restaurantes con servicio de preparación de antojitos,94,3.6
7612840,ANTOJITOS,19.29713755,-99.02950036,0 a 5 personas,Restaurantes con servicio de preparación de antojitos,267,4.9
11592388,ANTOJITOS,19.32004121,-99.10595661,0 a 5 personas,Restaurantes con servicio de preparación de antojitos,144,4.5
7760707,ANTOJITOS,19.31362934,-99.10312561,0 a 5 personas,Restaurantes con servicio de preparación de antojitos,465,3.5
973248,ANTOJITOS,19.33636039,-99.12305047,0 a 5 personas,Restaurantes con servicio de preparación de antojitos,356,2.1
11256325,ANTOJITOS,19.35554892,-99.02045523,0 a 5 personas,Restaurantes con servicio de preparación de antojitos,352,4.6
8306852,ANTOJITOS,19.33179958,-99.08701153,0 a 5 personas,Restaurantes con servicio de preparación de antojitos,366,3.6
678198,ANTOJITOS,19.47160499,-99.09868902,0 a 5 personas,Restaurantes con servicio de preparación de antojitos,227,4.3
767840,ANTOJITOS,19.42397637,-99.18461313,0 a 5 personas,Restaurantes con servicio de preparación de antojitos,84,3.0
681275,ANTOJITOS,19.49671561,-99.17384966,0 a 5 personas,Restaurantes con servicio de preparación de antojitos,448,3.8
11093270,ANTOJITOS,19.43881373,-99.17352425,0 a 5 personas,Restaurantes con servicio de preparación de tacos y tortas,470,4.2
10260566,ANTOJITOS,19.35073044,-99.00939114,0 a 5 personas,Restaurantes con servicio de preparación de antojitos,105,4.5
7192373,ANTOJITOS,19.32384697,-99.07631729,0 a 5 personas,Restaurantes con servicio de preparación de antojitos,108,4.6
8193063,ANTOJITOS,19.35332992,-99.00096138,0 a 5 personas,Restaurantes con servicio de preparación de antojitos,458,3.0
7261599,ANTOJITOS,19.39145045,-99.19623153,0 a 5 personas,Restaurantes con servicio de preparación de antojitos,69,2.7
9978595,ANTOJITOS 2 HERMANOS,19.50321332,-99.20172547,0 a 5 personas,Restaurantes con servicio de preparación de antojitos,225,2.1
11303312,ANTOJITOS 4 ESTRELLAS,19.47568708,-99.21923117,0 a 5 personas,Restaurantes con servicio de preparación de antojitos,135,4.5
794763,ANTOJITOS 42,19.39308934,-99.10584013,0 a 5 personas,Restaurantes con servicio de preparación de antojitos,197,4.0
759147,ANTOJITOS 5 ESTRELLAS,19.44118154,-99.17339893,0 a 5 personas,"Restaurantes con servicio de preparación de pizzas, hamburguesas, hot dogs y pollos rostizados para llevar",448,2.7
10476571,ANTOJITOS 5 SOLECITOS,19.18732746,-99.07344941,0 a 5 personas,Restaurantes con servicio de preparación de antojitos,111,3.2
9637970,ANTOJITOS 93,19.39364061,-99.10572743,0 a 5 personas,Restaurantes con servicio de preparación de antojitos,143,2.2
11650231,ANTOJITOS 94,19.39364061,-99.10572743,0 a 5 personas,Restaurantes con servicio de preparación de antojitos,63,3.5
9997449,ANTOJITOS A LA MEXICANA,19.44274401,-99.15818153,6 a 10 personas,Restaurantes con servicio de preparación de antojitos,154,4.8
1010529,ANTOJITOS A LA MEXICANA,19.44282612,-99.15816652,6 a 10 personas,Restaurantes con servicio de preparación de antojitos,454,4.1
9887427,ANTOJITOS A MI GUSTO,19.35244245,-99.16121129,0 a 5 personas,Restaurantes con servicio de preparación de tacos y tortas,227,4.5
773473,ANTOJITOS AARON,19.49019155,-99.08328132,0 a 5 personas,Restaurantes con servicio de preparación de antojitos,258,3.5
9724764,ANTOJITOS ABE,19.4772667,-99.15549025,0 a 5 personas,Restaurantes con servicio de preparación de antojitos,118,4.0
9928435,ANTOJITOS ABI,19.23130791,-99.10333273,0 a 5 personas,Restaurantes con servicio de preparación de antojitos,448,3.1
1034584,ANTOJITOS ACOLCO,19.24656496,-99.07252301,0 a 5 personas,Restaurantes con servicio de preparación de antojitos,112,3.5
10873998,ANTOJITOS ACUARIO,19.25496195,-99.0534218,0 a 5 personas,Restaurantes con servicio de preparación de antojitos,220,3.9
9562929,ANTOJITOS ACUEDUCTO,19.25806855,-99.03415054,0 a 5 personas,Restaurantes con servicio de preparación de antojitos,332,4.6
662954,ANTOJITOS ADELITA,19.42461895,-99.09566868,0 a 5 personas,Restaurantes con servicio de preparación de tacos y tortas,431,4.6
11336996,ANTOJITOS ADELITA,19.44759659,-99.05540289,0 a 5 personas,Restaurantes con servicio de preparación de antojitos,366,3.4
11663662,ANTOJITOS ADRI,19.4802379,-99.08187879,0 a 5 personas,Restaurantes con servicio de preparación de antojitos,359,4.4
9624240,ANTOJITOS ADRIEL,19.3108711,-99.11135269,0 a 5 personas,Restaurantes con servicio de preparación de antojitos,236,4.3
693647,ANTOJITOS AILEN,19.44945345,-99.11578931,0 a 5 personas,Restaurantes con servicio de preparación de antojitos,285,4.6
11527655,ANTOJITOS AILIYN,19.25569109,-99.06127378,0 a 5 personas,Restaurantes con servicio de preparación de antojitos,216,2.6
999713,ANTOJITOS AJUSCO,19.32358895,-99.15694102,0 a 5 personas,Restaurantes con servicio de preparación de antojitos,261,4.3
651670,ANTOJITOS AKEMI,19.47862565,-99.21808568,0 a 5 personas,Restaurantes con servicio de preparación de antojitos,166,3.2
8508614,ANTOJITOS AL COMAL,19.26875626,-99.22209632,0 a 5 personas,Restaurantes con servicio de preparación de antojitos,282,3.8
11007836,ANTOJITOS ALAS Y COSTILLA VALE,19.3237167,-99.04362393,0 a 5 personas,Restaurantes con servicio de preparación de antojitos,212,2.7
653165,ANTOJITOS ALE,19.44333854,-99.08460101,0 a 5 personas,Restaurantes con servicio de preparación de antojitos,130,4.6
854587,ANTOJITOS ALE,19.4629876,-99.13346009,0 a 5 personas,Restaurantes con servicio de preparación de antojitos,314,2.8
669803,ANTOJITOS ALE,19.55640285,-99.13347696,0 a 5 personas,Restaurantes con servicio de preparación de antojitos,412,2.8
681029,ANTOJITOS ALE,19.50495808,-99.188179,0 a 5 personas,Restaurantes con servicio de preparación de antojitos,415,4.8
9864483,ANTOJITOS ALE,19.37744562,-99.03495926,0 a 5 personas,Restaurantes con servicio de preparación de antojitos,172,3.3
665616,ANTOJITOS ALE,19.48044583,-99.15685538,0 a 5 personas,Restaurantes con servicio de preparación de antojitos,109,3.9
669572,ANTOJITOS ALE,19.55656752,-99.14029854,0 a 5 personas,Restaurantes con servicio de preparación de antojitos,111,3.9
10158426,ANTOJITOS ALEBRIJES,19.33055027,-99.07218262,0 a 5 personas,Restaurantes con servicio de preparación de antojitos,304,3.1
7627902,ANTOJITOS ALEJANDRA,19.25877237,-99.13291809,0 a 5 personas,Restaurantes con servicio de preparación de antojitos,155,3.5
698605,ANTOJITOS ALEX,19.42808997,-99.12406051,0 a 5 personas,Restaurantes con servicio de preparación de antojitos,373,4.4
9598949,ANTOJITOS ALEX,19.19945836,-99.13810027,0 a 5 personas,Restaurantes con servicio de preparación de antojitos,193,4.9
806922,ANTOJITOS ALEX,19.3500728,-98.99360629,0 a 5 personas,Restaurantes con servicio de preparación de antojitos,449,2.7
10991976,ANTOJITOS ALEX,19.557119,-99.14069015,0 a 5 personas,Restaurantes con servicio de preparación de antojitos,285,4.5
9210277,ANTOJITOS ALEXIS,19.48350653,-99.18575436,0 a 5 personas,Restaurantes con servicio de preparación de antojitos,401,4.2
7254243,ANTOJITOS ALFREDO,19.36870555,-99.18756604,0 a 5 personas,Restaurantes con servicio de preparación de tacos y tortas,81,3.9
11301606,ANTOJITOS ALI,19.25421587,-99.04669547,0 a 5 personas,Restaurantes con servicio de preparación de antojitos,407,3.9
8126528,ANTOJITOS ALI,19.34827293,-99.08128167,0 a 5 personas,Restaurantes con servicio de preparación de antojitos,296,3.6
756482,ANTOJITOS ALICIA,19.3862878,-99.05671661,0 a 5 personas,Restaurantes con servicio de preparación de antojitos,281,4.5
10005421,ANTOJITOS ALICIA,19.48601714,-99.07787028,6 a 10 personas,Restaurantes con servicio de preparación de antojitos,87,3.8
10899616,ANTOJITOS ALIDOM,19.49968288,-99.19709752,0 a 5 personas,Restaurantes que preparan otro tipo de alimentos para llevar,216,2.7
11117824,ANTOJITOS ALISSON,19.48359503,-99.11780558,0 a 5 personas,Restaurantes con servicio de preparación de antojitos,495,4.0
10345266,ANTOJITOS ALONDRA,19.45979815,-99.13619144,0 a 5 personas,Restaurantes con servicio de preparación de antojitos,496,3.9
778697,ANTOJITOS ALVAREZ,19.36795463,-99.03589431,0 a 5 personas,Restaurantes con servicio de preparación de antojitos,154,4.6
948991,ANTOJITOS AMALIA,19.21534075,-98.9882927,0 a 5 personas,Restaurantes con servicio de preparación de antojitos,65,3.9
796557,ANTOJITOS AMERICANOS,19.46748414,-99.10491088,6 a 10 personas,"Restaurantes con servicio de preparación de pizzas, hamburguesas, hot dogs y pollos rostizados para llevar",103,3.4
748080,ANTOJITOS AMY Y MIMI,19.4953167,-99.11905744,0 a 5 personas,Restaurantes con servicio de preparación de antojitos,303,3.8
8197358,ANTOJITOS ANA,19.32332122,-99.03824855,0 a 5 personas,Restaurantes con servicio de preparación de tacos y tortas,286,3.3
7924049,ANTOJITOS ANA,19.33636039,-99.12305047,0 a 5 personas,Restaurantes con servicio de preparación de antojitos,448,3.7
793664,ANTOJITOS ANAIS,19.35690163,-99.05401108,0 a 5 personas,Restaurantes con servicio de preparación de antojitos,67,2.7
11787392,ANTOJITOS ANAYA,19.48884608,-99.18104516,0 a 5 personas,Restaurantes con servicio de preparación de antojitos,309,3.9
11078976,ANTOJITOS ANDREA,19.42160974,-99.14698351,0 a 5 personas,Restaurantes que preparan otro tipo de alimentos para llevar,86,4.0
11423207,ANTOJITOS ANDREITA,19.25555636,-99.05923765,0 a 5 personas,Restaurantes con servicio de preparación de antojitos,345,3.9
9983264,ANTOJITOS ANDY,19.38938767,-99.03645162,0 a 5 personas,Restaurantes con servicio de preparación de antojitos,112,4.7
9576232,ANTOJITOS ANDY,19.47535412,-99.08463341,0 a 5 personas,Restaurantes con servicio de preparación de antojitos,117,4.1
7760896,ANTOJITOS ANGEL,19.30844264,-99.1382955,0 a 5 personas,Restaurantes con servicio de preparación de antojitos,450,4.4
681901,ANTOJITOS ANGEL,19.49011547,-99.19595779,0 a 5 personas,Restaurantes con servicio de preparación de tacos y tortas,425,4.7
11117489,ANTOJITOS ANGELES,19.44859105,-99.11395929,0 a 5 personas,Restaurantes con servicio de preparación de antojitos,225,4.5
683103,ANTOJITOS ANGELES,19.47002933,-99.1900724,0 a 5 personas,Restaurantes con servicio de preparación de antojitos,68,2.8
10361962,ANTOJITOS ANGELICA,19.33413711,-99.03715726,0 a 5 personas,Restaurantes con servicio de preparación de antojitos,135,3.8
707164,ANTOJITOS ANGELITA,19.38665024,-99.11778066,0 a 5 personas,Restaurantes con servicio de preparación de antojitos,472,4.1
906082,ANTOJITOS ANGELITA,19.33093556,-99.16256033,0 a 5 personas,Restaurantes con servicio de preparación de antojitos,284,4.5
8521545,ANTOJITOS ANGELITA,19.49561568,-99.15562163,0 a 5 personas,Restaurantes con servicio de preparación de antojitos,498,3.0
718852,ANTOJITOS ANGI,19.37599151,-99.08071598,0 a 5 personas,Restaurantes con servicio de preparación de antojitos,358,3.6
9045730,ANTOJITOS ANGIE,19.43669854,-99.08336902,0 a 5 personas,Restaurantes con servicio de preparación de antojitos,195,3.7
722275,ANTOJITOS ANGIE,19.35312742,-99.07567411,0 a 5 personas,Restaurantes con servicio de preparación de antojitos,344,3.3
880485,ANTOJITOS ANGIE,19.4441655,-99.14701029,0 a 5 personas,Restaurantes con servicio de preparación de tacos y tortas,493,2.5
800425,ANTOJITOS ANGIE,19.35021591,-99.05075042,0 a 5 personas,Restaurantes con servicio de preparación de antojitos,141,3.7
683478,ANTOJITOS ANGIE,19.47644141,-99.15822081,0 a 5 personas,Restaurantes con servicio de preparación de antojitos,468,4.4
10353586,ANTOJITOS ANGIE,19.27248381,-99.21465055,0 a 5 personas,Restaurantes con servicio de preparación de antojitos,378,4.6
11530078,ANTOJITOS ANGY,19.42201585,-99.07245825,0 a 5 personas,Restaurantes con servicio de preparación de antojitos,386,4.1
683385,ANTOJITOS ANGY,19.4889188,-99.15265592,0 a 5 personas,Restaurantes que preparan otro tipo de alimentos para llevar,467,4.6
10123308,ANTOJITOS ANGY,19.48856308,-99.19679265,0 a 5 personas,Restaurantes con servicio de preparación de antojitos,320,3.5
663688,ANTOJITOS ANI,19.42694743,-99.05839447,0 a 5 personas,Restaurantes con servicio de preparación de antojitos,122,4.8
10590727,ANTOJITOS ANITA,19.3605505,-99.0195644,0 a 5 personas,Restaurantes con servicio de preparación de antojitos,408,3.5
678954,ANTOJITOS ANITA,19.45674218,-99.06402678,0 a 5 personas,Restaurantes con servicio de preparación de antojitos,324,4.7
8276773,ANTOJITOS ANNA,19.49889716,-99.09729353,0 a 5 personas,Restaurantes con servicio de preparación de antojitos,124,4.3
829517,ANTOJITOS ANTALA,19.32684322,-99.10011363,0 a 5 personas,Restaurantes con servicio de preparación de antojitos,134,4.2
11787064,ANTOJITOS ANTONIA,19.17712105,-99.03420494,0 a 5 personas,Restaurantes con servicio de preparación de antojitos,240,4.6
10455507,ANTOJITOS ANTONIA,19.25968011,-99.1241604,0 a 5 personas,Restaurantes con servicio de preparación de antojitos,387,2.8
7756332,ANTOJITOS ANTONIA,19.41834329,-99.12760782,0 a 5 personas,Restaurantes con servicio de preparación de antojitos,331,3.3
10646563,ANTOJITOS ANTONIA,19.30315757,-99.03707193,0 a 5 personas,Restaurantes con servicio de preparación de antojitos,226,3.0
9212751,ANTOJITOS ANTONY,19.39598921,-99.10204351,0 a 5 personas,Restaurantes con servicio de preparación de tacos y tortas,295,3.9
9183419,ANTOJITOS ANY LUIS,19.47279291,-99.06544026,0 a 5 personas,Restaurantes con servicio de preparación de antojitos,309,3.5
950889,ANTOJITOS AQUETZALLI,19.2062455,-99.06999851,0 a 5 personas,Restaurantes con servicio de preparación de antojitos,499,3.7
10251511,ANTOJITOS ARA,19.39668883,-99.20664953,0 a 5 personas,Restaurantes con servicio de preparación de tacos y tortas,194,4.7
10247428,ANTOJITOS ARCHI JUNIOR,19.38657168,-99.06266029,0 a 5 personas,Restaurantes con servicio de preparación de antojitos,296,3.2
9548900,ANTOJITOS ARELI,19.19797458,-99.13790717,0 a 5 personas,Restaurantes con servicio de preparación de antojitos,178,3.0
11215363,ANTOJITOS ARI,19.46782268,-99.0911281,0 a 5 personas,Restaurantes con servicio de preparación de antojitos,126,4.9
800462,ANTOJITOS ASHLEY,19.34954079,-99.05138427,0 a 5 personas,Restaurantes con servicio de preparación de antojitos,251,3.6
10441525,ANTOJITOS ASTRID,19.24970583,-99.104231,0 a 5 personas,Restaurantes con servicio de preparación de antojitos,130,2.9
11418131,ANTOJITOS ATOLE Y TAMALES SIN NOMBRE,19.30228869,-99.245848,0 a 5 personas,Servicios de preparación de otros alimentos para consumo inmediato,168,4.2
11425895,ANTOJITOS AURORA,19.51603652,-99.13320079,0 a 5 personas,Restaurantes con servicio de preparación de antojitos,262,4.4
9561148,ANTOJITOS AVILEZ,19.3803281,-99.10158114,0 a 5 personas,Restaurantes con servicio de preparación de antojitos,418,3.9
10845316,ANTOJITOS AXCHERINE,19.3035383,-99.25628079,0 a 5 personas,Restaurantes con servicio de preparación de antojitos,156,4.0
9145335,ANTOJITOS AZTECA,19.30490587,-99.14866622,0 a 5 personas,Restaurantes con servicio de preparación de tacos y tortas,186,4.1
859712,ANTOJITOS AZTECA,19.30078592,-99.14632112,0 a 5 personas,Restaurantes con servicio de preparación de antojitos,144,4.4
10546000,ANTOJITOS AZUL,19.45594793,-99.14269435,0 a 5 personas,Restaurantes con servicio de preparación de antojitos,148,4.0
9543229,ANTOJITOS BALU,19.50483833,-99.17448177,0 a 5 personas,Restaurantes con servicio de preparación de antojitos,443,3.6
11617115,ANTOJITOS BENNY,19.31434446,-99.25210567,0 a 5 personas,Restaurantes con servicio de preparación de antojitos,226,3.6
808615,ANTOJITOS BENY,19.40281507,-99.05808323,0 a 5 personas,Restaurantes con servicio de preparación de antojitos,97,3.3
774465,ANTOJITOS BERE,19.40276894,-99.18846274,0 a 5 personas,Restaurantes que preparan otro tipo de alimentos para llevar,225,4.2
644468,ANTOJITOS BERE,19.48717534,-99.19405814,0 a 5 personas,Restaurantes con servicio de preparación de antojitos,448,4.1
10034798,ANTOJITOS BERE,19.3642599,-99.00576849,0 a 5 personas,Restaurantes con servicio de preparación de antojitos,94,4.5
810174,ANTOJITOS BERENICE,19.48676225,-99.08161548,0 a 5 personas,Restaurantes con servicio de preparación de antojitos,307,4.4
10461175,ANTOJITOS BETTY,19.29663159,-99.05880713,0 a 5 personas,Restaurantes con servicio de preparación de antojitos,363,3.6
809630,ANTOJITOS BETY,19.55769152,-99.12711173,0 a 5 personas,"Cafeterías, fuentes de sodas, neverías, refresquerías y similares",215,3.1
11401064,ANTOJITOS BETY,19.43093714,-99.13946488,0 a 5 personas,Restaurantes con servicio de preparación de antojitos,52,4.1
811322,ANTOJITOS BETY,19.39460224,-99.07381206,6 a 10 personas,Restaurantes con servicio de preparación de antojitos,267,3.5
8117020,ANTOJITOS BETY,19.47632797,-99.15729582,0 a 5 personas,Restaurantes con servicio de preparación de antojitos,418,4.9
7338334,ANTOJITOS BETY,19.37142458,-99.12959687,0 a 5 personas,Restaurantes con servicio de preparación de tacos y tortas,236,4.7
913673,ANTOJITOS BETY,19.27555855,-99.21606209,0 a 5 personas,Restaurantes con servicio de preparación de antojitos,146,3.7
10765321,ANTOJITOS BETY BOP,19.39197042,-99.07150115,0 a 5 personas,Restaurantes con servicio de preparación de antojitos,240,3.4
9805196,ANTOJITOS BHERTA,19.31180184,-99.0466834,0 a 5 personas,Restaurantes con servicio de preparación de antojitos,399,3.1
10898881,ANTOJITOS BIRRIA Y CALDOS DE GALLINA,19.33324109,-99.27429154,0 a 5 personas,Restaurantes con servicio de preparación de antojitos,92,4.3
703514,ANTOJITOS BIRRIERIA LA UNICA,19.42210889,-99.11535309,0 a 5 personas,Restaurantes con servicio de preparación de tacos y tortas,309,4.3
8736480,ANTOJITOS BLANCA,19.28611192,-99.04380172,0 a 5 personas,Restaurantes con servicio de preparación de antojitos,220,3.6
796289,ANTOJITOS BLANCA,19.46255895,-99.10021835,0 a 5 personas,Restaurantes con servicio de preparación de antojitos,286,3.7
10937444,ANTOJITOS BLANQUITA,19.26610924,-99.1329579,0 a 5 personas,Restaurantes con servicio de preparación de antojitos,238,4.0
11649090,ANTOJITOS BOCHITA,19.54740153,-99.12551331,0 a 5 personas,Restaurantes con servicio de preparación de antojitos,391,3.9
9909345,ANTOJITOS BOLSENA,19.4460646,-99.18750424,0 a 5 personas,Restaurantes con servicio de preparación de antojitos,354,4.2
10206165,ANTOJITOS BOMBON,19.27342178,-99.15884479,0 a 5 personas,Restaurantes con servicio de preparación de antojitos,497,3.7
9786202,ANTOJITOS BONDOJITO,19.39948528,-99.20522792,0 a 5 personas,Restaurantes con servicio de preparación de tacos y tortas,69,3.4
992158,ANTOJITOS BRISA,19.34457551,-99.13856979,0 a 5 personas,Restaurantes con servicio de preparación de antojitos,390,4.9
1008498,ANTOJITOS CABALLERO,19.31159151,-99.15048334,0 a 5 personas,Restaurantes con servicio de preparación de antojitos,222,3.6
930831,ANTOJITOS CABAÑA EL MANANTIAL,19.28401051,-99.27512265,0 a 5 personas,Restaurantes con servicio de preparación de antojitos,194,3.9
1015885,ANTOJITOS CABAÑA EL PERICO Y YO,19.26647388,-99.2934664,0 a 5 personas,Restaurantes con servicio de preparación de antojitos,115,4.0
930836,ANTOJITOS CABAÑA LA GUERA,19.28403785,-99.27513164,0 a 5 personas,Restaurantes con servicio de preparación de antojitos,275,4.1
930750,ANTOJITOS CABAÑA LA SUBIDITA,19.28405631,-99.27515036,6 a 10 personas,Restaurantes con servicio de preparación de antojitos,455,2.8
930753,ANTOJITOS CABAÑA LOS ARBOLITOS,19.28401102,-99.27515126,6 a 10 personas,Restaurantes con servicio de preparación de antojitos,483,4.0
8564976,ANTOJITOS CABAÑA QUETZAL,19.28401154,-99.27517988,6 a 10 personas,Restaurantes con servicio de preparación de antojitos,330,3.0
930818,ANTOJITOS CABAÑITA AGUSTINITA,19.28401188,-99.27519895,0 a 5 personas,Restaurantes con servicio de preparación de antojitos,176,4.1
930828,ANTOJITOS CABAÑITA CHARLY,19.26647388,-99.2934664,0 a 5 personas,Restaurantes con servicio de preparación de antojitos,179,3.0
1015886,ANTOJITOS CABAÑITA DOÑA MARY,19.26647388,-99.2934664,0 a 5 personas,Restaurantes con servicio de preparación de antojitos,303,3.8
930834,ANTOJITOS CABAÑITA EL CHAGO,19.28401085,-99.27514173,0 a 5 personas,Restaurantes con servicio de preparación de antojitos,476,4.0
930820,ANTOJITOS CABAÑITA EL CHARRITO,19.28402879,-99.27513183,0 a 5 personas,Restaurantes con servicio de preparación de antojitos,450,3.9
930824,ANTOJITOS CABAÑITA EL GALLO GIRO,19.2840112,-99.2751608,6 a 10 personas,Restaurantes con servicio de preparación de antojitos,122,4.0
1015884,ANTOJITOS CABAÑITA EL MIRADOR,19.26647388,-99.2934664,0 a 5 personas,Restaurantes con servicio de preparación de antojitos,197,3.5
930837,ANTOJITOS CABAÑITA EL PATITO FELIZ,19.28401137,-99.27517034,6 a 10 personas,Restaurantes con servicio de preparación de antojitos,470,3.9
930832,ANTOJITOS CABAÑITA EL RINCONCITO,19.28401154,-99.27517988,0 a 5 personas,Restaurantes con servicio de preparación de antojitos,485,3.6
930835,ANTOJITOS CABAÑITA LOS ORGANITOS,19.28402094,-99.27519877,6 a 10 personas,Restaurantes con servicio de preparación de antojitos,128,3.3
983143,ANTOJITOS CABRERA,19.26147096,-99.10469459,0 a 5 personas,Restaurantes con servicio de preparación de antojitos,331,3.4
9157822,ANTOJITOS CABRERA,19.26147096,-99.10469459,0 a 5 personas,Restaurantes con servicio de preparación de antojitos,458,3.9
9795957,ANTOJITOS CALLEJON,19.46128867,-99.18666363,0 a 5 personas,Restaurantes con servicio de preparación de antojitos,369,3.9
11347271,ANTOJITOS CAMALEON,19.30088239,-99.03795144,0 a 5 personas,Restaurantes con servicio de preparación de tacos y tortas,464,3.4
10759183,ANTOJITOS CAMI,19.51174471,-99.20460377,0 a 5 personas,Restaurantes con servicio de preparación de antojitos,463,3.5
8613434,ANTOJITOS CARITO,19.33377911,-98.9928393,0 a 5 personas,Restaurantes con servicio de preparación de antojitos,418,4.1
815860,ANTOJITOS CARITO,19.47059969,-99.06637707,0 a 5 personas,Restaurantes con servicio de preparación de antojitos,443,4.1
11031430,ANTOJITOS CARITO,19.41187613,-99.05709905,0 a 5 personas,Restaurantes con servicio de preparación de antojitos,471,3.9
10863347,ANTOJITOS CARLITOS,19.38011147,-99.10067868,0 a 5 personas,Restaurantes con servicio de preparación de antojitos,158,3.1
7714006,ANTOJITOS CARLOS,19.48359503,-99.11780558,0 a 5 personas,Restaurantes con servicio de preparación de antojitos,173,4.5
645501,ANTOJITOS CARLOS,19.52420809,-99.16955823,6 a 10 personas,Restaurantes con servicio de preparación de antojitos,134,4.8
763351,ANTOJITOS CARMELITA,19.44156284,-99.19233625,0 a 5 personas,Restaurantes con servicio de preparación de antojitos,147,4.3
845354,ANTOJITOS CARMELITA,19.47160499,-99.09868902,0 a 5 personas,Restaurantes con servicio de preparación de antojitos,461,4.5
1057550,ANTOJITOS CARMELITA,19.37263494,-99.19975409,0 a 5 personas,Restaurantes con servicio de preparación de antojitos,421,3.8
983140,ANTOJITOS CARMELITA,19.26147096,-99.10469459,0 a 5 personas,Restaurantes con servicio de preparación de antojitos,201,3.5
7714906,ANTOJITOS CARMELITA,19.44606081,-99.0635658,0 a 5 personas,Restaurantes con servicio de preparación de antojitos,462,4.2
1005875,ANTOJITOS CARMELITA,19.31853855,-99.14065316,0 a 5 personas,Restaurantes con servicio de preparación de antojitos,130,4.6
753805,ANTOJITOS CARMELITA,19.50626487,-99.09957577,0 a 5 personas,Restaurantes con servicio de preparación de antojitos,408,4.6
798570,ANTOJITOS CARMEN,19.39195032,-99.08905938,0 a 5 personas,Restaurantes con servicio de preparación de antojitos,66,4.6
8401772,ANTOJITOS CARMEN,19.2352494,-99.11610016,0 a 5 personas,Restaurantes con servicio de preparación de antojitos,150,4.6
10908262,ANTOJITOS CARMEN,19.42946625,-99.14065272,0 a 5 personas,Restaurantes que preparan otro tipo de alimentos para llevar,119,3.8
10165249,ANTOJITOS CASA DE DIANA,19.37921521,-99.23840367,0 a 5 personas,Restaurantes con servicio de preparación de antojitos,369,2.0
806831,ANTOJITOS CASA DE LA ABUELA,19.45756671,-99.09315239,0 a 5 personas,Restaurantes con servicio de preparación de antojitos,411,3.8
673657,ANTOJITOS CASA LOPEZ,19.47518356,-99.1423948,0 a 5 personas,Restaurantes con servicio de preparación de antojitos,406,3.6
959396,ANTOJITOS CATALAN,19.34742934,-99.30090575,0 a 5 personas,Restaurantes con servicio de preparación de antojitos,287,4.7
11237600,ANTOJITOS CATALINA,19.48335554,-99.11703438,0 a 5 personas,Restaurantes con servicio de preparación de antojitos,464,4.5
1035420,ANTOJITOS CATY,19.3788655,-99.22997113,0 a 5 personas,Restaurantes con servicio de preparación de antojitos,106,3.2
1027588,ANTOJITOS CECI,19.19900442,-99.10552701,0 a 5 personas,Restaurantes con servicio de preparación de antojitos,453,3.5
8521804,ANTOJITOS CECILIA,19.57244839,-99.13563214,0 a 5 personas,Servicios de preparación de otros alimentos para consumo inmediato,479,4.3
968478,ANTOJITOS CECILIA,19.39421003,-99.13419775,0 a 5 personas,Restaurantes con servicio de preparación de antojitos,179,4.3
929032,ANTOJITOS CECILIA,19.31798278,-99.22522403,0 a 5 personas,Restaurantes con servicio de preparación de antojitos,154,4.6
1036801,ANTOJITOS CEDROS,19.35289249,-99.24565988,0 a 5 personas,Restaurantes con servicio de preparación de antojitos,131,3.5
637363,ANTOJITOS CELIA,19.54041542,-99.14725923,0 a 5 personas,Restaurantes con servicio de preparación de antojitos,99,2.9
9915820,ANTOJITOS CENTENO,19.39969284,-99.09759641,0 a 5 personas,Restaurantes con servicio de preparación de antojitos,493,2.9
801096,ANTOJITOS CERON,19.46850809,-99.08421292,0 a 5 personas,Restaurantes con servicio de preparación de antojitos,346,3.1
11056355,ANTOJITOS CERRO AZUL,19.48538342,-99.20045362,0 a 5 personas,Restaurantes con servicio de preparación de antojitos,395,4.1
918850,ANTOJITOS CESARIN,19.13595066,-99.17367617,0 a 5 personas,Restaurantes con servicio de preparación de antojitos,381,4.6
11701978,ANTOJITOS CH UJUK CAROLINA,19.30808795,-99.03950172,0 a 5 personas,Restaurantes con servicio de preparación de antojitos,194,3.2
901132,ANTOJITOS CHABACANO TACOS,19.40859646,-99.13365182,0 a 5 personas,Restaurantes con servicio de preparación de tacos y tortas,255,3.8
7400390,ANTOJITOS CHABE,19.45396505,-99.18978399,0 a 5 personas,Restaurantes con servicio de preparación de tacos y tortas,443,4.0
8116832,ANTOJITOS CHABELITA,19.48448207,-99.16191665,0 a 5 personas,Restaurantes con servicio de preparación de antojitos,139,2.5
9170778,ANTOJITOS CHADAY,19.55804449,-99.13764065,0 a 5 personas,Restaurantes con servicio de preparación de antojitos,420,3.9
10462240,ANTOJITOS CHAMITO,19.46109362,-99.13413311,0 a 5 personas,Restaurantes con servicio de preparación de antojitos,500,3.8
8253984,ANTOJITOS CHAMPI,19.3376035,-99.02171399,0 a 5 personas,Restaurantes con servicio de preparación de tacos y tortas,219,3.9
7337425,ANTOJITOS CHARLY,19.40023047,-99.10668202,0 a 5 personas,Restaurantes con servicio de preparación de antojitos,287,3.3
8443247,ANTOJITOS CHARLY,19.30514808,-99.18528049,0 a 5 personas,Restaurantes con servicio de preparación de antojitos,449,3.3
10350491,ANTOJITOS CHARLY,19.30013284,-99.05844775,0 a 5 personas,Restaurantes con servicio de preparación de antojitos,215,4.4
11479972,ANTOJITOS CHAVEZ,19.34302026,-99.00827696,0 a 5 personas,Restaurantes con servicio de preparación de antojitos,191,4.1
10064516,ANTOJITOS CHAVITOS,19.18907793,-99.0180127,0 a 5 personas,Restaurantes con servicio de preparación de antojitos,469,4.0
8117184,ANTOJITOS CHAYITO,19.48904407,-99.15218545,6 a 10 personas,Restaurantes con servicio de preparación de tacos y tortas,446,3.0
9719626,ANTOJITOS CHELI,19.27883303,-99.20438629,0 a 5 personas,Restaurantes con servicio de preparación de antojitos,236,2.8
9045139,ANTOJITOS CHELITA,19.42535488,-99.09972233,0 a 5 personas,Restaurantes con servicio de preparación de antojitos,204,4.8
11294870,ANTOJITOS CHELY,19.31160453,-99.16281352,0 a 5 personas,Restaurantes con servicio de preparación de antojitos,313,3.1
798757,ANTOJITOS CHENTITA,19.48069602,-99.08515686,0 a 5 personas,Restaurantes con servicio de preparación de antojitos,136,4.0
7262451,ANTOJITOS CHEPIS,19.38365805,-99.20553993,0 a 5 personas,Restaurantes con servicio de preparación de antojitos,282,3.6
9949500,ANTOJITOS CHICOPULGAS,19.20024883,-99.01081086,0 a 5 personas,Restaurantes con servicio de preparación de antojitos,358,4.3
8000380,ANTOJITOS CHINA BOO,19.47645916,-99.18483109,0 a 5 personas,Restaurantes con servicio de preparación de antojitos,252,4.2
8376954,ANTOJITOS CHIQUIS,19.39416675,-99.05698284,0 a 5 personas,Restaurantes que preparan otro tipo de alimentos para llevar,182,2.4
9553467,ANTOJITOS CHIVIS,19.52964475,-99.14586787,0 a 5 personas,Restaurantes con servicio de preparación de antojitos,182,4.0
8276816,ANTOJITOS CHOLA,19.45723722,-99.10718309,0 a 5 personas,Restaurantes con servicio de preparación de antojitos,387,4.6
663781,ANTOJITOS CHUCHITO,19.49797651,-99.15857583,0 a 5 personas,Restaurantes con servicio de preparación de antojitos,353,4.4
8117312,ANTOJITOS CHUPACABRAS,19.49576488,-99.15635447,0 a 5 personas,Restaurantes con servicio de preparación de antojitos,296,3.5
10777504,ANTOJITOS CHUY,19.3938441,-99.13159405,0 a 5 personas,Restaurantes con servicio de preparación de antojitos,299,4.4
9644927,ANTOJITOS CITIES,19.42705225,-99.07182582,0 a 5 personas,Restaurantes con servicio de preparación de antojitos,292,3.5
10527987,ANTOJITOS CITLALI,19.35331375,-99.11356444,0 a 5 personas,"Bares, cantinas y similares",329,4.2
861958,ANTOJITOS CLARITA,19.28602717,-99.13124224,0 a 5 personas,Restaurantes con servicio de preparación de antojitos,250,3.5
771678,ANTOJITOS CLAUDIA,19.40362183,-99.19448562,0 a 5 personas,Restaurantes con servicio de preparación de antojitos,255,2.6
843099,ANTOJITOS CLAUDIA,19.29113703,-99.06685053,0 a 5 personas,Restaurantes con servicio de preparación de antojitos,347,3.7
8192927,ANTOJITOS CLAUDIA,19.35358718,-98.99537128,0 a 5 personas,Restaurantes con servicio de preparación de antojitos,186,4.4
9815298,ANTOJITOS COCHINITA LA MIMI,19.3092825,-99.07310767,0 a 5 personas,Restaurantes con servicio de preparación de antojitos,497,3.7
8539782,ANTOJITOS COCINA,19.37974547,-99.15049019,0 a 5 personas,Restaurantes que preparan otro tipo de alimentos para llevar,246,3.3
800206,ANTOJITOS COCINA ECONOMICA,19.34606733,-99.04429407,0 a 5 personas,Restaurantes con servicio de preparación de antojitos,427,4.0
11740498,ANTOJITOS COCINA MEXICANA,19.19336071,-99.09054977,0 a 5 personas,Restaurantes con servicio de preparación de antojitos,140,3.1
8276620,ANTOJITOS COCO,19.47527029,-99.10387277,0 a 5 personas,Restaurantes que preparan otro tipo de alimentos para llevar,444,1.6
893907,ANTOJITOS COCO,19.44783341,-99.13936676,0 a 5 personas,Restaurantes con servicio de preparación de antojitos,269,3.6
675079,ANTOJITOS COLIBRI,19.50677479,-99.09456188,0 a 5 personas,Restaurantes con servicio de preparación de antojitos,186,3.9
11299877,ANTOJITOS COLOBRI,19.4928509,-99.18766466,0 a 5 personas,Restaurantes con servicio de preparación de antojitos,382,3.9
698493,ANTOJITOS COLUMBA,19.42808997,-99.12406051,0 a 5 personas,Restaurantes con servicio de preparación de tacos y tortas,110,4.6
9623241,ANTOJITOS COME RICO,19.27371637,-99.20702463,0 a 5 personas,Restaurantes con servicio de preparación de antojitos,388,4.0
10288441,ANTOJITOS COMIDAS Y REFRESCOS,19.42736445,-99.09775044,0 a 5 personas,Restaurantes con servicio de preparación de antojitos,121,4.3
7613268,ANTOJITOS CON HUMOR,19.30976579,-99.04321774,0 a 5 personas,Restaurantes que preparan otro tipo de alimentos para llevar,360,3.2
10871495,ANTOJITOS CONCHITA,19.51797056,-99.15257186,0 a 5 personas,Restaurantes con servicio de preparación de antojitos,413,3.8
861930,ANTOJITOS CONCHITA,19.28811481,-99.12847413,0 a 5 personas,Restaurantes con servicio de preparación de antojitos,330,4.8
10375102,ANTOJITOS CONNY,19.32363347,-99.11355478,0 a 5 personas,Restaurantes con servicio de preparación de antojitos,176,4.4
679732,ANTOJITOS CONNY,19.49547906,-99.07127081,0 a 5 personas,Restaurantes con servicio de preparación de antojitos,248,3.4
11471815,ANTOJITOS CONYCHIWUA,19.42168684,-99.09107659,0 a 5 personas,Restaurantes con servicio de preparación de antojitos,361,4.4
7721632,ANTOJITOS COQUITO,19.28574046,-99.06820057,0 a 5 personas,Restaurantes con servicio de preparación de antojitos,332,3.9
8276939,ANTOJITOS CORDOBA,19.46005472,-99.10632988,0 a 5 personas,Restaurantes con servicio de preparación de tacos y tortas,292,4.5
692209,ANTOJITOS CORONA,19.40214883,-99.17753543,0 a 5 personas,Restaurantes con servicio de preparación de antojitos,200,4.1
900426,ANTOJITOS COTY,19.40938018,-99.1442974,0 a 5 personas,Restaurantes con servicio de preparación de antojitos,89,4.7
10306192,ANTOJITOS COVITA,19.45654556,-99.12227087,0 a 5 personas,Restaurantes con servicio de preparación de antojitos,420,4.6
8276820,ANTOJITOS CRIS,19.45817556,-99.10976421,0 a 5 personas,Restaurantes con servicio de preparación de antojitos,107,4.8
10698837,ANTOJITOS CRISTI,19.43272829,-99.09359981,0 a 5 personas,Restaurantes con servicio de preparación de antojitos,85,3.3
7643350,ANTOJITOS CRISTI,19.18658426,-99.07389998,0 a 5 personas,Restaurantes con servicio de preparación de antojitos,302,4.3
10100277,ANTOJITOS CRISTI,19.31634495,-99.04735143,0 a 5 personas,Restaurantes con servicio de preparación de alimentos a la carta o de comida corrida,251,3.5
794606,ANTOJITOS CRISTI,19.39232052,-99.10591374,0 a 5 personas,Restaurantes con servicio de preparación de antojitos,465,4.7
9136665,ANTOJITOS CRISTI,19.49412745,-99.09527331,0 a 5 personas,Restaurantes con servicio de preparación de antojitos,288,4.5
847787,ANTOJITOS CRISTINA,19.32414116,-99.17310506,6 a 10 personas,Restaurantes con servicio de preparación de antojitos,433,3.0
724839,ANTOJITOS CRISTY,19.31918355,-99.07223821,0 a 5 personas,Restaurantes con servicio de preparación de antojitos,456,4.3
761205,ANTOJITOS CRISTY,19.49410396,-99.09545465,0 a 5 personas,Restaurantes con servicio de preparación de antojitos,217,3.1
10741520,ANTOJITOS CRUNCHYS CORNER,19.39840041,-99.11607549,0 a 5 personas,Restaurantes con servicio de preparación de antojitos,160,4.3
10296436,ANTOJITOS CUQUITA,19.24288347,-99.10014654,0 a 5 personas,Restaurantes con servicio de preparación de antojitos,481,4.0
7664807,ANTOJITOS DANA,19.19372934,-99.02213506,0 a 5 personas,Restaurantes que preparan otro tipo de alimentos para llevar,457,4.2
7642443,ANTOJITOS DANIA,19.25635409,-99.07460673,0 a 5 personas,"Restaurantes con servicio de preparación de pizzas, hamburguesas, hot dogs y pollos rostizados para llevar",262,3.8
645500,ANTOJITOS DANIELA,19.52425937,-99.16950796,6 a 10 personas,Restaurantes con servicio de preparación de antojitos,216,4.1
1000580,ANTOJITOS DANTE,19.42687221,-99.12769962,0 a 5 personas,Restaurantes con servicio de preparación de tacos y tortas,345,4.5
986095,ANTOJITOS DANY,19.43364955,-99.14724044,6 a 10 personas,Restaurantes con servicio de preparación de antojitos,334,3.9
11621750,ANTOJITOS DANY,19.44187019,-99.16118742,0 a 5 personas,Restaurantes con servicio de preparación de antojitos,350,2.6
7594017,ANTOJITOS DANY,19.27189625,-99.17886154,0 a 5 personas,Restaurantes con servicio de preparación de antojitos,414,3.8
11303936,ANTOJITOS DANY,19.35853594,-99.25408921,0 a 5 personas,Restaurantes con servicio de preparación de antojitos,140,2.7
667656,ANTOJITOS DANY,19.47547283,-99.17666296,0 a 5 personas,Restaurantes con servicio de preparación de antojitos,83,4.4
10497204,ANTOJITOS DANYS,19.4407494,-99.17679162,0 a 5 personas,Restaurantes con servicio de preparación de tacos y tortas,139,4.8
11679069,ANTOJITOS DAVID,19.29273441,-99.0623076,0 a 5 personas,Restaurantes que preparan otro tipo de alimentos para llevar,64,4.1
9932643,ANTOJITOS DAVIS,19.40298218,-99.0596328,0 a 5 personas,Restaurantes con servicio de preparación de antojitos,119,4.9
11615170,ANTOJITOS DAY,19.485371,-99.12408988,0 a 5 personas,Restaurantes con servicio de preparación de antojitos,266,4.7
7756026,ANTOJITOS DAYNA,19.4297037,-99.14438187,0 a 5 personas,Restaurantes con servicio de preparación de antojitos,387,3.5
9119752,ANTOJITOS DE AMANDA,19.31804439,-99.25945158,0 a 5 personas,Restaurantes con servicio de preparación de antojitos,120,2.8
11233735,ANTOJITOS DE CLAUDIA,19.43914002,-99.11379633,0 a 5 personas,Restaurantes con servicio de preparación de antojitos,179,4.8
9069223,ANTOJITOS DE COMIDA,19.39119481,-99.11561662,0 a 5 personas,Restaurantes con servicio de preparación de antojitos,403,4.4
1025724,ANTOJITOS DE CORTEZ,19.31327944,-99.25761475,6 a 10 personas,Restaurantes con servicio de preparación de antojitos,178,4.6
11248310,ANTOJITOS DE HAREZ,19.44770134,-99.10544758,0 a 5 personas,Restaurantes con servicio de preparación de antojitos,170,3.9
10557921,ANTOJITOS DE LA 164,19.43029008,-99.09780733,0 a 5 personas,Restaurantes que preparan otro tipo de alimentos para llevar,231,4.3
7755938,ANTOJITOS DE LA ABUELA,19.42019929,-99.14860727,0 a 5 personas,"Cafeterías, fuentes de sodas, neverías, refresquerías y similares",174,4.6
672700,ANTOJITOS DE LA CRUZ,19.51572669,-99.137644,0 a 5 personas,Restaurantes con servicio de preparación de antojitos,159,2.9
8209722,ANTOJITOS DE LA CRUZ,19.51590961,-99.1309783,0 a 5 personas,Restaurantes con servicio de preparación de antojitos,435,3.0
1040700,ANTOJITOS DE LA ROSA,19.25196657,-99.01225423,0 a 5 personas,Restaurantes con servicio de preparación de tacos y tortas,283,4.0
826248,ANTOJITOS DE MARAVILLA,19.36085731,-99.01484161,0 a 5 personas,Restaurantes con servicio de preparación de antojitos,213,4.1
10018566,ANTOJITOS DE SHAK MEXICANOS,19.37308897,-99.15075441,0 a 5 personas,Restaurantes con servicio de preparación de antojitos,77,4.3
7804675,ANTOJITOS DE XALATLACO,19.3447558,-99.27158198,0 a 5 personas,Restaurantes con servicio de preparación de antojitos,264,3.9
10041623,ANTOJITOS DEL SUR,19.26267525,-99.11363975,0 a 5 personas,Restaurantes con servicio de preparación de alimentos a la carta o de comida corrida,152,3.5
760605,ANTOJITOS DEL TIO,19.43868652,-99.21302891,0 a 5 personas,Restaurantes que preparan otro tipo de alimentos para llevar,453,2.2
908663,ANTOJITOS DEL VALLE,19.33616768,-99.13175876,0 a 5 personas,Restaurantes con servicio de preparación de antojitos,214,3.9
11586236,ANTOJITOS DEL VALLE,19.3016003,-99.08007304,0 a 5 personas,Restaurantes que preparan otro tipo de alimentos para llevar,108,3.0
9667787,ANTOJITOS DELIA,19.48341375,-99.1178817,0 a 5 personas,Restaurantes con servicio de preparación de antojitos,93,3.3
10718955,ANTOJITOS DELICIOUS,19.42503246,-99.13965228,0 a 5 personas,Restaurantes con servicio de preparación de antojitos,189,4.4
10006878,ANTOJITOS DELY,19.21098582,-98.99881466,0 a 5 personas,Restaurantes con servicio de preparación de antojitos,81,4.7
9055392,ANTOJITOS DIANA,19.30201468,-99.22142791,0 a 5 personas,Restaurantes con servicio de preparación de antojitos,298,4.1
11256786,ANTOJITOS DIANA,19.33156406,-99.07009918,0 a 5 personas,Restaurantes con servicio de preparación de antojitos,343,4.7
10866296,ANTOJITOS DILAN,19.55703126,-99.13932728,0 a 5 personas,Restaurantes con servicio de preparación de antojitos,80,3.9
10310496,ANTOJITOS DINARA,19.46163803,-99.14079783,0 a 5 personas,Restaurantes con servicio de preparación de tacos y tortas,67,3.1
910472,ANTOJITOS DIVIS,19.31280639,-99.16236847,0 a 5 personas,Restaurantes con servicio de preparación de antojitos,206,4.4
977465,ANTOJITOS DOLORES,19.28726195,-99.10180539,0 a 5 personas,Restaurantes con servicio de preparación de antojitos,275,3.7
980389,ANTOJITOS DON ALFRED,19.32826345,-99.13813077,0 a 5 personas,Restaurantes con servicio de preparación de antojitos,356,4.0
9999802,ANTOJITOS DON ALFREDO,19.3644555,-99.08269556,0 a 5 personas,Restaurantes con servicio de preparación de alimentos a la carta o de comida corrida,462,4.7
9811839,ANTOJITOS DON BENY,19.31820192,-99.09615553,6 a 10 personas,Restaurantes con servicio de preparación de antojitos,140,3.2
977502,ANTOJITOS DON CARLOS,19.28726195,-99.10180539,0 a 5 personas,Restaurantes con servicio de preparación de antojitos,368,4.3
983152,ANTOJITOS DON CHAVA,19.26147096,-99.10469459,0 a 5 personas,Servicios de preparación de otros alimentos para consumo inmediato,417,3.7
11201418,ANTOJITOS DON CHILO,19.32140055,-99.14625256,0 a 5 personas,Restaurantes con servicio de preparación de antojitos,296,2.6
851989,ANTOJITOS DON CHUCHO,19.45989847,-99.13011383,0 a 5 personas,Restaurantes con servicio de preparación de antojitos,386,4.6
686972,ANTOJITOS DON CHUY,19.44678453,-99.18137608,0 a 5 personas,Restaurantes con servicio de preparación de antojitos,69,4.1
827783,ANTOJITOS DON CUCO,19.34480299,-99.02290694,0 a 5 personas,Restaurantes con servicio de preparación de tacos y tortas,208,4.3
10721362,ANTOJITOS DON ESTEBAN,19.35057918,-99.05022552,0 a 5 personas,Restaurantes con servicio de preparación de antojitos,80,4.6
673180,ANTOJITOS DON LEON,19.4937781,-99.14534727,0 a 5 personas,Restaurantes con servicio de preparación de tacos y tortas,235,4.7
854748,ANTOJITOS DON MALO,19.45813584,-99.13396832,0 a 5 personas,"Restaurantes con servicio de preparación de pizzas, hamburguesas, hot dogs y pollos rostizados para llevar",390,2.6
9988504,ANTOJITOS DON MEMO,19.38587526,-99.03309111,0 a 5 personas,Restaurantes con servicio de preparación de antojitos,440,4.3
672133,ANTOJITOS DON PEPE,19.52014415,-99.15953282,0 a 5 personas,Restaurantes con servicio de preparación de tacos y tortas,273,4.6
9598047,ANTOJITOS DON PONCHO,19.30683566,-99.08195677,0 a 5 personas,Restaurantes con servicio de preparación de antojitos,317,3.3
8604482,ANTOJITOS DON RAFA,19.29602976,-99.06547781,6 a 10 personas,Restaurantes con servicio de preparación de antojitos,494,4.1
8529482,ANTOJITOS DON RAFA,19.46172143,-99.14068156,0 a 5 personas,"Restaurantes con servicio de preparación de pizzas, hamburguesas, hot dogs y pollos rostizados para llevar",92,4.3
928860,ANTOJITOS DON RAUL,19.32546767,-99.2236359,0 a 5 personas,Restaurantes con servicio de preparación de antojitos,98,3.2
7824983,ANTOJITOS DON ROBERT,19.45765184,-99.12558333,0 a 5 personas,Restaurantes con servicio de preparación de antojitos,412,3.7
11059025,ANTOJITOS DON ROBERT,19.3696365,-99.15538373,0 a 5 personas,"Bares, cantinas y similares",345,2.9
11782145,ANTOJITOS DON TITO,19.32900311,-99.25294651,0 a 5 personas,Restaurantes con servicio de preparación de antojitos,247,4.8
1021820,ANTOJITOS DON TOMAS,19.42956592,-99.16675523,0 a 5 personas,Restaurantes que preparan otro tipo de alimentos para llevar,465,4.3
754878,ANTOJITOS DON TOÑO,19.50602946,-99.08857873,0 a 5 personas,Restaurantes con servicio de preparación de antojitos,240,3.6
998226,ANTOJITOS DOÑA ALI,19.37054161,-99.29074255,0 a 5 personas,Restaurantes con servicio de preparación de antojitos,279,4.2
10356873,ANTOJITOS DOÑA AMALIA,19.37824705,-99.05159969,0 a 5 personas,Restaurantes con servicio de preparación de antojitos,64,4.0
642886,ANTOJITOS DOÑA ANDREA,19.49464559,-99.19614013,6 a 10 personas,Restaurantes con servicio de preparación de antojitos,395,3.4
11640654,ANTOJITOS DOÑA ANITA,19.47564304,-99.17863656,0 a 5 personas,Restaurantes con servicio de preparación de antojitos,317,3.2
709997,ANTOJITOS DOÑA CARMEN,19.41187613,-99.05709905,0 a 5 personas,Restaurantes con servicio de preparación de antojitos,282,3.9
8725689,ANTOJITOS DOÑA CATA,19.37276459,-99.13053441,0 a 5 personas,Restaurantes con servicio de preparación de antojitos,416,3.6
1052553,ANTOJITOS DOÑA CATA,19.295172,-99.02953323,0 a 5 personas,Restaurantes que preparan otro tipo de alimentos para llevar,288,4.0
11809700,ANTOJITOS DOÑA CECILIA,19.42808997,-99.12406051,0 a 5 personas,Restaurantes con servicio de preparación de antojitos,203,3.6
11736392,ANTOJITOS DOÑA CELIA,19.42808997,-99.12406051,0 a 5 personas,Restaurantes con servicio de preparación de antojitos,463,2.8
798841,ANTOJITOS DOÑA CELIA,19.48060783,-99.08727066,0 a 5 personas,Restaurantes con servicio de preparación de antojitos,398,3.6
9821326,ANTOJITOS DOÑA CLEO,19.40674617,-99.06123978,0 a 5 personas,Restaurantes con servicio de preparación de antojitos,463,4.6
11093481,ANTOJITOS DOÑA COCO,19.28850133,-99.22917477,0 a 5 personas,Restaurantes con servicio de preparación de antojitos,126,4.3
1043920,ANTOJITOS DOÑA CRISTI,19.4251976,-99.13305864,0 a 5 personas,Restaurantes con servicio de preparación de antojitos,282,4.0
9682568,ANTOJITOS DOÑA CRUZ,19.29333781,-99.04451175,0 a 5 personas,Restaurantes con servicio de preparación de antojitos,495,4.4
835266,ANTOJITOS DOÑA EMMA,19.31527954,-99.06045551,0 a 5 personas,Restaurantes con servicio de preparación de antojitos,220,4.9
7594407,ANTOJITOS DOÑA EMMA,19.26654778,-99.16087933,6 a 10 personas,Restaurantes con servicio de preparación de antojitos,71,3.2
9741474,ANTOJITOS DOÑA FILO,19.25557448,-99.03032104,0 a 5 personas,Restaurantes con servicio de preparación de antojitos,284,4.2
8305573,ANTOJITOS DOÑA FLOR,19.31713635,-99.05730578,0 a 5 personas,Restaurantes con servicio de preparación de antojitos,322,3.3
1020724,ANTOJITOS DOÑA FLOR,19.32259726,-99.23863557,0 a 5 personas,Restaurantes con servicio de preparación de antojitos,456,4.4
1032077,ANTOJITOS DOÑA FLOR,19.23831834,-99.11804112,0 a 5 personas,Restaurantes con servicio de preparación de antojitos,74,4.3
8268612,ANTOJITOS DOÑA GABY Y MORA,19.43651926,-99.08392731,0 a 5 personas,Restaurantes con servicio de preparación de antojitos,294,4.7
8604290,ANTOJITOS DOÑA GINA,19.33316112,-99.05075486,0 a 5 personas,Restaurantes con servicio de preparación de antojitos,375,4.2
1011095,ANTOJITOS DOÑA GLORIA,19.30545759,-99.23478498,0 a 5 personas,Restaurantes con servicio de preparación de tacos y tortas,295,2.5
7769120,ANTOJITOS DOÑA GLORIA,19.5258648,-99.1701281,0 a 5 personas,Restaurantes con servicio de preparación de antojitos,86,3.5
9362643,ANTOJITOS DOÑA GLORIA,19.296651,-99.02940724,0 a 5 personas,Restaurantes con servicio de preparación de tacos y tortas,362,3.9
801842,ANTOJITOS DOÑA GLORIA,19.3919213,-99.08563351,0 a 5 personas,Restaurantes con servicio de preparación de antojitos,404,4.5
7705738,ANTOJITOS DOÑA GUILLE,19.3204892,-99.24610811,0 a 5 personas,Restaurantes con servicio de preparación de antojitos,375,3.6
8365383,ANTOJITOS DOÑA HILDA,19.3161299,-99.0645235,0 a 5 personas,Restaurantes que preparan otro tipo de alimentos para llevar,327,4.5
11157823,ANTOJITOS DOÑA JOSE,19.43982223,-99.08906758,0 a 5 personas,Restaurantes con servicio de preparación de antojitos,258,4.9
1046403,ANTOJITOS DOÑA JOSE,19.46129805,-99.14006914,0 a 5 personas,Restaurantes con servicio de preparación de antojitos,53,4.8
9806694,ANTOJITOS DOÑA JOSE,19.45369474,-99.16368198,0 a 5 personas,Restaurantes con servicio de preparación de antojitos,107,4.4
654225,ANTOJITOS DOÑA JOSE,19.44007326,-99.08948347,0 a 5 personas,Restaurantes con servicio de preparación de antojitos,221,3.5
11279808,ANTOJITOS DOÑA JOSE,19.29978775,-99.10013621,0 a 5 personas,Restaurantes con servicio de preparación de antojitos,379,4.1
879916,ANTOJITOS DOÑA JULIA,19.21931936,-98.99471222,0 a 5 personas,Restaurantes con servicio de preparación de antojitos,322,3.8
7721687,ANTOJITOS DOÑA LEYDY,19.23839517,-99.1438431,0 a 5 personas,Restaurantes que preparan otro tipo de alimentos para llevar,279,4.3
10359338,ANTOJITOS DOÑA LILI,19.29232635,-99.25704521,0 a 5 personas,Restaurantes con servicio de preparación de antojitos,195,4.5
10496352,ANTOJITOS DOÑA LUCHA,19.43570144,-99.09398079,0 a 5 personas,Restaurantes con servicio de preparación de antojitos,486,4.0
1035845,ANTOJITOS DOÑA LUCY,19.25607123,-99.07245537,0 a 5 personas,Restaurantes con servicio de preparación de antojitos,324,3.3
7233491,ANTOJITOS DOÑA LULU,19.32339465,-99.29165475,0 a 5 personas,Restaurantes con servicio de preparación de antojitos,391,3.2
10459832,ANTOJITOS DOÑA LUPITA,19.48344957,-99.07626867,0 a 5 personas,Restaurantes con servicio de preparación de antojitos,366,3.6
8442976,ANTOJITOS DOÑA LUZ,19.33222992,-99.17397009,0 a 5 personas,Restaurantes con servicio de preparación de antojitos,106,3.1
10346978,ANTOJITOS DOÑA MAGO,19.1991556,-99.10505546,0 a 5 personas,Restaurantes con servicio de preparación de antojitos,384,4.1
10362939,ANTOJITOS DOÑA MAGO,19.20874176,-98.99766999,0 a 5 personas,Restaurantes con servicio de preparación de antojitos,349,3.5
7830064,ANTOJITOS DOÑA MAGO,19.38302964,-99.1309007,0 a 5 personas,Restaurantes con servicio de preparación de antojitos,196,2.8
8521122,ANTOJITOS DOÑA MAGO,19.40719794,-99.19858368,0 a 5 personas,Restaurantes que preparan otro tipo de alimentos para llevar,458,4.1
681925,ANTOJITOS DOÑA MAGO,19.49257413,-99.19838068,0 a 5 personas,Restaurantes con servicio de preparación de antojitos,86,4.9
843307,ANTOJITOS DOÑA MALE,19.33282102,-99.03750669,0 a 5 personas,Restaurantes con servicio de preparación de tacos y tortas,451,4.6
11494354,ANTOJITOS DOÑA MARI,19.23774928,-98.99526394,0 a 5 personas,Restaurantes con servicio de preparación de antojitos,107,4.8
692329,ANTOJITOS DOÑA MARI,19.46312865,-99.17380475,0 a 5 personas,Restaurantes con servicio de preparación de antojitos,317,3.9
950714,ANTOJITOS DOÑA MARTHA,19.19248213,-99.09035814,0 a 5 personas,Restaurantes con servicio de preparación de antojitos,81,2.4
638782,ANTOJITOS DOÑA MARU,19.54371831,-99.13050224,0 a 5 personas,Restaurantes con servicio de preparación de antojitos,459,4.1
8458140,ANTOJITOS DOÑA MARY,19.37010937,-99.16290208,0 a 5 personas,Restaurantes con servicio de preparación de antojitos,459,4.1
1046542,ANTOJITOS DOÑA MARY,19.29630719,-99.0542248,0 a 5 personas,Restaurantes con servicio de preparación de antojitos,480,4.0
8779619,ANTOJITOS DOÑA MARY,19.19678166,-99.00582773,0 a 5 personas,Restaurantes con servicio de preparación de antojitos,475,3.8
7674113,ANTOJITOS DOÑA MARY,19.29723759,-99.24402714,0 a 5 personas,Restaurantes con servicio de preparación de antojitos,138,3.8
9861537,ANTOJITOS DOÑA MARY,19.52662265,-99.14448678,0 a 5 personas,Restaurantes con servicio de preparación de antojitos,271,4.9
1036884,ANTOJITOS DOÑA MARY,19.25943073,-99.03702089,0 a 5 personas,Restaurantes con servicio de preparación de antojitos,100,4.1
11594223,ANTOJITOS DOÑA MARY,19.35405942,-99.07272801,0 a 5 personas,Restaurantes con servicio de preparación de antojitos,346,3.9
829579,ANTOJITOS DOÑA MARY,19.32755623,-98.9762134,0 a 5 personas,Restaurantes con servicio de preparación de antojitos,242,4.5
913598,ANTOJITOS DOÑA MATI,19.28267123,-99.22872898,0 a 5 personas,Restaurantes con servicio de preparación de antojitos,402,2.0
990455,ANTOJITOS DOÑA MELY,19.30282377,-99.14097324,0 a 5 personas,Restaurantes con servicio de preparación de antojitos,110,4.3
983161,ANTOJITOS DOÑA MODE,19.26147096,-99.10469459,0 a 5 personas,Restaurantes con servicio de preparación de antojitos,432,3.2
8365559,ANTOJITOS DOÑA MONI,19.304537,-99.06426788,0 a 5 personas,Restaurantes con servicio de preparación de antojitos,340,2.6
930468,ANTOJITOS DOÑA NATY,19.32252896,-99.24654012,0 a 5 personas,Restaurantes con servicio de preparación de antojitos,134,4.2
9579398,ANTOJITOS DOÑA PATY,19.47543845,-99.14742577,0 a 5 personas,Restaurantes con servicio de preparación de antojitos,327,3.1
652303,ANTOJITOS DOÑA PAU,19.4748273,-99.20991579,0 a 5 personas,Restaurantes con servicio de preparación de antojitos,89,4.1
871668,ANTOJITOS DOÑA PAULITA,19.39199106,-99.18338973,6 a 10 personas,Restaurantes con servicio de preparación de antojitos,103,4.7
641186,ANTOJITOS DOÑA PAZ,19.49181358,-99.21358153,0 a 5 personas,Restaurantes con servicio de preparación de antojitos,214,3.9
7957565,ANTOJITOS DOÑA PETRA,19.21931936,-98.99471222,0 a 5 personas,Restaurantes con servicio de preparación de antojitos,477,4.1
728046,ANTOJITOS DOÑA QUECHA,19.39224457,-99.04426442,0 a 5 personas,Restaurantes con servicio de preparación de antojitos,296,4.5
9504018,ANTOJITOS DOÑA REME,19.28417058,-99.06773972,0 a 5 personas,Restaurantes con servicio de preparación de antojitos,334,4.1
8038682,ANTOJITOS DOÑA ROCIO,19.29978775,-99.10013621,0 a 5 personas,Restaurantes con servicio de preparación de antojitos,387,3.8
1017116,ANTOJITOS DOÑA ROSA,19.24952899,-99.17668064,0 a 5 personas,Restaurantes con servicio de preparación de antojitos,422,3.7
11763641,ANTOJITOS DOÑA SELIA,19.42808997,-99.12406051,0 a 5 personas,Restaurantes con servicio de preparación de antojitos,61,3.6
10436837,ANTOJITOS DOÑA SOCO,19.52884952,-99.14684351,0 a 5 personas,Restaurantes con servicio de preparación de antojitos,454,4.2
835420,ANTOJITOS DOÑA SOFI,19.30296501,-99.06439423,0 a 5 personas,Restaurantes con servicio de preparación de antojitos,89,3.1
8198021,ANTOJITOS DOÑA TERE,19.32871979,-99.03763122,0 a 5 personas,Restaurantes con servicio de preparación de antojitos,79,3.1
7736653,ANTOJITOS DOÑA TERE,19.38814863,-99.07322539,0 a 5 personas,Restaurantes con servicio de preparación de antojitos,369,1.7
671774,ANTOJITOS DOÑA TRINI,19.52447287,-99.16855258,0 a 5 personas,Restaurantes con servicio de preparación de antojitos,346,3.0
9874711,ANTOJITOS DOÑA VERO,19.55757884,-99.12775362,0 a 5 personas,Restaurantes con servicio de preparación de antojitos,384,3.2
738707,ANTOJITOS DOÑA VICKY,19.46473251,-99.18117162,0 a 5 personas,Restaurantes con servicio de preparación de antojitos,276,3.3
11108217,ANTOJITOS DONNITA,19.34292648,-98.99347818,0 a 5 personas,Restaurantes con servicio de preparación de antojitos,352,3.1
8706363,ANTOJITOS DORADOS MARY,19.21457979,-98.99329946,0 a 5 personas,Restaurantes con servicio de preparación de antojitos,269,2.9
8706559,ANTOJITOS DOS ANGDELITOS,19.25514571,-99.05575475,0 a 5 personas,Restaurantes con servicio de preparación de antojitos,309,2.7
9681493,ANTOJITOS DULCE,19.19265295,-99.02113791,0 a 5 personas,"Restaurantes con servicio de preparación de pizzas, hamburguesas, hot dogs y pollos rostizados para llevar",461,3.7
909048,ANTOJITOS DULCE,19.31953396,-99.11249646,0 a 5 personas,Restaurantes con servicio de preparación de antojitos,143,3.3
831519,ANTOJITOS DULCE,19.34091079,-99.0093547,0 a 5 personas,Restaurantes con servicio de preparación de antojitos,481,4.0
10144540,ANTOJITOS DULCE MARIA,19.25490619,-99.05681341,6 a 10 personas,Restaurantes con servicio de preparación de antojitos,362,2.9
8613083,ANTOJITOS EBEN EZER,19.35253928,-99.04908282,0 a 5 personas,Restaurantes con servicio de preparación de antojitos,426,4.3
11024762,ANTOJITOS ED MUNDO PIBIL,19.48350653,-99.18575436,0 a 5 personas,Restaurantes con servicio de preparación de antojitos,291,4.1
811539,ANTOJITOS EL 89,19.39503126,-99.07489078,0 a 5 personas,Restaurantes con servicio de preparación de antojitos,268,4.1
10017620,ANTOJITOS EL ABUELO,19.45918694,-99.1320361,0 a 5 personas,Restaurantes con servicio de preparación de antojitos,65,4.3
10973899,ANTOJITOS EL AJUSCO,19.26663678,-99.23688964,0 a 5 personas,Restaurantes con servicio de preparación de antojitos,401,3.0
11314492,ANTOJITOS EL ANTOJITO,19.28155793,-99.11716589,0 a 5 personas,Restaurantes con servicio de preparación de antojitos,445,4.4
980594,ANTOJITOS EL ANTOJITO,19.32767432,-99.14026212,0 a 5 personas,Restaurantes con servicio de preparación de antojitos,360,4.2
10215116,ANTOJITOS EL ANTOJO,19.32575818,-99.25992321,0 a 5 personas,Restaurantes con servicio de preparación de antojitos,469,4.6
10637357,ANTOJITOS EL ARBOLILLO 2,19.53282148,-99.14404184,0 a 5 personas,Restaurantes con servicio de preparación de antojitos,448,4.2
9941357,ANTOJITOS EL ARBOLITO,19.38024393,-99.19373407,0 a 5 personas,Restaurantes con servicio de preparación de antojitos,196,3.5
971680,ANTOJITOS EL ARCO,19.27279958,-99.13195299,0 a 5 personas,Restaurantes con servicio de preparación de antojitos,195,4.0
8458152,ANTOJITOS EL ARCO,19.34055359,-99.28894949,0 a 5 personas,Restaurantes con servicio de preparación de antojitos,267,3.0
10000196,ANTOJITOS EL ATORON,19.34556197,-99.03153315,0 a 5 personas,Restaurantes con servicio de preparación de antojitos,461,2.2
904529,ANTOJITOS EL AZTECA,19.36452535,-99.14468063,0 a 5 personas,Restaurantes con servicio de preparación de antojitos,489,3.8
8714458,ANTOJITOS EL BUEN COMER,19.29978775,-99.10013621,6 a 10 personas,Restaurantes con servicio de preparación de antojitos,200,4.8
10630133,ANTOJITOS EL BUEN SAZON,19.23235375,-98.99978042,0 a 5 personas,Restaurantes con servicio de preparación de antojitos,417,3.1
664911,ANTOJITOS EL CACTUS,19.33989677,-99.11407914,0 a 5 personas,Restaurantes que preparan otro tipo de alimentos para llevar,60,4.2
10227174,ANTOJITOS EL CALLEJON,19.19375912,-99.09372752,0 a 5 personas,Restaurantes con servicio de preparación de antojitos,476,4.6
8706552,ANTOJITOS EL CAPI,19.23909349,-99.00559182,0 a 5 personas,Restaurantes con servicio de preparación de antojitos,390,4.1
9094731,ANTOJITOS EL CAPULIN,19.33034842,-99.29050369,0 a 5 personas,Restaurantes con servicio de preparación de antojitos,433,4.5
634589,ANTOJITOS EL CHANGARRIN,19.55589402,-99.13402282,0 a 5 personas,Restaurantes con servicio de preparación de antojitos,350,4.0
7674098,ANTOJITOS EL CHANGARRITO,19.32100052,-99.258747,0 a 5 personas,Restaurantes con servicio de preparación de antojitos,88,4.0
10470816,ANTOJITOS EL CHANGARRO,19.29667198,-99.24924812,0 a 5 personas,Restaurantes con servicio de preparación de antojitos,128,3.8
7743576,ANTOJITOS EL CHAPULIN,19.4470271,-99.15555671,0 a 5 personas,Restaurantes con servicio de preparación de tacos y tortas,201,3.8
781690,ANTOJITOS EL CHEIF,19.4843772,-99.11965896,0 a 5 personas,Restaurantes con servicio de preparación de antojitos,478,3.4
694590,ANTOJITOS EL CHINITO,19.44175624,-99.10090945,0 a 5 personas,Restaurantes con servicio de preparación de antojitos,341,3.5
10111374,ANTOJITOS EL CHINO,19.31353241,-99.25871965,0 a 5 personas,Restaurantes que preparan otro tipo de alimentos para llevar,402,3.9
7399828,ANTOJITOS EL COMALITO,19.44413803,-99.16721635,0 a 5 personas,Restaurantes con servicio de preparación de antojitos,413,3.7
10040861,ANTOJITOS EL CORRAL,19.43629041,-99.08324253,0 a 5 personas,Restaurantes con servicio de preparación de antojitos,53,2.9
10484873,ANTOJITOS EL CUADRILATERO,19.47595919,-99.15418886,0 a 5 personas,Restaurantes con servicio de preparación de antojitos,242,4.3
7718064,ANTOJITOS EL CUÑADO,19.34720191,-99.18160348,0 a 5 personas,Restaurantes con servicio de preparación de tacos y tortas,151,4.0
911315,ANTOJITOS EL CUÑAU,19.3080757,-99.14964166,0 a 5 personas,Restaurantes con servicio de preparación de antojitos,233,2.0
7023453,ANTOJITOS EL DELFIN,19.47641404,-99.06375527,0 a 5 personas,Restaurantes con servicio de preparación de antojitos,444,4.8
1059985,ANTOJITOS EL DIVINO SALVADOR,19.35393032,-99.30681048,0 a 5 personas,Restaurantes con servicio de preparación de antojitos,134,3.5
649956,ANTOJITOS EL GALLITO,19.44467025,-99.08989689,0 a 5 personas,Restaurantes con servicio de preparación de tacos y tortas,202,3.7
9347364,ANTOJITOS EL GARAGE,19.38570064,-99.14899772,0 a 5 personas,Restaurantes que preparan otro tipo de alimentos para llevar,299,4.0
781620,ANTOJITOS EL HUARACHE AZTECA,19.48332418,-99.12593348,0 a 5 personas,Restaurantes con servicio de preparación de antojitos,99,3.2
659998,ANTOJITOS EL HUARACHE DE JUQUILA,19.42649283,-99.0986867,0 a 5 personas,Restaurantes con servicio de preparación de antojitos,397,2.9
9094429,ANTOJITOS EL HUARACHE VELOZ,19.24718865,-99.08593685,0 a 5 personas,Restaurantes con servicio de preparación de antojitos,419,4.7
11023844,ANTOJITOS EL HUARACHE VELOZ,19.25497607,-99.05353564,0 a 5 personas,Restaurantes con servicio de preparación de antojitos,101,3.2
7793391,ANTOJITOS EL HUARACHE Y SUS DELICIAS,19.34056343,-99.10875669,0 a 5 personas,Restaurantes con servicio de preparación de antojitos,311,4.6
10184565,ANTOJITOS EL HUARACHIO,19.3525829,-99.05832199,0 a 5 personas,Restaurantes con servicio de preparación de antojitos,351,4.4
9646241,ANTOJITOS EL HUARACHITOS,19.36707212,-99.01451659,0 a 5 personas,Restaurantes con servicio de preparación de antojitos,247,2.7
10322984,ANTOJITOS EL JEFE,19.27035601,-99.24200231,0 a 5 personas,Restaurantes con servicio de preparación de antojitos,263,3.6
11344621,ANTOJITOS EL KALIMAN,19.46444879,-99.11187079,0 a 5 personas,Restaurantes que preparan otro tipo de alimentos para llevar,320,2.4
10016687,ANTOJITOS EL LEON,19.49893142,-99.14716844,0 a 5 personas,Restaurantes con servicio de preparación de antojitos,167,3.6
10689950,ANTOJITOS EL MAJO,19.36233747,-99.14256999,0 a 5 personas,Restaurantes con servicio de preparación de antojitos,494,3.6
8484921,ANTOJITOS EL MANA,19.45384167,-99.14503426,0 a 5 personas,Restaurantes con servicio de preparación de antojitos,338,3.7
7153333,ANTOJITOS EL MEXICANITO,19.42430584,-99.05553283,0 a 5 personas,Restaurantes con servicio de preparación de antojitos,386,3.0
634251,ANTOJITOS EL MEXICANO,19.50964769,-99.1973931,0 a 5 personas,Restaurantes que preparan otro tipo de alimentos para llevar,430,3.7
977476,ANTOJITOS EL MEXICANO,19.28726195,-99.10180539,6 a 10 personas,Restaurantes que preparan otro tipo de alimentos para llevar,445,4.0
10700134,ANTOJITOS EL MICHI,19.31977538,-99.09358305,0 a 5 personas,"Restaurantes con servicio de preparación de pizzas, hamburguesas, hot dogs y pollos rostizados para llevar",336,4.6
885083,ANTOJITOS EL MOÑO,19.45989847,-99.13011383,0 a 5 personas,Restaurantes con servicio de preparación de antojitos,83,4.3
977501,ANTOJITOS EL PAMBAZITO CRUDO,19.28726195,-99.10180539,0 a 5 personas,Restaurantes con servicio de preparación de antojitos,81,4.1
11189145,ANTOJITOS EL PANTANO,19.24493814,-99.24287163,0 a 5 personas,Restaurantes con servicio de preparación de antojitos,72,3.5
1015882,ANTOJITOS EL PARAISO DE LA TRUCHA,19.28402983,-99.27518905,6 a 10 personas,Restaurantes con servicio de preparación de antojitos,151,4.3
843472,ANTOJITOS EL PARICUTIN,19.32684157,-99.03890123,0 a 5 personas,Restaurantes con servicio de preparación de antojitos,118,4.2
877757,ANTOJITOS EL PASILLITO,19.19097088,-99.02275785,0 a 5 personas,Restaurantes con servicio de preparación de antojitos,89,2.0
10434935,ANTOJITOS EL PASO,19.38021297,-99.23202426,0 a 5 personas,Restaurantes con servicio de preparación de antojitos,499,3.8
747193,ANTOJITOS EL PATIO DE LA CALLE 15,19.42470168,-99.10280229,0 a 5 personas,Restaurantes con servicio de preparación de antojitos,428,4.3
10019967,ANTOJITOS EL PELUCHE,19.25962819,-99.03148655,0 a 5 personas,Restaurantes con servicio de preparación de antojitos,80,4.2
11689901,ANTOJITOS EL PERIQUITO AUSTRALIANO,19.42457202,-99.10828953,0 a 5 personas,Restaurantes que preparan otro tipo de alimentos para llevar,445,3.3
997930,ANTOJITOS EL PERPETUO SOCORRO,19.43248596,-99.12700722,0 a 5 personas,Restaurantes con servicio de preparación de antojitos,408,2.9
949012,ANTOJITOS EL PIRUL,19.21629617,-98.98545708,0 a 5 personas,Restaurantes con servicio de preparación de antojitos,347,3.7
9045424,ANTOJITOS EL PUENTE,19.5724285,-99.13554605,0 a 5 personas,Restaurantes con servicio de preparación de antojitos,453,3.4
10957960,ANTOJITOS EL PUENTE,19.24891902,-99.11866268,0 a 5 personas,Restaurantes con servicio de preparación de antojitos,319,4.2
9000080,ANTOJITOS EL PUENTE,19.39014596,-99.04562974,0 a 5 personas,Restaurantes con servicio de preparación de tacos y tortas,380,4.7
10800838,ANTOJITOS EL PUERTO,19.37456197,-99.23133103,0 a 5 personas,Restaurantes con servicio de preparación de antojitos,237,4.4
11542765,ANTOJITOS EL RAYO,19.41444439,-99.13447364,0 a 5 personas,Restaurantes con servicio de preparación de antojitos,164,4.1
10433139,ANTOJITOS EL REFUGIO DEL SOL,19.23293391,-99.20387564,0 a 5 personas,Restaurantes con servicio de preparación de antojitos,274,4.5
643722,ANTOJITOS EL RETOÑITO,19.44785144,-99.1153603,0 a 5 personas,Restaurantes con servicio de preparación de tacos y tortas,139,3.3
11821304,ANTOJITOS EL RICO TACO,19.49552796,-99.09791836,0 a 5 personas,Restaurantes con servicio de preparación de antojitos,51,4.5
9095739,ANTOJITOS EL RINCON,19.55438945,-99.13191416,0 a 5 personas,Restaurantes con servicio de preparación de antojitos,464,4.6
8623325,ANTOJITOS EL RINCON DEL MAGO AZUL,19.3314714,-99.09488685,0 a 5 personas,"Restaurantes con servicio de preparación de pizzas, hamburguesas, hot dogs y pollos rostizados para llevar",488,4.9
8782639,ANTOJITOS EL RINCON DEL SABOR,19.35690163,-99.05401108,0 a 5 personas,Restaurantes con servicio de preparación de antojitos,84,3.1
8000645,ANTOJITOS EL RINCON DEL SABOR,19.49636938,-99.1737116,0 a 5 personas,Restaurantes con servicio de preparación de antojitos,76,4.3
11733295,ANTOJITOS EL RINCON DEL ZASON,19.29807467,-99.01843927,0 a 5 personas,Restaurantes con servicio de preparación de antojitos,182,4.3
11839485,ANTOJITOS EL SANTI,19.33559892,-99.18268219,0 a 5 personas,Restaurantes con servicio de preparación de antojitos,124,4.4
11664807,ANTOJITOS EL SAUL,19.45281041,-99.20225787,0 a 5 personas,Restaurantes con servicio de preparación de antojitos,484,4.2
791005,ANTOJITOS EL SAZON DE DOÑA CECI,19.35662296,-99.06662866,0 a 5 personas,Restaurantes con servicio de preparación de antojitos,280,4.4
8671135,ANTOJITOS EL SAZON DE LA TIA,19.33413711,-99.03715726,0 a 5 personas,Restaurantes con servicio de preparación de antojitos,141,4.4
786719,ANTOJITOS EL SAZON LOCO,19.40475132,-99.1121486,0 a 5 personas,Restaurantes con servicio de preparación de antojitos,449,4.2
774485,ANTOJITOS EL SAZON TILAPEÑO,19.40237927,-99.18921971,0 a 5 personas,Restaurantes con servicio de preparación de antojitos,421,4.3
11154706,ANTOJITOS EL SQUASH,19.18678741,-99.07371459,0 a 5 personas,Restaurantes con servicio de preparación de antojitos,473,4.5
636326,ANTOJITOS EL SUSANITO,19.44048894,-99.11433548,0 a 5 personas,Restaurantes con servicio de preparación de antojitos,395,4.5
10000943,ANTOJITOS EL TEJADITO,19.49400245,-99.17764293,0 a 5 personas,Restaurantes con servicio de preparación de antojitos,393,4.6
9745370,ANTOJITOS EL TEPORINGO,19.20277639,-99.13639587,0 a 5 personas,Restaurantes con servicio de preparación de antojitos,245,3.3
695300,ANTOJITOS EL TIBURON,19.42742298,-99.11838256,0 a 5 personas,Restaurantes con servicio de preparación de antojitos,259,3.3
10898570,ANTOJITOS EL TIGRE,19.36439072,-99.00779175,0 a 5 personas,Restaurantes con servicio de preparación de antojitos,168,3.9
11405810,ANTOJITOS EL TIO GRILLO,19.36306756,-99.10021968,0 a 5 personas,Restaurantes con servicio de preparación de antojitos,386,4.3
971031,ANTOJITOS EL TRIUNFO,19.4369476,-99.1278763,0 a 5 personas,Restaurantes con servicio de preparación de antojitos,221,4.1
754685,ANTOJITOS EL TRIUNFO,19.40823044,-99.1199864,0 a 5 personas,Restaurantes con servicio de preparación de antojitos,474,4.2
8563970,ANTOJITOS EL VIC,19.3998314,-99.20446316,0 a 5 personas,Restaurantes que preparan otro tipo de alimentos para llevar,65,3.4
772175,ANTOJITOS ELENA,19.37410689,-99.00637432,0 a 5 personas,Restaurantes con servicio de preparación de antojitos,166,3.2
640095,ANTOJITOS ELENITA,19.50037438,-99.20597124,0 a 5 personas,Restaurantes con servicio de preparación de antojitos,347,4.2
10718715,ANTOJITOS ELI GARCIA,19.55680563,-99.13938837,0 a 5 personas,Restaurantes con servicio de preparación de antojitos,453,3.9
893737,ANTOJITOS ELIMARU,19.44599135,-99.14486726,0 a 5 personas,Restaurantes con servicio de preparación de antojitos,239,4.1
10943657,ANTOJITOS ELOISA,19.47031793,-99.15328415,0 a 5 personas,Restaurantes con servicio de preparación de antojitos,421,2.9
8564923,ANTOJITOS ELSA,19.30244759,-99.25516828,0 a 5 personas,Restaurantes con servicio de preparación de antojitos,156,3.8
8848762,ANTOJITOS ELVIA,19.19285385,-99.09437418,0 a 5 personas,Restaurantes con servicio de preparación de antojitos,205,3.9
11396833,ANTOJITOS ELVIRITA,19.29170306,-99.00395357,0 a 5 personas,Restaurantes que preparan otro tipo de alimentos para llevar,493,3.5
710974,ANTOJITOS ELY,19.41396172,-99.06228875,0 a 5 personas,Restaurantes con servicio de preparación de antojitos,346,2.6
9807030,ANTOJITOS ELY,19.47717618,-99.13916262,0 a 5 personas,Restaurantes con servicio de preparación de antojitos,434,3.9
865099,ANTOJITOS ELY,19.44879783,-99.14527017,0 a 5 personas,Restaurantes que preparan otro tipo de alimentos para llevar,65,2.9
11622080,ANTOJITOS EMANUEL,19.37452014,-99.09422941,6 a 10 personas,Restaurantes con servicio de preparación de antojitos,437,3.7
949038,ANTOJITOS EMERZ,19.21378842,-98.98541789,0 a 5 personas,Restaurantes con servicio de preparación de antojitos,359,3.8
9970343,ANTOJITOS EMILI,19.55446845,-99.12624141,0 a 5 personas,Restaurantes con servicio de preparación de antojitos,78,3.8
7816460,ANTOJITOS EMILY,19.32930593,-99.02280898,0 a 5 personas,Restaurantes con servicio de preparación de antojitos,249,3.7
10573793,ANTOJITOS EMILY Y ATARI,19.33094194,-99.16963499,0 a 5 personas,Restaurantes con servicio de preparación de antojitos,243,3.2
9071913,ANTOJITOS EN FRIO,19.45877947,-99.18642778,0 a 5 personas,Restaurantes con servicio de preparación de antojitos,287,4.6
862834,ANTOJITOS ENRIQUETA,19.29974262,-99.1032212,0 a 5 personas,Restaurantes con servicio de preparación de antojitos,201,3.7
11672605,ANTOJITOS ENTALPIA,19.32623454,-99.12044805,0 a 5 personas,Restaurantes con servicio de preparación de antojitos,346,3.6
9092770,ANTOJITOS ERIFER,19.28847612,-99.2314278,6 a 10 personas,Restaurantes con servicio de preparación de antojitos,112,2.1
7664869,ANTOJITOS ERIKA,19.19064048,-99.02054696,0 a 5 personas,Restaurantes con servicio de preparación de antojitos,361,4.1
655705,ANTOJITOS ERIKA,19.44419199,-99.09888233,6 a 10 personas,Restaurantes con servicio de preparación de antojitos,319,4.2
8183579,ANTOJITOS ESCALANTE,19.53095735,-99.14221911,0 a 5 personas,Restaurantes con servicio de preparación de antojitos,486,4.3
10579397,ANTOJITOS ESME,19.25760142,-99.08083644,0 a 5 personas,Restaurantes con servicio de preparación de antojitos,175,4.2
1048551,ANTOJITOS ESPERANZA,19.287791,-99.05106739,0 a 5 personas,Restaurantes con servicio de preparación de antojitos,221,3.3
922834,ANTOJITOS ESTELA,19.36778477,-99.24561474,0 a 5 personas,Restaurantes con servicio de preparación de antojitos,220,4.6
691546,ANTOJITOS ESTELA,19.40230307,-99.20664091,0 a 5 personas,Restaurantes con servicio de preparación de antojitos,178,4.3
8646429,ANTOJITOS ESTELA,19.47947154,-99.21304442,0 a 5 personas,Restaurantes con servicio de preparación de antojitos,423,3.7
742303,ANTOJITOS ESTELITA,19.47737711,-99.1536948,0 a 5 personas,Restaurantes con servicio de preparación de antojitos,402,3.2
8276997,ANTOJITOS ESTHERCITA,19.45670864,-99.10419391,0 a 5 personas,Restaurantes que preparan otro tipo de alimentos para llevar,177,4.4
11653942,ANTOJITOS ESTRADA,19.458333,-99.06949931,0 a 5 personas,Restaurantes con servicio de preparación de antojitos,188,3.1
8197472,ANTOJITOS EVA,19.31243514,-99.04352175,0 a 5 personas,"Restaurantes con servicio de preparación de pizzas, hamburguesas, hot dogs y pollos rostizados para llevar",197,4.6
9745953,ANTOJITOS EVA,19.47893972,-99.13425119,0 a 5 personas,Restaurantes con servicio de preparación de antojitos,298,3.7
730560,ANTOJITOS EVELIN,19.37204604,-99.05130114,0 a 5 personas,Restaurantes con servicio de preparación de antojitos,128,2.9
6956562,ANTOJITOS EVELYN,19.46952902,-99.07419643,0 a 5 personas,Restaurantes con servicio de preparación de antojitos,269,4.9
819704,ANTOJITOS EVELYN,19.45621567,-99.05412954,0 a 5 personas,Restaurantes con servicio de preparación de antojitos,454,3.8
9199599,ANTOJITOS EXICANOS,19.4594028,-99.12186789,0 a 5 personas,Restaurantes con servicio de preparación de antojitos,136,4.1
907458,ANTOJITOS EXPRESS,19.32462536,-99.1743826,11 a 30 personas,"Cafeterías, fuentes de sodas, neverías, refresquerías y similares",378,4.2
9157961,ANTOJITOS FABIAN,19.34280351,-98.99647113,0 a 5 personas,Restaurantes con servicio de preparación de tacos y tortas,453,4.3
9760171,ANTOJITOS FAMILIA HERNANDEZ,19.46249554,-99.16290993,0 a 5 personas,Restaurantes con servicio de preparación de antojitos,166,4.3
10033751,ANTOJITOS FELIX,19.36435116,-99.0821187,0 a 5 personas,Restaurantes con servicio de preparación de antojitos,194,4.7
665027,ANTOJITOS FER,19.43061577,-99.06280572,0 a 5 personas,Restaurantes con servicio de preparación de tacos y tortas,155,4.5
9594539,ANTOJITOS FER,19.4187329,-99.11711574,0 a 5 personas,Restaurantes con servicio de preparación de antojitos,496,3.4
756590,ANTOJITOS FERNANDA,19.38472435,-99.05048569,0 a 5 personas,Restaurantes con servicio de preparación de antojitos,128,4.3
10145341,ANTOJITOS FLOR,19.44427534,-99.15330306,0 a 5 personas,Restaurantes con servicio de preparación de antojitos,285,3.9
8139267,ANTOJITOS FLORES,19.35294678,-99.01317097,0 a 5 personas,Restaurantes con servicio de preparación de antojitos,438,3.8
8530456,ANTOJITOS FLORES,19.40623793,-99.13625028,0 a 5 personas,Restaurantes con servicio de preparación de antojitos,223,3.7
11270545,ANTOJITOS FR,19.44987743,-99.12823347,0 a 5 personas,Restaurantes con servicio de preparación de antojitos,155,4.4
8277933,ANTOJITOS FRAN,19.46664209,-99.09167621,0 a 5 personas,Restaurantes con servicio de preparación de antojitos,357,4.5
1009261,ANTOJITOS FRANCIS,19.26504484,-99.16975651,0 a 5 personas,Restaurantes con servicio de preparación de antojitos,146,2.1
1031174,ANTOJITOS FRAY,19.42369416,-99.13118342,0 a 5 personas,Restaurantes con servicio de preparación de tacos y tortas,385,4.3
8706678,ANTOJITOS FRIDA,19.25482418,-99.05239454,0 a 5 personas,Restaurantes que preparan otro tipo de alimentos para llevar,85,4.3
10478576,ANTOJITOS FRONTERA,19.19019009,-99.08234799,0 a 5 personas,Restaurantes con servicio de preparación de antojitos,150,4.2
9726643,ANTOJITOS GABERI,19.44659304,-99.17153025,0 a 5 personas,Restaurantes que preparan otro tipo de alimentos para llevar,410,3.8
8603191,ANTOJITOS GABI,19.27315394,-99.24004554,0 a 5 personas,Restaurantes con servicio de preparación de antojitos,98,2.9
10347242,ANTOJITOS GABY,19.44956185,-99.14485132,0 a 5 personas,Restaurantes con servicio de preparación de antojitos,471,4.5
10153499,ANTOJITOS GABY,19.38574791,-99.21670066,0 a 5 personas,Restaurantes con servicio de preparación de tacos y tortas,265,4.5
7642740,ANTOJITOS GABY,19.20360641,-99.04781259,0 a 5 personas,Restaurantes con servicio de preparación de antojitos,138,4.3
8131215,ANTOJITOS GABY,19.46196266,-99.13880663,0 a 5 personas,Restaurantes con servicio de preparación de antojitos,460,3.9
9779661,ANTOJITOS GABY,19.29983887,-99.26049102,0 a 5 personas,Restaurantes con servicio de preparación de antojitos,374,3.6
10319752,ANTOJITOS GABY,19.42598865,-99.10098746,0 a 5 personas,Restaurantes con servicio de preparación de antojitos,483,4.8
687398,ANTOJITOS GABY,19.43819838,-99.19498478,0 a 5 personas,Restaurantes con servicio de preparación de tacos y tortas,418,4.3
646384,ANTOJITOS GABY,19.52488953,-99.16093481,0 a 5 personas,Restaurantes con servicio de preparación de antojitos,476,2.5
788810,ANTOJITOS GABY,19.47555908,-99.11619491,0 a 5 personas,Restaurantes con servicio de preparación de antojitos,404,4.7
7804786,ANTOJITOS GABY,19.38230506,-99.22008029,0 a 5 personas,Restaurantes con servicio de preparación de antojitos,375,4.3
959197,ANTOJITOS GALI,19.35570139,-99.29955781,0 a 5 personas,Restaurantes con servicio de preparación de antojitos,58,4.1
989409,ANTOJITOS GANTE,19.43287588,-99.13944618,6 a 10 personas,Restaurantes con servicio de preparación de antojitos,140,4.6
1022954,ANTOJITOS GANTE,19.43274351,-99.13629621,6 a 10 personas,Restaurantes con servicio de preparación de tacos y tortas,242,3.9
9746456,ANTOJITOS GARCIA,19.33960284,-98.98348075,0 a 5 personas,Restaurantes con servicio de preparación de antojitos,335,3.8
10277766,ANTOJITOS GARCIA,19.28342393,-99.12627404,0 a 5 personas,Restaurantes con servicio de preparación de antojitos,192,4.0
11671344,ANTOJITOS GARCIA,19.35860983,-99.05560616,0 a 5 personas,"Cafeterías, fuentes de sodas, neverías, refresquerías y similares",465,3.0
11452182,ANTOJITOS GELIS,19.35458515,-99.02453265,0 a 5 personas,Restaurantes con servicio de preparación de antojitos,261,4.9
7748063,ANTOJITOS GENESIS,19.40894467,-99.12254707,0 a 5 personas,Restaurantes con servicio de preparación de antojitos,437,3.9
1040231,ANTOJITOS GENESIS,19.43032659,-99.14229583,0 a 5 personas,Restaurantes con servicio de preparación de antojitos,493,4.2
11403667,ANTOJITOS GENESIS,19.37989931,-99.2505069,0 a 5 personas,Restaurantes con servicio de preparación de antojitos,488,4.0
913750,ANTOJITOS GEÑITA,19.2676547,-99.20494786,0 a 5 personas,Restaurantes con servicio de preparación de antojitos,339,4.1
681065,ANTOJITOS GEO,19.49896301,-99.1914449,0 a 5 personas,Restaurantes con servicio de preparación de antojitos,169,4.3
9652433,ANTOJITOS GISEL,19.55072063,-99.12385781,0 a 5 personas,Restaurantes con servicio de preparación de antojitos,110,3.7
800507,ANTOJITOS GISELLE LOCAL 85,19.34730041,-99.05132839,0 a 5 personas,Restaurantes con servicio de preparación de antojitos,343,3.3
907019,ANTOJITOS GLORIA,19.32250826,-99.1634003,0 a 5 personas,Restaurantes con servicio de preparación de antojitos,389,3.8
703469,ANTOJITOS GLORIA,19.41851485,-99.1266889,0 a 5 personas,Restaurantes con servicio de preparación de antojitos,416,4.0
859798,ANTOJITOS GLORIA,19.29964883,-99.14884925,0 a 5 personas,Restaurantes con servicio de preparación de tacos y tortas,356,2.8
690816,ANTOJITOS GLORIA RESTAURANTES DE COMIDA PARA LLEVAR,19.46312865,-99.17380475,0 a 5 personas,Restaurantes que preparan otro tipo de alimentos para llevar,235,3.9
10229587,ANTOJITOS GORDITAS LOS MILITARES,19.35279804,-99.3009207,0 a 5 personas,Restaurantes con servicio de preparación de antojitos,141,2.5
732604,ANTOJITOS GORDITAS Y HUARACHES,19.3412522,-99.01831889,0 a 5 personas,Restaurantes con servicio de preparación de antojitos,280,4.1
11461153,ANTOJITOS GORDITAS Y QUESADILLAS,19.32372492,-99.12473362,0 a 5 personas,Restaurantes con servicio de preparación de antojitos,74,4.1
7619112,ANTOJITOS GRACIELA,19.22557425,-99.08829774,0 a 5 personas,Restaurantes con servicio de preparación de antojitos,188,3.0
763353,ANTOJITOS GRANADA,19.44156284,-99.19233625,0 a 5 personas,Restaurantes con servicio de preparación de antojitos,419,4.6
646916,ANTOJITOS GREEN,19.37920917,-99.10400245,0 a 5 personas,Restaurantes con servicio de preparación de tacos y tortas,313,3.2
923449,ANTOJITOS GUADALUPANA,19.37802563,-99.23143744,0 a 5 personas,Restaurantes con servicio de preparación de antojitos,339,4.4
994275,ANTOJITOS GUILLE,19.25742167,-99.10815711,0 a 5 personas,Restaurantes con servicio de preparación de antojitos,332,4.7
894095,ANTOJITOS GUILLE,19.37706725,-99.17420601,0 a 5 personas,Restaurantes con servicio de preparación de tacos y tortas,413,4.8
9844209,ANTOJITOS GUILLE,19.41834329,-99.12760782,0 a 5 personas,Restaurantes con servicio de preparación de tacos y tortas,199,4.6
672877,ANTOJITOS GUILLEN,19.50401928,-99.14890318,0 a 5 personas,Restaurantes con servicio de preparación de antojitos,239,3.0
8652326,ANTOJITOS GUILLENS,19.361919,-99.09609127,0 a 5 personas,Restaurantes con servicio de preparación de tacos y tortas,121,3.6
941718,ANTOJITOS GUS,19.24857626,-99.1203705,0 a 5 personas,"Restaurantes con servicio de preparación de pizzas, hamburguesas, hot dogs y pollos rostizados para llevar",402,4.3
1053771,ANTOJITOS GUSY,19.21773778,-99.2053224,0 a 5 personas,Restaurantes que preparan otro tipo de alimentos para llevar,88,4.5
9881020,ANTOJITOS HAMBURGUESAS Y HOT DOGSJULI,19.37945919,-99.06953274,0 a 5 personas,"Restaurantes con servicio de preparación de pizzas, hamburguesas, hot dogs y pollos rostizados para llevar",122,3.8
10077660,ANTOJITOS HAMBURGUESERIA LA CLANDESTINA,19.35390082,-99.29913635,0 a 5 personas,"Restaurantes con servicio de preparación de pizzas, hamburguesas, hot dogs y pollos rostizados para llevar",423,3.7
11373290,ANTOJITOS HANNA,19.33204464,-99.01240673,0 a 5 personas,Restaurantes con servicio de preparación de antojitos,71,4.7
9594112,ANTOJITOS HERME,19.4391763,-99.08073554,0 a 5 personas,Restaurantes con servicio de preparación de antojitos,250,4.0
10992983,ANTOJITOS HERRERA,19.45701982,-99.19226281,0 a 5 personas,Restaurantes con servicio de preparación de antojitos,80,4.5
8736766,ANTOJITOS HIJA DE CABRERA,19.26147096,-99.10469459,0 a 5 personas,Restaurantes con servicio de preparación de antojitos,339,4.3
882857,ANTOJITOS HUARACHES DON PEPE,19.23377523,-98.99267225,0 a 5 personas,Restaurantes con servicio de preparación de antojitos,373,4.2
10311792,ANTOJITOS HUARACHES EL SAZON DE PERIN,19.26628896,-99.00371889,0 a 5 personas,Restaurantes con servicio de preparación de antojitos,415,4.5
10963659,ANTOJITOS HUARACHES Y GORDITAS SIN NOMBRE,19.1346928,-99.17461918,0 a 5 personas,Restaurantes con servicio de preparación de antojitos,127,4.8
828046,ANTOJITOS HUARACHO T,19.3387688,-98.98859701,0 a 5 personas,Restaurantes con servicio de preparación de antojitos,492,3.8
739648,ANTOJITOS HUERTA,19.41674494,-99.075081,0 a 5 personas,Restaurantes con servicio de preparación de antojitos,313,3.5
11586254,ANTOJITOS IKER,19.26825413,-99.23667956,0 a 5 personas,"Cafeterías, fuentes de sodas, neverías, refresquerías y similares",486,3.3
655703,ANTOJITOS INES,19.44419199,-99.09888233,0 a 5 personas,Restaurantes con servicio de preparación de antojitos,410,4.2
10508966,ANTOJITOS IRLANDA,19.45438098,-99.18434284,0 a 5 personas,Restaurantes con servicio de preparación de antojitos,263,2.8
8131095,ANTOJITOS ISAAC Y RENATA,19.45785732,-99.13694486,0 a 5 personas,Restaurantes con servicio de preparación de antojitos,103,4.2
11736093,ANTOJITOS ISABEL,19.298492,-99.24306119,0 a 5 personas,"Restaurantes con servicio de preparación de pizzas, hamburguesas, hot dogs y pollos rostizados para llevar",420,3.5
973618,ANTOJITOS ISI,19.26413597,-99.11628078,0 a 5 personas,Restaurantes con servicio de preparación de antojitos,119,4.1
11756733,ANTOJITOS ITZEL,19.2333183,-99.00359111,0 a 5 personas,Restaurantes con servicio de preparación de antojitos,146,4.4
743922,ANTOJITOS JACKY,19.42457202,-99.10828953,0 a 5 personas,Restaurantes con servicio de preparación de antojitos,422,4.0
9985204,ANTOJITOS JANET,19.3830798,-99.0899218,0 a 5 personas,Restaurantes con servicio de preparación de antojitos,67,3.3
694014,ANTOJITOS JAQUELINE,19.45096307,-99.10993329,0 a 5 personas,Restaurantes con servicio de preparación de antojitos,185,3.1
11373898,ANTOJITOS JAQUELINE,19.32541341,-99.17326636,0 a 5 personas,Restaurantes con servicio de preparación de antojitos,184,4.2
741046,ANTOJITOS JARDIN,19.46664246,-99.1591547,0 a 5 personas,Restaurantes con servicio de preparación de antojitos,401,3.4
10986863,ANTOJITOS JAZ,19.32300789,-99.29109295,0 a 5 personas,Restaurantes con servicio de preparación de antojitos,440,4.7
11247499,ANTOJITOS JERU,19.33474418,-99.08110349,0 a 5 personas,Restaurantes con servicio de preparación de tacos y tortas,443,4.2
10660312,ANTOJITOS JESSICA,19.4963558,-99.12031735,0 a 5 personas,Restaurantes con servicio de preparación de antojitos,85,4.5
11428947,ANTOJITOS JESSY,19.34718912,-99.00155905,0 a 5 personas,Restaurantes con servicio de preparación de antojitos,367,4.6
9197912,ANTOJITOS JESUS,19.57073865,-99.13000594,0 a 5 personas,Restaurantes con servicio de preparación de antojitos,419,2.7
9540066,ANTOJITOS JIMENA,19.46204042,-99.11784914,0 a 5 personas,Restaurantes con servicio de preparación de antojitos,100,4.2
665698,ANTOJITOS JIMENA,19.48012715,-99.15680914,0 a 5 personas,Restaurantes con servicio de preparación de antojitos,336,2.8
973670,ANTOJITOS JIMMY VENTA DE TACOS DE GUISADO,19.26805372,-99.12614045,0 a 5 personas,Restaurantes con servicio de preparación de antojitos,187,4.4
709531,ANTOJITOS JIRASOL,19.3883225,-99.0667582,0 a 5 personas,Restaurantes con servicio de preparación de antojitos,133,2.6
9200182,ANTOJITOS JIREH,19.47676241,-99.11605122,0 a 5 personas,Restaurantes que preparan otro tipo de alimentos para llevar,292,3.7
11179176,ANTOJITOS JIREH,19.24701949,-99.08393769,0 a 5 personas,Restaurantes con servicio de preparación de antojitos,340,3.6
11101145,ANTOJITOS JIREK,19.35975898,-99.0930724,0 a 5 personas,Restaurantes con servicio de preparación de antojitos,462,3.9
7757337,ANTOJITOS JOAQUIN HERRERA,19.43869881,-99.12520313,0 a 5 personas,Restaurantes con servicio de preparación de antojitos,271,4.4
10870904,ANTOJITOS JOPA,19.42539196,-99.11937137,0 a 5 personas,Restaurantes con servicio de preparación de antojitos,482,3.9
1022817,ANTOJITOS JOSE,19.32881838,-99.15294325,0 a 5 personas,Restaurantes con servicio de preparación de antojitos,80,4.5
9807035,ANTOJITOS JOSE,19.52987473,-99.14152336,0 a 5 personas,Restaurantes con servicio de preparación de antojitos,402,4.5
8306743,ANTOJITOS JOSE MIGUEL,19.34088602,-99.10009857,0 a 5 personas,Restaurantes con servicio de preparación de antojitos,169,4.5
10261268,ANTOJITOS JOSEFINA,19.42928602,-99.21985018,0 a 5 personas,Restaurantes con servicio de preparación de antojitos,409,2.7
11162036,ANTOJITOS JOSEFINA,19.34224301,-99.14023356,0 a 5 personas,Restaurantes con servicio de preparación de antojitos,290,3.1
9948114,ANTOJITOS JOSH Y JULIA,19.45275583,-99.20226512,0 a 5 personas,Restaurantes con servicio de preparación de antojitos,117,4.6
7755774,ANTOJITOS JOVANNA,19.42758098,-99.12562941,0 a 5 personas,Restaurantes con servicio de preparación de antojitos,322,4.1
7261597,ANTOJITOS JUANA,19.39339623,-99.19628165,0 a 5 personas,Restaurantes con servicio de preparación de antojitos,145,3.5
725407,ANTOJITOS JUANIS,19.32701024,-99.07689199,0 a 5 personas,Restaurantes con servicio de preparación de antojitos,274,3.7
790329,ANTOJITOS JUANITA,19.38302964,-99.1309007,0 a 5 personas,Restaurantes con servicio de preparación de antojitos,86,2.9
978594,ANTOJITOS JUANITA,19.32422006,-99.11962221,0 a 5 personas,Restaurantes con servicio de preparación de antojitos,272,4.0
7399862,ANTOJITOS JUANITA,19.45766765,-99.20916704,0 a 5 personas,Restaurantes con servicio de preparación de antojitos,395,3.9
8507622,ANTOJITOS JUANITA,19.31065777,-99.24420328,0 a 5 personas,Restaurantes con servicio de preparación de antojitos,272,3.8
11491601,ANTOJITOS JUANITA,19.45898941,-99.18699874,0 a 5 personas,Restaurantes que preparan otro tipo de alimentos para llevar,333,3.9
916830,ANTOJITOS JUANITA,19.27018533,-99.17675688,0 a 5 personas,Restaurantes con servicio de preparación de antojitos,303,3.9
6956398,ANTOJITOS JUANITA,19.45120265,-99.08788801,0 a 5 personas,Restaurantes con servicio de preparación de alimentos a la carta o de comida corrida,215,3.9
11836203,ANTOJITOS JUANITA,19.2603058,-99.0359713,0 a 5 personas,Restaurantes con servicio de preparación de antojitos,285,4.0
10996835,ANTOJITOS JUANITA,19.46710577,-99.16297919,0 a 5 personas,Restaurantes con servicio de preparación de antojitos,169,3.5
1031386,ANTOJITOS JUANITA,19.24500304,-99.09274023,0 a 5 personas,Restaurantes con servicio de preparación de antojitos,187,3.8
940989,ANTOJITOS JUANITA,19.26147096,-99.10469459,0 a 5 personas,Restaurantes con servicio de preparación de antojitos,377,4.1
10438701,ANTOJITOS JUANITA,19.33762719,-99.10740559,0 a 5 personas,Restaurantes con servicio de preparación de antojitos,415,4.5
8276622,ANTOJITOS JUANITA,19.4759623,-99.10582578,0 a 5 personas,Restaurantes con servicio de preparación de antojitos,277,2.4
740789,ANTOJITOS JUANITA,19.46710577,-99.16297919,0 a 5 personas,Restaurantes con servicio de preparación de antojitos,132,3.7
984139,ANTOJITOS JUDITH,19.44487704,-99.13963971,0 a 5 personas,Restaurantes con servicio de preparación de antojitos,77,3.4
1036977,ANTOJITOS JUDITH,19.25515412,-99.0465127,0 a 5 personas,Restaurantes con servicio de preparación de antojitos,246,3.9
683700,ANTOJITOS JUDITH,19.48373571,-99.17865131,0 a 5 personas,Restaurantes con servicio de preparación de antojitos,137,4.1
808622,ANTOJITOS JUGOS Y LICUADOS,19.40281507,-99.05808323,0 a 5 personas,Restaurantes con servicio de preparación de antojitos,422,3.7
1042715,ANTOJITOS JUGOS Y LICUADOS,19.42649305,-99.15480196,0 a 5 personas,"Cafeterías, fuentes de sodas, neverías, refresquerías y similares",171,4.3
806062,ANTOJITOS JUGOS Y LICUADOS,19.45437742,-99.08593111,0 a 5 personas,Restaurantes con servicio de preparación de antojitos,440,3.9
11179961,ANTOJITOS JULI,19.24507539,-99.15320791,0 a 5 personas,Restaurantes con servicio de preparación de antojitos,389,4.6
997968,ANTOJITOS JULIA,19.43240645,-99.12708211,0 a 5 personas,Restaurantes con servicio de preparación de antojitos,51,4.0
798562,ANTOJITOS JULY,19.39195032,-99.08905938,0 a 5 personas,Restaurantes con servicio de preparación de antojitos,362,4.3
988876,ANTOJITOS JUNIOR,19.34942818,-99.14723007,0 a 5 personas,Restaurantes con servicio de preparación de antojitos,284,4.0
11736435,ANTOJITOS JUQUILA,19.31945662,-99.26330031,0 a 5 personas,Restaurantes con servicio de preparación de antojitos,315,4.1
10624517,ANTOJITOS KAALI,19.2168857,-99.18508321,0 a 5 personas,Restaurantes con servicio de preparación de antojitos,131,3.9
8210095,ANTOJITOS KAREN,19.5118934,-99.14815247,0 a 5 personas,Restaurantes que preparan otro tipo de alimentos para llevar,403,3.6
8254074,ANTOJITOS KAREN,19.34405392,-98.99875775,0 a 5 personas,Restaurantes con servicio de preparación de antojitos,447,3.9
11723312,ANTOJITOS KAREN,19.27908037,-99.12221511,0 a 5 personas,Restaurantes con servicio de preparación de antojitos,251,4.4
696130,ANTOJITOS KAREN Y YARELI,19.42665181,-99.05885281,0 a 5 personas,Restaurantes con servicio de preparación de antojitos,407,3.7
10989937,ANTOJITOS KARI,19.34237828,-99.14001367,0 a 5 personas,Restaurantes con servicio de preparación de antojitos,337,4.9
993523,ANTOJITOS KARI,19.32223408,-99.16973122,0 a 5 personas,Restaurantes que preparan otro tipo de alimentos para llevar,230,3.8
10122378,ANTOJITOS KARINA,19.33532034,-99.1818199,0 a 5 personas,Restaurantes con servicio de preparación de antojitos,52,4.1
666494,ANTOJITOS KARLA,19.49055937,-99.17486122,0 a 5 personas,Restaurantes con servicio de preparación de antojitos,97,3.7
10214932,ANTOJITOS KEILY,19.26040611,-99.10527771,0 a 5 personas,Restaurantes con servicio de preparación de antojitos,185,3.7
9615618,ANTOJITOS KELI,19.4353396,-99.12949571,0 a 5 personas,Restaurantes con servicio de preparación de antojitos,314,3.2
7768303,ANTOJITOS KIKA,19.5136332,-99.19974421,0 a 5 personas,Restaurantes con servicio de preparación de antojitos,252,3.6
671698,ANTOJITOS KIKA,19.52466997,-99.16913739,6 a 10 personas,Restaurantes con servicio de preparación de antojitos,321,3.9
11692540,ANTOJITOS KIKI,19.54504098,-99.14175801,0 a 5 personas,Restaurantes con servicio de preparación de antojitos,393,2.7
927946,ANTOJITOS KIKIS,19.33693447,-99.20165467,0 a 5 personas,Restaurantes con servicio de preparación de antojitos,336,3.6
854787,ANTOJITOS KISMA,19.28302191,-99.20417324,0 a 5 personas,Restaurantes con servicio de preparación de antojitos,182,3.1
10482247,ANTOJITOS LA #1,19.3180525,-99.0761995,0 a 5 personas,Restaurantes con servicio de preparación de antojitos,146,3.2
8948269,ANTOJITOS LA 14,19.5206009,-99.15818866,0 a 5 personas,Restaurantes con servicio de preparación de alimentos a la carta o de comida corrida,143,4.0
9793367,ANTOJITOS LA 14,19.37337927,-99.04955777,0 a 5 personas,Restaurantes con servicio de preparación de antojitos,424,4.2
10787121,ANTOJITOS LA ABUELA ESTHER,19.3170703,-99.0881216,0 a 5 personas,Restaurantes con servicio de preparación de antojitos,143,3.3
951458,ANTOJITOS LA ABUELITA,19.41699547,-99.14925319,0 a 5 personas,Restaurantes con servicio de preparación de antojitos,256,3.3
7254232,ANTOJITOS LA ABUELITA,19.38200379,-99.18544843,0 a 5 personas,Restaurantes con servicio de preparación de antojitos,344,3.9
983186,ANTOJITOS LA ABUELITA,19.26147096,-99.10469459,0 a 5 personas,Restaurantes con servicio de preparación de antojitos,65,4.7
9680836,ANTOJITOS LA ARBOLEDA,19.37890447,-99.21900695,0 a 5 personas,Restaurantes con servicio de preparación de antojitos,497,4.1
674800,ANTOJITOS LA BANDIDA Y EL MEXITACO,19.48886122,-99.09660872,0 a 5 personas,Restaurantes con servicio de preparación de antojitos,260,4.8
935622,ANTOJITOS LA BENDICION,19.28878795,-99.14769063,0 a 5 personas,Restaurantes con servicio de preparación de antojitos,96,4.2
9219890,ANTOJITOS LA BRECHA,19.55256697,-99.12661944,0 a 5 personas,Restaurantes con servicio de preparación de antojitos,492,3.8
930745,ANTOJITOS LA CABAÑITA ROSITA,19.28339574,-99.2731885,0 a 5 personas,Restaurantes con servicio de preparación de antojitos,148,3.7
9921962,ANTOJITOS LA CASA DE DON JAIME,19.3724178,-99.06637601,0 a 5 personas,Restaurantes con servicio de preparación de antojitos,69,4.4
10715934,ANTOJITOS LA CASA DE LAS ALITAS,19.45096307,-99.10993329,0 a 5 personas,Restaurantes de autoservicio,70,4.1
649303,ANTOJITOS LA CASA DE LOS CAMPEONES,19.48350653,-99.18575436,0 a 5 personas,Restaurantes con servicio de preparación de antojitos,230,4.5
946989,ANTOJITOS LA CASA DEL CAPI,19.28657079,-99.06741352,0 a 5 personas,Restaurantes con servicio de preparación de antojitos,384,3.4
1017939,ANTOJITOS LA CASA DEL MAIL,19.38393284,-99.23064102,0 a 5 personas,Restaurantes que preparan otro tipo de alimentos para llevar,231,4.0
904907,ANTOJITOS LA CASITA,19.35301691,-99.15666563,0 a 5 personas,"Restaurantes con servicio de preparación de pizzas, hamburguesas, hot dogs y pollos rostizados para llevar",98,3.2
904897,ANTOJITOS LA CASITA,19.35217893,-99.15334338,0 a 5 personas,Restaurantes con servicio de preparación de antojitos,449,3.3
10090001,ANTOJITOS LA CASITA,19.27464451,-99.2294302,0 a 5 personas,Restaurantes con servicio de preparación de antojitos,321,3.7
797799,ANTOJITOS LA CASITA QUESADILLAS GORDITAS Y HUARACHES,19.39159816,-99.09514248,0 a 5 personas,Restaurantes con servicio de preparación de antojitos,72,4.3
7642657,ANTOJITOS LA CENTRAL,19.18606666,-99.07272167,0 a 5 personas,Restaurantes con servicio de preparación de antojitos,157,3.9
11437172,ANTOJITOS LA CHAPIS,19.38018617,-99.12113954,0 a 5 personas,Restaurantes con servicio de preparación de antojitos,373,2.4
10869601,ANTOJITOS LA CHATA,19.45674658,-99.19387019,0 a 5 personas,Restaurantes con servicio de preparación de antojitos,142,4.3
851745,ANTOJITOS LA CHELI,19.27222918,-99.24001979,0 a 5 personas,"Restaurantes con servicio de preparación de pizzas, hamburguesas, hot dogs y pollos rostizados para llevar",214,4.4
7233474,ANTOJITOS LA CHIAPANECA,19.35331934,-99.31030664,0 a 5 personas,Restaurantes que preparan otro tipo de alimentos para llevar,73,3.8
10938033,ANTOJITOS LA CHINA,19.37824705,-99.05159969,0 a 5 personas,Restaurantes con servicio de preparación de antojitos,366,3.1
11308743,ANTOJITOS LA CHINA,19.42180914,-99.14555058,0 a 5 personas,Restaurantes con servicio de preparación de antojitos,313,3.8
9872652,ANTOJITOS LA CHINA,19.3785156,-99.07225752,0 a 5 personas,Restaurantes con servicio de preparación de antojitos,285,3.9
10245418,ANTOJITOS LA CHINA,19.29555868,-99.01478272,0 a 5 personas,Restaurantes con servicio de preparación de antojitos,156,4.4
977467,ANTOJITOS LA CHINGADA,19.28726195,-99.10180539,0 a 5 personas,Restaurantes con servicio de preparación de antojitos,78,3.7
11189230,ANTOJITOS LA CHIQUIS,19.19249762,-99.09053042,0 a 5 personas,Restaurantes con servicio de preparación de antojitos,164,3.3
10478469,ANTOJITOS LA CHIQUITA,19.47611482,-99.15519835,0 a 5 personas,Restaurantes con servicio de preparación de antojitos,443,4.6
9739995,ANTOJITOS LA COMADRITA,19.28726195,-99.10180539,0 a 5 personas,Restaurantes con servicio de preparación de antojitos,489,4.5
862102,ANTOJITOS LA COMADRTA,19.29183492,-99.12587205,0 a 5 personas,Restaurantes que preparan otro tipo de alimentos para llevar,419,3.7
11370452,ANTOJITOS LA CONCHITA,19.35594159,-99.23888483,0 a 5 personas,Restaurantes con servicio de preparación de antojitos,157,4.8
9631841,ANTOJITOS LA CURVA,19.39164838,-99.09063589,0 a 5 personas,Restaurantes con servicio de preparación de antojitos,122,3.9
7619158,ANTOJITOS LA CURVA,19.23493988,-99.11971902,0 a 5 personas,Restaurantes con servicio de preparación de antojitos,199,4.1
11578002,ANTOJITOS LA DOÑA,19.31107499,-99.04714069,0 a 5 personas,Restaurantes con servicio de preparación de antojitos,315,4.3
11154152,ANTOJITOS LA ESCONDIDA,19.31656582,-99.25732631,0 a 5 personas,Restaurantes con servicio de preparación de antojitos,133,2.9
821726,ANTOJITOS LA ESPERANZA,19.34522742,-98.99251129,0 a 5 personas,Restaurantes con servicio de preparación de antojitos,453,3.7
11001690,ANTOJITOS LA ESPIGA,19.5020317,-99.08188865,0 a 5 personas,Restaurantes con servicio de preparación de antojitos,356,2.4
9496092,ANTOJITOS LA ESQUINA,19.38826089,-99.19725473,0 a 5 personas,Restaurantes que preparan otro tipo de alimentos para llevar,140,4.2
8584060,ANTOJITOS LA ESQUINA DEL SABOR,19.32733414,-99.13951407,0 a 5 personas,Restaurantes con servicio de preparación de tacos y tortas,151,3.9
11146809,ANTOJITOS LA ESQUINITA,19.28771443,-99.05167094,0 a 5 personas,Restaurantes con servicio de preparación de antojitos,315,4.7
7705792,ANTOJITOS LA ESQUINITA,19.34154966,-99.11734095,0 a 5 personas,Restaurantes con servicio de preparación de tacos y tortas,132,3.3
857186,ANTOJITOS LA FIESTA,19.45412049,-99.14676278,0 a 5 personas,Restaurantes con servicio de preparación de antojitos,474,4.8
9673842,ANTOJITOS LA FLOR,19.27227068,-99.18720108,0 a 5 personas,Restaurantes con servicio de preparación de antojitos,271,3.6
11721170,ANTOJITOS LA FLOR DE MAMA,19.45098409,-99.07584192,0 a 5 personas,Restaurantes con servicio de preparación de antojitos,257,4.6
931779,ANTOJITOS LA FLOR DE RETAMA,19.29700699,-99.24755432,0 a 5 personas,Restaurantes con servicio de preparación de antojitos,345,3.8
941039,ANTOJITOS LA GAVIOTA Y EL CAIMAN,19.25896698,-99.10749377,0 a 5 personas,Servicios de preparación de otros alimentos para consumo inmediato,295,4.5
11160469,ANTOJITOS LA GORDERIA,19.2237658,-98.99320134,0 a 5 personas,Restaurantes con servicio de preparación de tacos y tortas,310,4.7
11582236,ANTOJITOS LA GUADALUPANA,19.32758366,-99.28481853,0 a 5 personas,Restaurantes con servicio de preparación de antojitos,348,3.9
796891,ANTOJITOS LA GUELAGUETZA,19.38627702,-99.09593578,0 a 5 personas,Restaurantes con servicio de preparación de antojitos,244,3.8
11528538,ANTOJITOS LA GUERA,19.37353119,-99.09472659,6 a 10 personas,Restaurantes con servicio de preparación de antojitos,201,3.0
751732,ANTOJITOS LA GUERA,19.40683146,-99.12204704,6 a 10 personas,Restaurantes con servicio de preparación de antojitos,423,3.3
8612643,ANTOJITOS LA GUERA,19.34399828,-99.00612217,0 a 5 personas,Restaurantes con servicio de preparación de antojitos,395,4.6
7337954,ANTOJITOS LA GUERA,19.40095575,-99.09310094,0 a 5 personas,Restaurantes con servicio de preparación de antojitos,208,4.5
11667771,ANTOJITOS LA GUERA,19.47894524,-99.13429932,0 a 5 personas,Restaurantes que preparan otro tipo de alimentos para llevar,364,4.2
660403,ANTOJITOS LA GUERA,19.42903801,-99.10689248,0 a 5 personas,Restaurantes con servicio de preparación de antojitos,167,1.8
11129360,ANTOJITOS LA GUERA,19.40683146,-99.12204704,0 a 5 personas,Restaurantes con servicio de preparación de antojitos,165,4.0
10845061,ANTOJITOS LA GUERA,19.46834962,-99.13888085,0 a 5 personas,Restaurantes con servicio de preparación de antojitos,244,2.9
677219,ANTOJITOS LA GUERA,19.48160864,-99.11763352,0 a 5 personas,Restaurantes con servicio de preparación de antojitos,496,4.2
676612,ANTOJITOS LA GUERA,19.48561578,-99.11976533,0 a 5 personas,Restaurantes con servicio de preparación de antojitos,423,4.0
942106,ANTOJITOS LA GUERA,19.23306845,-99.11948403,0 a 5 personas,Restaurantes con servicio de preparación de tacos y tortas,178,3.8
10844472,ANTOJITOS LA GUERA,19.25537203,-99.05760046,0 a 5 personas,Restaurantes con servicio de preparación de antojitos,252,4.6
9183590,ANTOJITOS LA GUERA,19.47113878,-99.09782331,0 a 5 personas,Restaurantes con servicio de preparación de tacos y tortas,374,4.6
10485657,ANTOJITOS LA GUERA,19.46342163,-99.12747819,0 a 5 personas,Restaurantes con servicio de preparación de antojitos,248,3.3
9339985,ANTOJITOS LA GUERA,19.39791396,-99.11941868,0 a 5 personas,Restaurantes con servicio de preparación de antojitos,304,4.4
10855534,ANTOJITOS LA GUERA,19.38038661,-99.09787944,0 a 5 personas,Restaurantes con servicio de preparación de antojitos,466,4.0
653439,ANTOJITOS LA GUERA,19.48086918,-99.204888,6 a 10 personas,Restaurantes que preparan otro tipo de alimentos para llevar,126,3.4
884958,ANTOJITOS LA GUERA,19.4600388,-99.13019586,0 a 5 personas,Restaurantes con servicio de preparación de antojitos,496,4.1
1003325,ANTOJITOS LA GUERA,19.43677217,-99.13361657,0 a 5 personas,Restaurantes con servicio de preparación de antojitos,475,3.5
983145,ANTOJITOS LA GUERA,19.26147096,-99.10469459,0 a 5 personas,Restaurantes con servicio de preparación de antojitos,208,4.2
974594,ANTOJITOS LA GUERA,19.33772201,-99.11908606,0 a 5 personas,Restaurantes con servicio de preparación de antojitos,101,4.5
917254,ANTOJITOS LA GUERA,19.25188632,-99.1723557,0 a 5 personas,Restaurantes con servicio de preparación de antojitos,227,4.2
782318,ANTOJITOS LA GUERA,19.466522,-99.13441491,0 a 5 personas,Restaurantes con servicio de preparación de antojitos,318,4.6
819055,ANTOJITOS LA GUERA,19.45028343,-99.06976899,0 a 5 personas,Restaurantes con servicio de preparación de antojitos,498,4.0
11318445,ANTOJITOS LA GUERA,19.3217537,-99.26797212,0 a 5 personas,"Restaurantes con servicio de preparación de pizzas, hamburguesas, hot dogs y pollos rostizados para llevar",162,4.8
8198137,ANTOJITOS LA GUERITA,19.3335265,-99.03321377,0 a 5 personas,Servicios de preparación de otros alimentos para consumo inmediato,285,4.1
654385,ANTOJITOS LA GUERITA,19.47676908,-99.19660582,0 a 5 personas,Restaurantes con servicio de preparación de antojitos,424,3.7
10910877,ANTOJITOS LA GUERRA,19.43225756,-99.14821609,0 a 5 personas,Restaurantes con servicio de preparación de antojitos,215,3.9
9355595,ANTOJITOS LA HUASTECA,19.29994728,-99.16828881,0 a 5 personas,Restaurantes con servicio de preparación de antojitos,88,3.6
790154,ANTOJITOS LA JAROCHA,19.46142567,-99.11672649,0 a 5 personas,Restaurantes con servicio de preparación de antojitos,402,3.8
10227889,ANTOJITOS LA JAROCHA,19.50899646,-99.09549481,0 a 5 personas,Restaurantes con servicio de preparación de antojitos,347,2.9
8612982,ANTOJITOS LA JAROCHA,19.37549659,-99.00994446,0 a 5 personas,Restaurantes con servicio de preparación de antojitos,429,3.7
956446,ANTOJITOS LA LUNA,19.41150088,-99.16105233,0 a 5 personas,Restaurantes con servicio de preparación de antojitos,148,3.4
9785126,ANTOJITOS LA MACARENA,19.37077993,-99.06874503,0 a 5 personas,Restaurantes con servicio de preparación de antojitos,216,3.8
8260206,ANTOJITOS LA MANSION DEL CUATE,19.41505579,-99.06443359,0 a 5 personas,Restaurantes con servicio de preparación de tacos y tortas,91,3.8
10840583,ANTOJITOS LA MARQUESA,19.30474051,-99.03650141,0 a 5 personas,Restaurantes con servicio de preparación de antojitos,411,2.8
874386,ANTOJITOS LA MEXICANA,19.43649983,-99.15819092,0 a 5 personas,Restaurantes con servicio de preparación de antojitos,378,4.9
656563,ANTOJITOS LA MEXICANITA,19.36820287,-99.11793526,0 a 5 personas,Restaurantes con servicio de preparación de antojitos,154,2.0
1001483,ANTOJITOS LA MIXTECA,19.31954865,-99.16072351,0 a 5 personas,Restaurantes con servicio de preparación de antojitos,296,3.3
10474754,ANTOJITOS LA MORA ROJA,19.33729395,-99.05298658,0 a 5 personas,"Restaurantes con servicio de preparación de pizzas, hamburguesas, hot dogs y pollos rostizados para llevar",396,3.8
10984277,ANTOJITOS LA MORE,19.20187626,-99.01238199,0 a 5 personas,Restaurantes con servicio de preparación de antojitos,347,4.4
10322119,ANTOJITOS LA MORENITA,19.28098513,-99.05245393,0 a 5 personas,Restaurantes con servicio de preparación de antojitos,462,3.7
10834344,ANTOJITOS LA MUÑECA CHINAMPERA,19.26130614,-99.10012893,0 a 5 personas,Restaurantes con servicio de preparación de antojitos,245,3.9
823385,ANTOJITOS LA NORTEÑA,19.32377377,-99.07633162,0 a 5 personas,Restaurantes con servicio de preparación de antojitos,202,3.5
819277,ANTOJITOS LA OAXAQUEÑA,19.4538868,-99.0648573,0 a 5 personas,Restaurantes con servicio de preparación de antojitos,321,3.7
1046979,ANTOJITOS LA OAXAQUEÑA,19.2911471,-99.0335736,6 a 10 personas,Restaurantes con servicio de preparación de antojitos,234,3.5
990487,ANTOJITOS LA OAXAQUEÑA COCINA ECONOMICA,19.30340015,-99.14195956,0 a 5 personas,Restaurantes que preparan otro tipo de alimentos para llevar,467,4.7
7136731,ANTOJITOS LA PASADITA,19.41330693,-99.09136288,0 a 5 personas,Restaurantes con servicio de preparación de antojitos,252,4.0
703044,ANTOJITOS LA PASADITA,19.42558311,-99.12328203,0 a 5 personas,Restaurantes con servicio de preparación de antojitos,314,3.9
11258817,ANTOJITOS LA PASADITA,19.33283206,-99.27508099,0 a 5 personas,Restaurantes con servicio de preparación de antojitos,212,3.6
7619323,ANTOJITOS LA PASADITA,19.24026991,-99.11704537,0 a 5 personas,Restaurantes con servicio de preparación de antojitos,332,4.5
654650,ANTOJITOS LA PASADITA,19.47786251,-99.19176931,0 a 5 personas,Restaurantes con servicio de preparación de antojitos,472,2.9
7298817,ANTOJITOS LA PASADITA,19.32677301,-99.27966347,0 a 5 personas,Restaurantes con servicio de preparación de antojitos,478,3.9
9157506,ANTOJITOS LA PASADITA,19.27476643,-99.17617951,0 a 5 personas,"Cafeterías, fuentes de sodas, neverías, refresquerías y similares",172,4.1
995257,ANTOJITOS LA PASADITA,19.3468585,-99.20758494,0 a 5 personas,Restaurantes con servicio de preparación de antojitos,286,2.9
8183050,ANTOJITOS LA PASADITA,19.57225889,-99.12888041,0 a 5 personas,"Restaurantes con servicio de preparación de pizzas, hamburguesas, hot dogs y pollos rostizados para llevar",493,4.1
10122419,ANTOJITOS LA PASADITA DE SAN ISIDRO,19.19926687,-99.10471929,0 a 5 personas,Restaurantes con servicio de preparación de antojitos,141,3.7
10820064,ANTOJITOS LA PATRONA,19.34502856,-98.99464406,0 a 5 personas,Restaurantes con servicio de preparación de antojitos,476,4.5
696045,ANTOJITOS LA PEKAS,19.43061374,-99.0548804,0 a 5 personas,Restaurantes con servicio de preparación de antojitos,110,4.1
9087775,ANTOJITOS LA PEQUE,19.32646594,-99.28110594,0 a 5 personas,Restaurantes con servicio de preparación de antojitos,246,4.1
754622,ANTOJITOS LA PEQUEÑA,19.40972678,-99.12431463,0 a 5 personas,Restaurantes con servicio de preparación de antojitos,449,3.5
10457240,ANTOJITOS LA PIBIL,19.32842892,-99.12431501,0 a 5 personas,Restaurantes con servicio de preparación de alimentos a la carta o de comida corrida,141,3.3
774235,ANTOJITOS LA POBLANITA,19.41069024,-99.19049873,6 a 10 personas,Restaurantes con servicio de preparación de tacos y tortas,435,4.4
10877243,ANTOJITOS LA POBLANITA,19.41069024,-99.19049873,0 a 5 personas,Restaurantes con servicio de preparación de antojitos,283,4.9
7715318,ANTOJITOS LA POBLANITA,19.46667179,-99.06572722,0 a 5 personas,Restaurantes con servicio de preparación de antojitos,68,4.3
728574,ANTOJITOS LA POBLANITA,19.37707209,-99.00965257,0 a 5 personas,Restaurantes con servicio de preparación de antojitos,369,4.0
11681360,ANTOJITOS LA POBLANITA,19.46620714,-99.10619606,0 a 5 personas,Restaurantes con servicio de preparación de antojitos,325,4.3
11756997,ANTOJITOS LA POBLANITA,19.34446158,-98.99829261,0 a 5 personas,Restaurantes con servicio de preparación de antojitos,363,5.0
850109,ANTOJITOS LA POBLANITA,19.28852069,-99.22896509,0 a 5 personas,Restaurantes con servicio de preparación de antojitos,493,3.6
11388020,ANTOJITOS LA POBLANITA,19.31973792,-99.26863599,0 a 5 personas,Restaurantes con servicio de preparación de antojitos,279,4.1
10813754,ANTOJITOS LA PROVENZA,19.40163221,-99.1263878,0 a 5 personas,Restaurantes con servicio de preparación de antojitos,364,2.7
10247590,ANTOJITOS LA RANCHERITA,19.25045306,-99.12470242,0 a 5 personas,Restaurantes con servicio de preparación de antojitos,167,4.6
667658,ANTOJITOS LA REINA,19.47547283,-99.17666296,0 a 5 personas,Restaurantes con servicio de preparación de antojitos,417,3.8
9917928,ANTOJITOS LA REJA BLANCA,19.29453958,-98.99936461,0 a 5 personas,Restaurantes con servicio de preparación de antojitos,286,2.5
9797323,ANTOJITOS LA RIFA,19.2020598,-99.1363821,0 a 5 personas,Restaurantes con servicio de preparación de antojitos,228,4.9
8508085,ANTOJITOS LA S KE-SABROSAS,19.32729367,-99.12276732,0 a 5 personas,Restaurantes con servicio de preparación de antojitos,340,4.0
9583364,ANTOJITOS LA SABROSITA,19.4403238,-99.14467787,0 a 5 personas,Restaurantes que preparan otro tipo de alimentos para llevar,410,4.0
9995968,ANTOJITOS LA SANTISIMA,19.308278,-99.08141733,0 a 5 personas,Restaurantes con servicio de preparación de antojitos,187,3.8
9994379,ANTOJITOS LA SANTISIMA HAMBRE,19.24203358,-99.23902915,0 a 5 personas,Restaurantes con servicio de preparación de antojitos,161,4.3
10917709,ANTOJITOS LA TIA,19.3301185,-99.03611082,0 a 5 personas,Restaurantes con servicio de preparación de antojitos,291,4.2
10997391,ANTOJITOS LA TIA,19.41489166,-99.1512317,0 a 5 personas,Restaurantes con servicio de preparación de antojitos,341,4.0
650103,ANTOJITOS LA TIA,19.52564267,-99.14830171,0 a 5 personas,Restaurantes con servicio de preparación de antojitos,486,3.3
8604307,ANTOJITOS LA TIA,19.29890037,-99.07364642,0 a 5 personas,Restaurantes con servicio de preparación de antojitos,425,4.9
9949016,ANTOJITOS LA TIKI TIKI,19.34878229,-99.03286097,0 a 5 personas,Restaurantes con servicio de preparación de antojitos,297,4.6
11315969,ANTOJITOS LA TORRE,19.40154926,-99.17564519,0 a 5 personas,Restaurantes con servicio de preparación de antojitos,103,2.9
1046433,ANTOJITOS LA TORRE,19.46160102,-99.13990058,6 a 10 personas,Restaurantes con servicio de preparación de antojitos,65,4.7
10219327,ANTOJITOS LA TOXICA,19.32267114,-99.16736163,0 a 5 personas,"Cafeterías, fuentes de sodas, neverías, refresquerías y similares",99,4.3
783719,ANTOJITOS LA UNICA,19.47780338,-99.12402056,0 a 5 personas,Restaurantes con servicio de preparación de antojitos,331,4.0
10021305,ANTOJITOS LA UNICA,19.27502579,-99.17560091,0 a 5 personas,Restaurantes con servicio de preparación de antojitos,336,4.3
7612976,ANTOJITOS LA UNION,19.30418922,-99.05872149,0 a 5 personas,Restaurantes con servicio de preparación de antojitos,238,4.8
7903752,ANTOJITOS LA VANIDOSA,19.34472963,-99.06731346,0 a 5 personas,Restaurantes con servicio de preparación de tacos y tortas,475,3.7
711609,ANTOJITOS LA VECINA,19.37033963,-99.12497516,0 a 5 personas,Restaurantes con servicio de preparación de alimentos a la carta o de comida corrida,50,3.7
993801,ANTOJITOS LA VENTANITA,19.35486085,-99.20304882,0 a 5 personas,Restaurantes con servicio de preparación de tacos y tortas,219,4.0
7627605,ANTOJITOS LA VENTANITA,19.2713033,-99.12440159,0 a 5 personas,Restaurantes con servicio de preparación de antojitos,226,4.3
736575,ANTOJITOS LA VICTORIA,19.33655781,-99.05013116,0 a 5 personas,Restaurantes con servicio de preparación de antojitos,268,3.9
10249332,ANTOJITOS LA WERA,19.38368212,-99.18781376,0 a 5 personas,Restaurantes con servicio de preparación de antojitos,196,4.2
7664830,ANTOJITOS LA WERA,19.19746362,-99.01621013,0 a 5 personas,Restaurantes con servicio de preparación de tacos y tortas,257,3.8
10021126,ANTOJITOS LA WERA,19.32242789,-99.28881217,0 a 5 personas,Restaurantes con servicio de preparación de antojitos,305,3.7
11481500,ANTOJITOS LA XILAQUERIA,19.39550888,-99.19386673,0 a 5 personas,Restaurantes con servicio de preparación de alimentos a la carta o de comida corrida,362,4.1
865711,ANTOJITOS LA ZARZA,19.45025006,-99.14152525,0 a 5 personas,Restaurantes con servicio de preparación de antojitos,407,4.5
11809242,ANTOJITOS LA ZUMBA,19.26789677,-99.20403394,0 a 5 personas,Restaurantes con servicio de preparación de antojitos,185,3.5
9379944,ANTOJITOS LADY LAURA,19.34889028,-99.04648288,0 a 5 personas,Restaurantes que preparan otro tipo de alimentos para llevar,239,3.7
7400330,ANTOJITOS LAISA,19.45101298,-99.19539818,0 a 5 personas,Restaurantes con servicio de preparación de antojitos,385,3.4
819344,ANTOJITOS LARA,19.4538868,-99.0648573,0 a 5 personas,Restaurantes con servicio de preparación de antojitos,58,3.1
819338,ANTOJITOS LARA,19.4538868,-99.0648573,6 a 10 personas,Restaurantes con servicio de preparación de antojitos,417,3.2
9187167,ANTOJITOS LARA,19.28726195,-99.10180539,0 a 5 personas,Restaurantes con servicio de preparación de antojitos,312,4.5
11693083,ANTOJITOS LARA,19.4538868,-99.0648573,0 a 5 personas,Restaurantes con servicio de preparación de tacos y tortas,217,3.9
987008,ANTOJITOS LAS 3 HORMIGAS,19.25196875,-99.11955283,0 a 5 personas,Restaurantes con servicio de preparación de antojitos,238,4.6
10334676,ANTOJITOS LAS 4 HERMANAS,19.26053837,-99.10592318,0 a 5 personas,Restaurantes con servicio de preparación de antojitos,72,2.9
7761553,ANTOJITOS LAS ADELITAS,19.44176706,-99.14944021,0 a 5 personas,Restaurantes con servicio de preparación de antojitos,346,3.9
917801,ANTOJITOS LAS AZULES,19.26775446,-99.17013787,0 a 5 personas,Restaurantes con servicio de preparación de antojitos,377,4.0
8443436,ANTOJITOS LAS BRUJAS,19.32600145,-99.15269158,0 a 5 personas,Restaurantes con servicio de preparación de antojitos,200,4.4
983102,ANTOJITOS LAS CASUELAS,19.26147096,-99.10469459,0 a 5 personas,Restaurantes con servicio de preparación de antojitos,289,3.9
8652263,ANTOJITOS LAS CAZUELAS,19.37320907,-99.03724444,0 a 5 personas,Restaurantes con servicio de preparación de antojitos,60,3.4
9822384,ANTOJITOS LAS CAZUELITAS,19.35809809,-99.08565606,0 a 5 personas,Restaurantes con servicio de preparación de antojitos,50,4.2
9597526,ANTOJITOS LAS CHEF,19.47081339,-99.08530099,0 a 5 personas,Restaurantes con servicio de preparación de antojitos,226,4.5
8117403,ANTOJITOS LAS COMARES,19.49507007,-99.18159318,0 a 5 personas,Restaurantes con servicio de preparación de antojitos,349,3.3
11187523,ANTOJITOS LAS COMARES,19.49129953,-99.13999108,0 a 5 personas,Restaurantes con servicio de preparación de alimentos a la carta o de comida corrida,374,4.2
977489,ANTOJITOS LAS DEL BARRIO,19.28726195,-99.10180539,0 a 5 personas,Restaurantes con servicio de preparación de antojitos,191,3.3
11756125,ANTOJITOS LAS DELICIAS DE AURE,19.22103216,-98.99293146,0 a 5 personas,Restaurantes con servicio de preparación de antojitos,56,4.3
10085213,ANTOJITOS LAS DELICIAS DE DON NICO,19.18562146,-99.02666926,0 a 5 personas,Restaurantes con servicio de preparación de antojitos,172,4.1
8484811,ANTOJITOS LAS DELICIAS DE GOYITA,19.45383908,-99.14677656,0 a 5 personas,Restaurantes con servicio de preparación de antojitos,493,4.1
11558248,ANTOJITOS LAS FLORES,19.23735464,-99.09085702,0 a 5 personas,Restaurantes con servicio de preparación de antojitos,73,3.5
671734,ANTOJITOS LAS GORDIBUENAS,19.52562817,-99.17014541,0 a 5 personas,Restaurantes que preparan otro tipo de alimentos para llevar,280,3.9
806014,ANTOJITOS LAS GUERAS,19.45437742,-99.08593111,0 a 5 personas,Restaurantes con servicio de preparación de antojitos,437,3.7
931165,ANTOJITOS LAS GUERAS,19.29912717,-99.26095077,0 a 5 personas,Restaurantes con servicio de preparación de antojitos,288,4.2
10660825,ANTOJITOS LAS GUERAS,19.54993741,-99.1247194,0 a 5 personas,Restaurantes con servicio de preparación de antojitos,204,3.7
8126876,ANTOJITOS LAS HERMANAS,19.46996587,-99.13417127,0 a 5 personas,Restaurantes con servicio de preparación de antojitos,495,4.3
11165860,ANTOJITOS LAS KEKAS,19.42053781,-99.0885099,0 a 5 personas,Restaurantes con servicio de preparación de antojitos,56,2.2
897827,ANTOJITOS LAS MANZANITAS,19.42256195,-99.15344343,0 a 5 personas,Restaurantes con servicio de preparación de antojitos,487,3.3
9061498,ANTOJITOS LAS PALMAS,19.34314259,-99.03956218,0 a 5 personas,Restaurantes con servicio de preparación de antojitos,498,4.4
812357,ANTOJITOS LAS PRIMAS,19.48264056,-99.0709922,0 a 5 personas,Restaurantes con servicio de preparación de antojitos,275,3.9
693521,ANTOJITOS LAS TLAXCALTECA DE LA MERCED,19.42808997,-99.12406051,0 a 5 personas,Restaurantes con servicio de preparación de antojitos,153,4.0
977466,ANTOJITOS LAS TRAJAS,19.28726195,-99.10180539,0 a 5 personas,Restaurantes con servicio de preparación de antojitos,400,3.2
10029179,ANTOJITOS LAS TRES HUASTECAS,19.18537064,-99.07113217,0 a 5 personas,Restaurantes con servicio de preparación de antojitos,152,3.4
684832,ANTOJITOS LAS VIAS,19.45959302,-99.1850743,6 a 10 personas,Restaurantes con servicio de preparación de antojitos,392,4.7
11811995,ANTOJITOS LAS VIAS,19.31266337,-99.22869879,0 a 5 personas,Restaurantes con servicio de preparación de antojitos,500,4.6
708391,ANTOJITOS LAURA,19.38954213,-99.09181723,0 a 5 personas,Restaurantes que preparan otro tipo de alimentos para llevar,152,3.6
925378,ANTOJITOS LAURA,19.39186263,-99.19998738,0 a 5 personas,Restaurantes con servicio de preparación de antojitos,197,3.5
764269,ANTOJITOS LAURIS,19.50372533,-99.08018784,0 a 5 personas,Restaurantes con servicio de preparación de antojitos,235,4.1
7338067,ANTOJITOS LAURITA,19.40199284,-99.1062162,0 a 5 personas,Restaurantes con servicio de preparación de antojitos,225,3.7
643209,ANTOJITOS LENA,19.48690918,-99.20161215,0 a 5 personas,Restaurantes con servicio de preparación de antojitos,459,4.3
9539151,ANTOJITOS LEON,19.39364061,-99.10572743,0 a 5 personas,Restaurantes con servicio de preparación de antojitos,467,2.2
10428234,ANTOJITOS LEON,19.39364061,-99.10572743,0 a 5 personas,Restaurantes con servicio de preparación de antojitos,465,4.6
11467729,ANTOJITOS LESLY,19.18907793,-99.0180127,0 a 5 personas,Restaurantes con servicio de preparación de tacos y tortas,402,2.9
896251,ANTOJITOS LETI,19.41319288,-99.17788093,6 a 10 personas,Restaurantes con servicio de preparación de antojitos,345,4.3
8681038,ANTOJITOS LETY,19.27325972,-99.12229221,0 a 5 personas,Restaurantes con servicio de preparación de tacos y tortas,54,4.5
1021804,ANTOJITOS LETY,19.42956592,-99.16675523,0 a 5 personas,Restaurantes con servicio de preparación de tacos y tortas,59,4.4
1019838,ANTOJITOS LETY,19.38395882,-99.22881561,0 a 5 personas,Restaurantes con servicio de preparación de antojitos,271,3.9
11738870,ANTOJITOS LETY,19.56503797,-99.1394099,0 a 5 personas,Restaurantes con servicio de preparación de antojitos,122,4.4
11016996,ANTOJITOS LETY,19.38372893,-99.10288413,0 a 5 personas,Restaurantes con servicio de preparación de antojitos,223,4.1
660277,ANTOJITOS LETY,19.43083049,-99.10809073,0 a 5 personas,Restaurantes con servicio de preparación de antojitos,81,3.2
10792406,ANTOJITOS LETY,19.38487549,-99.03923367,0 a 5 personas,Restaurantes con servicio de preparación de antojitos,494,3.2
8706973,ANTOJITOS LETY,19.19264308,-99.00732784,0 a 5 personas,"Cafeterías, fuentes de sodas, neverías, refresquerías y similares",134,2.9
9203718,ANTOJITOS LETY,19.48282963,-99.18215615,0 a 5 personas,Restaurantes con servicio de preparación de antojitos,475,4.2
893045,ANTOJITOS LETY,19.42756546,-99.14899187,0 a 5 personas,Restaurantes con servicio de preparación de tacos y tortas,419,3.8
10389128,ANTOJITOS LETY,19.47547283,-99.17666296,0 a 5 personas,Restaurantes con servicio de preparación de antojitos,331,3.1
741294,ANTOJITOS LETY,19.46249554,-99.16290993,0 a 5 personas,Restaurantes con servicio de preparación de antojitos,456,3.9
9268511,ANTOJITOS LIA,19.19629952,-99.14701275,0 a 5 personas,Restaurantes que preparan otro tipo de alimentos para llevar,442,4.0
1052223,ANTOJITOS LICHITA,19.33463211,-99.20220762,6 a 10 personas,Restaurantes con servicio de preparación de alimentos a la carta o de comida corrida,104,4.0
786615,ANTOJITOS LILI,19.40414386,-99.10799104,0 a 5 personas,Restaurantes que preparan otro tipo de alimentos para llevar,185,4.4
7399870,ANTOJITOS LILI,19.4583857,-99.2142432,0 a 5 personas,Restaurantes con servicio de preparación de antojitos,165,2.0
11181505,ANTOJITOS LILI,19.47407917,-99.08194839,0 a 5 personas,Restaurantes con servicio de preparación de antojitos,105,2.9
10982043,ANTOJITOS LILI,19.27169279,-99.19126873,0 a 5 personas,Servicios de preparación de otros alimentos para consumo inmediato,488,4.6
10682167,ANTOJITOS LINDA,19.32130676,-99.16746903,0 a 5 personas,Restaurantes con servicio de preparación de antojitos,292,4.3
942888,ANTOJITOS LINDA,19.30337864,-99.04054594,0 a 5 personas,Restaurantes que preparan otro tipo de alimentos para llevar,287,4.4
9638633,ANTOJITOS LIRIO,19.25896306,-99.08331369,0 a 5 personas,Restaurantes con servicio de preparación de antojitos,348,3.2
1055901,ANTOJITOS LIZ,19.22372608,-99.20085629,0 a 5 personas,Restaurantes con servicio de preparación de antojitos,380,3.4
9943908,ANTOJITOS LIZ,19.25581145,-99.01341085,0 a 5 personas,Restaurantes con servicio de preparación de antojitos,105,2.8
10030920,ANTOJITOS LOCOS,19.27362255,-99.18296463,0 a 5 personas,Restaurantes con servicio de preparación de antojitos,213,4.8
9720825,ANTOJITOS LOCOS GLADYS,19.48440191,-99.07315932,0 a 5 personas,"Cafeterías, fuentes de sodas, neverías, refresquerías y similares",451,4.5
9697388,ANTOJITOS LOKOS,19.33017353,-98.98015851,0 a 5 personas,"Bares, cantinas y similares",336,3.0
10493461,ANTOJITOS LOLIS,19.51447814,-99.20539962,0 a 5 personas,Restaurantes con servicio de preparación de antojitos,57,4.8
10174945,ANTOJITOS LOLIS,19.24831422,-99.05695098,0 a 5 personas,Restaurantes con servicio de preparación de antojitos,149,3.8
819954,ANTOJITOS LOLITA,19.44714576,-99.06090352,0 a 5 personas,Restaurantes con servicio de preparación de antojitos,196,4.4
943424,ANTOJITOS LOLITA,19.29815888,-99.03629679,0 a 5 personas,Restaurantes con servicio de preparación de antojitos,455,4.2
9559705,ANTOJITOS LORENA,19.3828054,-99.2423646,0 a 5 personas,Restaurantes con servicio de preparación de antojitos,115,3.9
634138,ANTOJITOS LORENA,19.50950544,-99.19304323,0 a 5 personas,Restaurantes con servicio de preparación de antojitos,188,4.2
9418367,ANTOJITOS LOS ABUELOS,19.38668813,-99.2142775,0 a 5 personas,Restaurantes que preparan otro tipo de alimentos para llevar,244,3.7
11389558,ANTOJITOS LOS ABUELOS,19.36975261,-99.23427066,0 a 5 personas,Restaurantes con servicio de preparación de alimentos a la carta o de comida corrida,338,4.0
10362228,ANTOJITOS LOS ABUELOS,19.21522885,-99.21076971,0 a 5 personas,"Restaurantes con servicio de preparación de pizzas, hamburguesas, hot dogs y pollos rostizados para llevar",358,4.2
9006882,ANTOJITOS LOS ABUELOS,19.32259304,-99.24600565,0 a 5 personas,Restaurantes con servicio de preparación de antojitos,478,3.9
11496120,ANTOJITOS LOS ABUELOS,19.49592418,-99.1805843,0 a 5 personas,Restaurantes con servicio de preparación de antojitos,244,4.1
7627815,ANTOJITOS LOS AMIGOS,19.26689046,-99.1196981,0 a 5 personas,Restaurantes con servicio de preparación de antojitos,172,4.6
11140631,ANTOJITOS LOS AMIGOS DE TEZONLE,19.38843455,-99.11480607,0 a 5 personas,Restaurantes con servicio de preparación de antojitos,344,2.9
7792840,ANTOJITOS LOS ANGELITOS,19.35553242,-99.11444368,0 a 5 personas,Restaurantes con servicio de preparación de antojitos,298,4.4
7924469,ANTOJITOS LOS ARBOLITOS II,19.28404794,-99.27518869,0 a 5 personas,Restaurantes con servicio de preparación de antojitos,470,3.2
11279337,ANTOJITOS LOS AUTENTICOS DE PORTALES,19.36373005,-99.14814385,0 a 5 personas,Restaurantes con servicio de preparación de antojitos,147,1.9
900264,ANTOJITOS LOS AZULES,19.41455325,-99.13418439,0 a 5 personas,Restaurantes que preparan otro tipo de alimentos para llevar,99,4.2
11655455,ANTOJITOS LOS BROTHERS,19.47441479,-99.06300513,0 a 5 personas,Restaurantes con servicio de preparación de antojitos,333,3.5
10238546,ANTOJITOS LOS CAMACHO,19.45513637,-99.11714579,0 a 5 personas,Restaurantes con servicio de preparación de antojitos,319,4.4
910657,ANTOJITOS LOS CANTARITOS,19.32478685,-99.15793478,0 a 5 personas,Restaurantes con servicio de preparación de antojitos,357,3.4
1056451,ANTOJITOS LOS CHAVOS,19.20408134,-99.14930299,0 a 5 personas,Restaurantes con servicio de preparación de antojitos,427,4.3
10203638,ANTOJITOS LOS CHONCHIS,19.47389676,-99.15718422,0 a 5 personas,Restaurantes con servicio de preparación de antojitos,141,4.6
8268568,ANTOJITOS LOS CHOPOPOS,19.50990167,-99.10061303,0 a 5 personas,Restaurantes con servicio de preparación de antojitos,79,4.5
10614110,ANTOJITOS LOS CREMAS,19.35713177,-99.02175791,0 a 5 personas,Restaurantes con servicio de preparación de antojitos,207,3.9
10748305,ANTOJITOS LOS DE LA ESQUINA,19.42777005,-99.05659438,0 a 5 personas,Restaurantes con servicio de preparación de antojitos,170,3.4
10253532,ANTOJITOS LOS DE MOCTEZUMA II,19.42665765,-99.05577785,0 a 5 personas,Restaurantes con servicio de preparación de antojitos,204,3.9
953688,ANTOJITOS LOS DOS CHIFLADOS,19.40704271,-99.13952441,6 a 10 personas,Restaurantes con servicio de preparación de antojitos,115,4.7
931166,ANTOJITOS LOS GARCIA,19.29905852,-99.26099566,0 a 5 personas,Restaurantes con servicio de preparación de antojitos,150,3.3
11426592,ANTOJITOS LOS GIRASOLES,19.31544958,-99.22472343,0 a 5 personas,Restaurantes con servicio de preparación de antojitos,382,3.9
10022406,ANTOJITOS LOS GIRASOLES,19.24148745,-99.11161333,0 a 5 personas,Restaurantes con servicio de preparación de antojitos,344,4.5
730118,ANTOJITOS LOS GUEROS,19.38183893,-99.04196188,0 a 5 personas,Restaurantes con servicio de preparación de antojitos,475,4.3
8539348,ANTOJITOS LOS JUGOSOS,19.36972435,-99.15327782,0 a 5 personas,Restaurantes con servicio de preparación de tacos y tortas,333,2.5
7136325,ANTOJITOS LOS JULIOS,19.45096307,-99.10993329,0 a 5 personas,Restaurantes con servicio de preparación de antojitos,133,4.1
9508619,ANTOJITOS LOS LACAYOS,19.47674182,-99.13340161,0 a 5 personas,Restaurantes con servicio de preparación de antojitos,368,3.7
10470346,ANTOJITOS LOS MIRANDA,19.28091379,-99.11568193,0 a 5 personas,Restaurantes con servicio de preparación de antojitos,408,4.7
10402107,ANTOJITOS LOS MONTENEGRO,19.56833957,-99.13730023,0 a 5 personas,Restaurantes con servicio de preparación de antojitos,104,4.2
1005573,ANTOJITOS LOS MORALES,19.34162111,-99.19787268,0 a 5 personas,Restaurantes con servicio de preparación de antojitos,291,3.7
8521340,ANTOJITOS LOS MORALES,19.50113244,-99.08558769,0 a 5 personas,Restaurantes que preparan otro tipo de alimentos para llevar,195,3.9
1022415,ANTOJITOS LOS MOROS,19.33243824,-99.17124741,0 a 5 personas,Restaurantes con servicio de preparación de tacos y tortas,211,4.6
780922,ANTOJITOS LOS NAKOZ,19.47581467,-99.13181744,0 a 5 personas,Restaurantes con servicio de preparación de antojitos,234,3.5
977494,ANTOJITOS LOS PATITOS,19.28726195,-99.10180539,0 a 5 personas,Restaurantes con servicio de preparación de antojitos,417,2.5
676020,ANTOJITOS LOS PEQUES,19.47622781,-99.1378808,0 a 5 personas,Restaurantes con servicio de preparación de antojitos,222,2.3
10069624,ANTOJITOS LOS PINOS 2,19.32856027,-99.12079452,0 a 5 personas,Restaurantes con servicio de preparación de antojitos,130,4.3
10591632,ANTOJITOS LOS PRIMOS,19.44816063,-99.05791216,0 a 5 personas,Restaurantes con servicio de preparación de antojitos,471,4.7
8561548,ANTOJITOS LOS TIOS,19.37501314,-99.28503238,0 a 5 personas,Restaurantes con servicio de preparación de antojitos,456,3.5
8604737,ANTOJITOS LOS TRES HERMANOS,19.31445328,-99.0713635,0 a 5 personas,Restaurantes con servicio de preparación de antojitos,80,3.4
10997959,ANTOJITOS LOS TRES HERMANOS,19.35954383,-99.08741614,0 a 5 personas,Restaurantes con servicio de preparación de antojitos,442,3.7
9611704,ANTOJITOS LOS VEGA,19.22133862,-99.2038084,0 a 5 personas,Restaurantes con servicio de preparación de antojitos,340,4.2
8138274,ANTOJITOS LOS VOLCANES,19.34988145,-99.02302154,0 a 5 personas,Restaurantes con servicio de preparación de tacos y tortas,458,4.3
1046958,ANTOJITOS LUCERITO,19.29126075,-99.03584221,0 a 5 personas,Restaurantes con servicio de preparación de antojitos,216,3.7
10746124,ANTOJITOS LUCERO,19.49157632,-99.08987688,0 a 5 personas,Restaurantes con servicio de preparación de antojitos,463,3.3
761692,ANTOJITOS LUCERO,19.37961219,-99.06006764,0 a 5 personas,Restaurantes con servicio de preparación de tacos y tortas,310,3.8
8459086,ANTOJITOS LUCHITA,19.38362295,-99.23015638,0 a 5 personas,Restaurantes con servicio de preparación de antojitos,205,4.4
970347,ANTOJITOS LUCIA,19.33782779,-99.14448729,0 a 5 personas,Restaurantes con servicio de preparación de antojitos,166,4.1
10369234,ANTOJITOS LUCIERNAGA,19.2876942,-99.22315136,0 a 5 personas,Restaurantes con servicio de preparación de antojitos,56,3.3
10910562,ANTOJITOS LUCY,19.44026419,-99.12823663,0 a 5 personas,Restaurantes con servicio de preparación de antojitos,411,3.9
11230635,ANTOJITOS LUCY,19.34576849,-99.07146324,0 a 5 personas,Restaurantes con servicio de preparación de antojitos,295,4.1
820907,ANTOJITOS LUIS,19.44816063,-99.05791216,0 a 5 personas,Restaurantes con servicio de preparación de antojitos,425,3.4
8848349,ANTOJITOS LUIS DANIEL,19.25921919,-99.03664416,0 a 5 personas,Restaurantes con servicio de preparación de antojitos,475,4.4
7613794,ANTOJITOS LUISA,19.26918269,-99.00576289,0 a 5 personas,Restaurantes con servicio de preparación de antojitos,347,3.7
8508177,ANTOJITOS LUISI,19.32252788,-99.22917822,0 a 5 personas,Restaurantes con servicio de preparación de antojitos,362,4.2
898531,ANTOJITOS LUISITA,19.4099887,-99.15064013,0 a 5 personas,Restaurantes con servicio de preparación de tacos y tortas,279,2.9
853162,ANTOJITOS LULU,19.46262382,-99.13878243,0 a 5 personas,Restaurantes con servicio de preparación de antojitos,388,4.6
782854,ANTOJITOS LULU,19.46912762,-99.12963669,0 a 5 personas,Servicios de preparación de otros alimentos para consumo inmediato,497,3.9
11337482,ANTOJITOS LULU,19.36867952,-98.99408891,0 a 5 personas,Restaurantes con servicio de preparación de antojitos,173,4.9
10226453,ANTOJITOS LULU,19.25293183,-99.10557642,0 a 5 personas,Restaurantes con servicio de preparación de antojitos,266,4.5
654407,ANTOJITOS LULU,19.47676908,-99.19660582,0 a 5 personas,Restaurantes que preparan otro tipo de alimentos para llevar,368,4.3
8000924,ANTOJITOS LULU,19.48474462,-99.18278067,0 a 5 personas,Restaurantes con servicio de preparación de antojitos,67,4.9
941282,ANTOJITOS LULU,19.26029761,-99.13060148,0 a 5 personas,Restaurantes con servicio de preparación de antojitos,166,3.2
8616946,ANTOJITOS LULU,19.30823552,-99.10325622,0 a 5 personas,Restaurantes con servicio de preparación de antojitos,288,3.2
839131,ANTOJITOS LULU,19.32936296,-99.05157696,0 a 5 personas,Restaurantes con servicio de preparación de antojitos,139,4.1
802508,ANTOJITOS LULU,19.35136185,-99.06714364,6 a 10 personas,Restaurantes con servicio de preparación de antojitos,478,3.4
683863,ANTOJITOS LULU,19.4830381,-99.18967349,0 a 5 personas,Restaurantes con servicio de preparación de antojitos,325,4.0
7262040,ANTOJITOS LULU,19.38158895,-99.22787507,0 a 5 personas,Restaurantes con servicio de preparación de tacos y tortas,51,3.2
751761,ANTOJITOS LUPITA,19.40683146,-99.12204704,0 a 5 personas,Restaurantes con servicio de preparación de antojitos,369,4.2
774339,ANTOJITOS LUPITA,19.41069059,-99.19049974,11 a 30 personas,Restaurantes con servicio de preparación de antojitos,335,4.5
7192602,ANTOJITOS LUPITA,19.3347933,-99.08011804,0 a 5 personas,Restaurantes con servicio de preparación de antojitos,199,4.6
950071,ANTOJITOS LUPITA,19.18903445,-99.0180997,0 a 5 personas,Restaurantes con servicio de preparación de tacos y tortas,301,4.7
660250,ANTOJITOS LUPITA,19.43129498,-99.10781048,0 a 5 personas,Restaurantes con servicio de preparación de antojitos,155,3.6
8276914,ANTOJITOS LUPITA,19.50093999,-99.08500887,0 a 5 personas,Restaurantes con servicio de preparación de antojitos,424,4.1
782346,ANTOJITOS LUPITA,19.466522,-99.13441491,0 a 5 personas,Restaurantes con servicio de preparación de antojitos,339,2.6
8651967,ANTOJITOS LUPITA,19.48292562,-99.1193818,0 a 5 personas,Restaurantes con servicio de preparación de antojitos,174,3.7
710946,ANTOJITOS LUPITA,19.41733761,-99.05834765,0 a 5 personas,Restaurantes con servicio de preparación de antojitos,212,4.7
9200921,ANTOJITOS LUPITA,19.40160778,-99.09690634,0 a 5 personas,Restaurantes con servicio de preparación de antojitos,431,3.6
11398947,ANTOJITOS LUPITA,19.47762992,-99.15601643,0 a 5 personas,Restaurantes con servicio de preparación de antojitos,246,4.5
1015207,ANTOJITOS LUPITA,19.35244245,-99.16121129,0 a 5 personas,Restaurantes con servicio de preparación de antojitos,362,3.2
10896759,ANTOJITOS LUPITA,19.40894467,-99.12254707,0 a 5 personas,Restaurantes con servicio de preparación de antojitos,64,3.8
737670,ANTOJITOS LUPITA,19.39686137,-99.18786326,0 a 5 personas,Restaurantes con servicio de preparación de antojitos,344,3.3
11094784,ANTOJITOS LUPITA,19.23285268,-99.20423105,0 a 5 personas,Restaurantes con servicio de preparación de antojitos,77,4.1
11074854,ANTOJITOS LUPITA,19.22391789,-98.96553747,0 a 5 personas,Restaurantes con servicio de preparación de antojitos,61,4.5
9100142,ANTOJITOS LUPITA,19.32972161,-99.04812299,0 a 5 personas,Restaurantes con servicio de preparación de antojitos,244,3.5
9713649,ANTOJITOS LUPITA,19.37707472,-99.01806301,0 a 5 personas,Restaurantes con servicio de preparación de antojitos,315,4.5
8183361,ANTOJITOS LUPITA,19.53039323,-99.14835374,0 a 5 personas,Restaurantes con servicio de preparación de antojitos,405,4.7
8260319,ANTOJITOS LUZ,19.41569286,-99.06879441,0 a 5 personas,Restaurantes con servicio de preparación de antojitos,312,3.2
869077,ANTOJITOS LUZ,19.31360661,-99.31028031,6 a 10 personas,Restaurantes con servicio de preparación de antojitos,220,3.2
10860379,ANTOJITOS LUZ,19.43492383,-99.10071308,0 a 5 personas,Restaurantes con servicio de preparación de antojitos,386,3.4
11324610,ANTOJITOS LUZ,19.30759216,-99.25724018,0 a 5 personas,Restaurantes con servicio de preparación de antojitos,325,4.8
7136842,ANTOJITOS LUZ MA,19.45694175,-99.12020072,6 a 10 personas,Restaurantes con servicio de preparación de antojitos,352,4.5
8646062,ANTOJITOS LYLI,19.52105197,-99.15159995,0 a 5 personas,Restaurantes con servicio de preparación de antojitos,290,2.4
9676319,ANTOJITOS LYLY,19.31740255,-99.04250424,0 a 5 personas,Restaurantes con servicio de preparación de antojitos,294,4.2
641128,ANTOJITOS M Y M,19.49181358,-99.21358153,0 a 5 personas,Restaurantes que preparan otro tipo de alimentos para llevar,77,2.9
9066569,ANTOJITOS MA Y MI,19.47131315,-99.12675597,0 a 5 personas,Restaurantes con servicio de preparación de antojitos,253,3.0
841907,ANTOJITOS MAC,19.33957275,-99.03151711,0 a 5 personas,Restaurantes con servicio de preparación de antojitos,323,4.2
696519,ANTOJITOS MACHIS,19.42410856,-99.06823045,0 a 5 personas,Restaurantes con servicio de preparación de antojitos,362,4.6
10739804,ANTOJITOS MADS,19.36845354,-99.12727345,0 a 5 personas,Restaurantes con servicio de preparación de antojitos,414,3.6
7735992,ANTOJITOS MAGGY,19.39648434,-99.05273064,0 a 5 personas,Restaurantes con servicio de preparación de antojitos,484,2.8
982604,ANTOJITOS MAGO,19.3605817,-99.14988931,0 a 5 personas,Restaurantes con servicio de preparación de antojitos,86,4.5
647823,ANTOJITOS MAGO,19.44482811,-99.10773108,0 a 5 personas,Restaurantes con servicio de preparación de antojitos,441,2.7
992284,ANTOJITOS MAGO,19.34310873,-99.1395745,6 a 10 personas,Restaurantes con servicio de preparación de antojitos,303,3.2
684338,ANTOJITOS MAGO,19.46254996,-99.162864,0 a 5 personas,Restaurantes con servicio de preparación de antojitos,409,4.3
650610,ANTOJITOS MAGOS,19.44028024,-99.11227383,0 a 5 personas,Restaurantes con servicio de preparación de alimentos a la carta o de comida corrida,154,4.5
7400287,ANTOJITOS MAGOS,19.43917826,-99.18130311,0 a 5 personas,Restaurantes con servicio de preparación de tacos y tortas,292,3.2
791579,ANTOJITOS MAGOS,19.46423192,-99.11232724,6 a 10 personas,Restaurantes con servicio de preparación de antojitos,149,2.2
9898228,ANTOJITOS MAGUI,19.45859292,-99.10270373,0 a 5 personas,"Cafeterías, fuentes de sodas, neverías, refresquerías y similares",296,4.0
7717890,ANTOJITOS MAJO,19.330362,-99.17152089,0 a 5 personas,Restaurantes con servicio de preparación de antojitos,93,3.7
969084,ANTOJITOS MALE,19.39016183,-99.13681784,0 a 5 personas,Restaurantes con servicio de preparación de antojitos,114,4.8
976393,ANTOJITOS MALU,19.36225399,-99.14632134,6 a 10 personas,Restaurantes con servicio de preparación de antojitos,227,3.3
9160228,ANTOJITOS MAMA NELLY,19.41454902,-99.13413699,0 a 5 personas,"Restaurantes con servicio de preparación de pizzas, hamburguesas, hot dogs y pollos rostizados para llevar",196,3.8
9687136,ANTOJITOS MAMA TERE,19.47058823,-99.07901663,0 a 5 personas,Restaurantes con servicio de preparación de antojitos,98,3.3
906120,ANTOJITOS MAMA YOYA,19.33209549,-99.16200702,0 a 5 personas,Restaurantes con servicio de preparación de antojitos,116,4.0
7153437,ANTOJITOS MAMI,19.42260134,-99.05865452,0 a 5 personas,Restaurantes con servicio de preparación de antojitos,396,3.1
10978113,ANTOJITOS MANOLOS,19.49880946,-99.11585679,0 a 5 personas,Restaurantes con servicio de preparación de antojitos,95,3.5
11586118,ANTOJITOS MANUEL DOBLADO,19.44232141,-99.12475324,0 a 5 personas,Restaurantes con servicio de preparación de antojitos,119,4.3
9783492,ANTOJITOS MAR,19.48914825,-99.11333798,0 a 5 personas,Restaurantes que preparan otro tipo de alimentos para llevar,463,3.5
10939172,ANTOJITOS MARACAR,19.42598249,-99.10445322,0 a 5 personas,Restaurantes con servicio de preparación de antojitos,470,3.0
10649128,ANTOJITOS MARCE,19.35464238,-99.10939347,0 a 5 personas,Restaurantes con servicio de preparación de antojitos,396,4.1
9863925,ANTOJITOS MARCO,19.34950775,-99.31901554,0 a 5 personas,"Bares, cantinas y similares",158,4.3
8680642,ANTOJITOS MARES DE NUTRICION,19.29880285,-99.09748606,0 a 5 personas,Restaurantes con servicio de preparación de antojitos,410,3.5
11496406,ANTOJITOS MARGARITA,19.41587611,-99.10113816,0 a 5 personas,Restaurantes con servicio de preparación de antojitos,258,2.9
10035871,ANTOJITOS MARGARITA,19.37071173,-99.10389997,0 a 5 personas,Restaurantes con servicio de preparación de tacos y tortas,352,4.3
936687,ANTOJITOS MARGARITA,19.30004827,-99.10049308,0 a 5 personas,Restaurantes con servicio de preparación de antojitos,256,4.6
761208,ANTOJITOS MARGARITA,19.49447177,-99.09620246,11 a 30 personas,Restaurantes con servicio de preparación de antojitos,430,4.2
9919967,ANTOJITOS MARI,19.40207888,-99.09320073,0 a 5 personas,Restaurantes con servicio de preparación de antojitos,132,4.2
909204,ANTOJITOS MARI,19.3182723,-99.10064832,0 a 5 personas,Restaurantes con servicio de preparación de antojitos,335,3.6
707021,ANTOJITOS MARI,19.3939236,-99.12487431,0 a 5 personas,Restaurantes con servicio de preparación de antojitos,409,3.1
11703464,ANTOJITOS MARI,19.45275583,-99.20226512,0 a 5 personas,Restaurantes con servicio de preparación de antojitos,172,2.9
8197283,ANTOJITOS MARI,19.32600709,-99.0322796,0 a 5 personas,Restaurantes con servicio de preparación de antojitos,467,3.5
9868401,ANTOJITOS MARI,19.3547523,-99.18583018,0 a 5 personas,Restaurantes con servicio de preparación de antojitos,287,4.1
8680861,ANTOJITOS MARI TOÑA,19.28951053,-99.1297625,0 a 5 personas,Restaurantes que preparan otro tipo de alimentos para llevar,395,4.1
673200,ANTOJITOS MARIA DEL ROSARIO VARGAS TREJO,19.49143924,-99.14293344,0 a 5 personas,Restaurantes con servicio de preparación de antojitos,415,3.9
9680795,ANTOJITOS MARIA EUGENIA,19.35033365,-99.04505657,0 a 5 personas,Restaurantes con servicio de preparación de antojitos,406,3.8
7594974,ANTOJITOS MARIA GUADALUPE,19.21413543,-99.18364796,0 a 5 personas,Restaurantes con servicio de preparación de antojitos,110,4.2
908669,ANTOJITOS MARIA LUISA,19.33616768,-99.13175876,0 a 5 personas,Restaurantes con servicio de preparación de antojitos,433,4.7
9255331,ANTOJITOS MARIA SABINA,19.31111025,-99.07015765,0 a 5 personas,Restaurantes que preparan otro tipo de alimentos para llevar,212,4.0
10241988,ANTOJITOS MARIAELENA,19.48982084,-99.18715152,0 a 5 personas,Restaurantes con servicio de preparación de antojitos,283,3.4
828734,ANTOJITOS MARIANA,19.32846909,-99.10727988,0 a 5 personas,Restaurantes que preparan otro tipo de alimentos para llevar,115,1.9
10026638,ANTOJITOS MARIANA,19.32078488,-99.26297921,0 a 5 personas,Restaurantes con servicio de preparación de antojitos,62,3.6
883309,ANTOJITOS MARIBEL,19.24266388,-98.99554405,0 a 5 personas,Restaurantes con servicio de preparación de antojitos,109,3.7
9141285,ANTOJITOS MARIBEL,19.34742934,-99.30090575,0 a 5 personas,Restaurantes con servicio de preparación de antojitos,156,4.3
8268857,ANTOJITOS MARICELA,19.48192064,-99.10113777,0 a 5 personas,Restaurantes con servicio de preparación de antojitos,412,2.6
853310,ANTOJITOS MARICELA,19.45785732,-99.13694486,0 a 5 personas,Restaurantes con servicio de preparación de antojitos,314,3.9
945835,ANTOJITOS MARICELA,19.29671596,-99.05147168,0 a 5 personas,Restaurantes con servicio de preparación de antojitos,454,3.5
8459080,ANTOJITOS MARIELA,19.3818172,-99.24031907,0 a 5 personas,Restaurantes con servicio de preparación de antojitos,474,2.5
8458829,ANTOJITOS MARIELA,19.34814329,-99.30991205,0 a 5 personas,Restaurantes con servicio de preparación de antojitos,157,4.3
11322858,ANTOJITOS MARILU,19.31336898,-99.11788567,0 a 5 personas,Restaurantes con servicio de preparación de antojitos,370,4.4
11199716,ANTOJITOS MARILUNA,19.32676156,-99.2837622,0 a 5 personas,Restaurantes con servicio de preparación de antojitos,226,2.6
8739495,ANTOJITOS MARINA,19.19011061,-99.09600683,0 a 5 personas,Restaurantes con servicio de preparación de antojitos,374,4.6
773644,ANTOJITOS MARINA,19.36755771,-99.00125285,0 a 5 personas,Restaurantes con servicio de preparación de antojitos,317,3.6
8182935,ANTOJITOS MARINA,19.57454465,-99.13229222,0 a 5 personas,Restaurantes con servicio de preparación de antojitos,284,2.9
977491,ANTOJITOS MARISOL,19.28726195,-99.10180539,0 a 5 personas,Restaurantes con servicio de preparación de antojitos,454,4.1
7706092,ANTOJITOS MARIVI,19.30641119,-99.24821321,0 a 5 personas,Restaurantes con servicio de preparación de antojitos,366,3.0
845668,ANTOJITOS MARTHA,19.45166808,-99.1686528,0 a 5 personas,Restaurantes con servicio de preparación de antojitos,161,4.1
1033939,ANTOJITOS MARTHA,19.37580256,-99.22270588,0 a 5 personas,Restaurantes con servicio de preparación de antojitos,344,3.9
9722366,ANTOJITOS MARTHA,19.43952472,-99.13577983,0 a 5 personas,Restaurantes con servicio de preparación de antojitos,264,3.7
9062230,ANTOJITOS MARTHITA,19.26147096,-99.10469459,0 a 5 personas,Restaurantes con servicio de preparación de tacos y tortas,327,4.7
775062,ANTOJITOS MARTIN,19.40324406,-99.1852677,0 a 5 personas,Restaurantes con servicio de preparación de antojitos,139,4.0
8131846,ANTOJITOS MARTINEZ,19.42295454,-99.1279428,0 a 5 personas,Restaurantes con servicio de preparación de alimentos a la carta o de comida corrida,388,3.2
805517,ANTOJITOS MARTINEZ,19.3543734,-98.99415522,0 a 5 personas,Restaurantes con servicio de preparación de antojitos,362,4.7
9062783,ANTOJITOS MARTITHA,19.48350653,-99.18575436,0 a 5 personas,Restaurantes con servicio de preparación de antojitos,256,4.5
8442995,ANTOJITOS MARTUCHIS,19.28437151,-99.19110131,0 a 5 personas,Restaurantes con servicio de preparación de antojitos,214,4.6
10503268,ANTOJITOS MARY,19.4228411,-99.1294643,0 a 5 personas,Restaurantes con servicio de preparación de antojitos,90,3.7
9516642,ANTOJITOS MARY,19.38532858,-99.09433141,0 a 5 personas,Restaurantes con servicio de preparación de antojitos,262,4.9
9151823,ANTOJITOS MARY,19.44904561,-99.17989611,0 a 5 personas,Restaurantes con servicio de preparación de antojitos,164,4.8
9936119,ANTOJITOS MARY,19.40228957,-99.2001283,0 a 5 personas,Restaurantes con servicio de preparación de antojitos,184,3.7
636325,ANTOJITOS MARY ,19.44048894,-99.11433548,0 a 5 personas,Restaurantes con servicio de preparación de antojitos,394,4.4
11759298,ANTOJITOS MARY,19.3177131,-99.24224471,0 a 5 personas,Restaurantes con servicio de preparación de antojitos,82,3.8
783750,ANTOJITOS MARY,19.47632849,-99.12419226,0 a 5 personas,Restaurantes con servicio de preparación de antojitos,52,3.0
833135,ANTOJITOS MARY,19.32630268,-99.05926158,0 a 5 personas,Restaurantes que preparan otro tipo de alimentos para llevar,88,4.4
673888,ANTOJITOS MARY,19.50395669,-99.12249424,0 a 5 personas,Restaurantes con servicio de preparación de antojitos,401,4.0
10902356,ANTOJITOS MARY,19.48348307,-99.07004394,0 a 5 personas,Restaurantes con servicio de preparación de antojitos,282,4.5
9682519,ANTOJITOS MARY,19.4835518,-99.09509997,0 a 5 personas,Restaurantes con servicio de preparación de antojitos,469,4.5
766320,ANTOJITOS MARY,19.50113244,-99.08558769,0 a 5 personas,Restaurantes con servicio de preparación de antojitos,217,4.5
712924,ANTOJITOS MARY,19.37500679,-99.09990793,0 a 5 personas,Restaurantes que preparan otro tipo de alimentos para llevar,328,4.0
11567410,ANTOJITOS MARY,19.30904172,-99.14844405,0 a 5 personas,Restaurantes con servicio de preparación de antojitos,499,4.8
642895,ANTOJITOS MARY,19.49647122,-99.1975561,0 a 5 personas,Restaurantes con servicio de preparación de antojitos,273,4.1
973592,ANTOJITOS MARY,19.26413597,-99.11628078,0 a 5 personas,Restaurantes con servicio de preparación de antojitos,351,3.9
7401027,ANTOJITOS MARY,19.48301481,-99.18788541,0 a 5 personas,Restaurantes con servicio de preparación de tacos y tortas,55,4.0
962717,ANTOJITOS MARY,19.39884539,-99.14353739,0 a 5 personas,Restaurantes con servicio de preparación de antojitos,376,4.9
10602550,ANTOJITOS MARY,19.46439112,-99.14948143,0 a 5 personas,Restaurantes que preparan otro tipo de alimentos para llevar,361,3.1
853082,ANTOJITOS MARY,19.46262382,-99.13878243,0 a 5 personas,Restaurantes con servicio de preparación de antojitos,326,4.3
10927219,ANTOJITOS MARY,19.35913893,-99.08041365,0 a 5 personas,Restaurantes con servicio de preparación de antojitos,146,1.7
7261444,ANTOJITOS MARY,19.38309193,-99.23276755,0 a 5 personas,Restaurantes con servicio de preparación de antojitos,129,4.7
10448864,ANTOJITOS MARY,19.38088031,-99.23862164,0 a 5 personas,Restaurantes con servicio de preparación de antojitos,500,4.6
10967462,ANTOJITOS MARY,19.25168838,-99.17386795,0 a 5 personas,Restaurantes con servicio de preparación de antojitos,331,3.0
11004912,ANTOJITOS MARY PAZ,19.36418586,-99.00739817,6 a 10 personas,Restaurantes con servicio de preparación de antojitos,304,4.0
943088,ANTOJITOS MASHALA,19.30331623,-99.04839666,0 a 5 personas,Restaurantes con servicio de preparación de antojitos,202,4.3
8507634,ANTOJITOS MATA HAMBRE,19.31562704,-99.24989541,0 a 5 personas,Restaurantes con servicio de preparación de antojitos,384,4.0
11209444,ANTOJITOS MAURO,19.31880062,-99.24469982,0 a 5 personas,Restaurantes con servicio de preparación de antojitos,263,3.1
11398049,ANTOJITOS MAXICANOS,19.42260562,-99.13110271,0 a 5 personas,Restaurantes con servicio de preparación de tacos y tortas,156,3.4
781830,ANTOJITOS MAXICANOS,19.42820217,-99.1236387,0 a 5 personas,Restaurantes con servicio de preparación de antojitos,150,4.4
859308,ANTOJITOS MAY,19.29168497,-99.15432666,0 a 5 personas,Restaurantes con servicio de preparación de tacos y tortas,162,3.4
11373208,ANTOJITOS MAY,19.47917088,-99.11736653,0 a 5 personas,Restaurantes con servicio de preparación de antojitos,417,3.1
938557,ANTOJITOS MAY,19.24536808,-99.07476089,0 a 5 personas,Restaurantes con servicio de preparación de antojitos,241,3.8
11290050,ANTOJITOS MAYIN,19.4018763,-99.1165364,0 a 5 personas,Restaurantes con servicio de preparación de antojitos,230,4.1
9032187,ANTOJITOS MAYRA,19.31546975,-99.14744548,0 a 5 personas,Restaurantes con servicio de preparación de antojitos,99,3.9
953358,ANTOJITOS MECHE,19.41430395,-99.14607112,6 a 10 personas,Restaurantes con servicio de preparación de tacos y tortas,78,2.8
10263141,ANTOJITOS MEGALI,19.31479794,-99.26981838,0 a 5 personas,Restaurantes con servicio de preparación de antojitos,406,3.0
7254779,ANTOJITOS MEICANOS,19.39589437,-99.17131352,0 a 5 personas,Restaurantes con servicio de preparación de tacos y tortas,452,4.5
9367971,ANTOJITOS MEJICANOS,19.38819486,-99.26188623,0 a 5 personas,Restaurantes con servicio de preparación de antojitos,153,3.3
10258601,ANTOJITOS MEJICANOS,19.4239607,-99.15043436,0 a 5 personas,Restaurantes con servicio de preparación de antojitos,144,4.6
683309,ANTOJITOS MEJICANOS,19.50331682,-99.17348533,0 a 5 personas,Restaurantes con servicio de preparación de antojitos,107,3.5
10395022,ANTOJITOS MEJICANOS ITALUBI,19.30847009,-98.96920513,0 a 5 personas,Restaurantes con servicio de preparación de antojitos,191,2.4
9255286,ANTOJITOS MELA,19.3754192,-99.11095394,0 a 5 personas,Restaurantes con servicio de preparación de antojitos,174,4.2
11028023,ANTOJITOS MELANI,19.33670402,-99.01656964,0 a 5 personas,Restaurantes con servicio de preparación de antojitos,448,4.0
678021,ANTOJITOS MENDOZA,19.46589596,-99.10116233,0 a 5 personas,Restaurantes con servicio de preparación de tacos y tortas,112,3.5
802200,ANTOJITOS MENDOZA,19.46597142,-99.10138092,0 a 5 personas,Restaurantes con servicio de preparación de antojitos,306,4.7
11072448,ANTOJITOS MEX,19.27270212,-99.11464978,0 a 5 personas,Restaurantes con servicio de preparación de antojitos,421,5.0
992288,ANTOJITOS MEXCANOS,19.34233867,-99.14007805,0 a 5 personas,Restaurantes con servicio de preparación de tacos y tortas,253,4.8
942228,ANTOJITOS MEXCANOS QUESADILLAS,19.23503458,-99.1159261,0 a 5 personas,Restaurantes con servicio de preparación de antojitos,369,2.3
10166443,ANTOJITOS MEXIANOS,19.19240747,-99.02146961,0 a 5 personas,Restaurantes con servicio de preparación de antojitos,188,3.6
928753,ANTOJITOS MEXIANOS LOS PAISAS,19.32618964,-99.28327929,0 a 5 personas,Restaurantes con servicio de preparación de antojitos,224,3.9
8848566,ANTOJITOS MEXIANOS MOMOXCO,19.18973798,-99.01868443,0 a 5 personas,Restaurantes que preparan otro tipo de alimentos para llevar,314,2.5
9610361,ANTOJITOS MEXICANO DON GIL,19.352441,-99.09852514,0 a 5 personas,Restaurantes con servicio de preparación de antojitos,146,4.2
7837609,ANTOJITOS MEXICANO DOÑA VICKY,19.41232817,-99.0823382,0 a 5 personas,Restaurantes con servicio de preparación de tacos y tortas,231,4.9
9708216,ANTOJITOS MEXICANO ELI,19.34390881,-99.05351047,0 a 5 personas,Restaurantes con servicio de preparación de antojitos,167,3.8
812259,ANTOJITOS MEXICANO SIN NOMBRE,19.48680522,-99.06940083,0 a 5 personas,Restaurantes con servicio de preparación de antojitos,460,3.6
11548117,ANTOJITOS MEXICANO SIN NOMBRE,19.48169978,-99.21601216,0 a 5 personas,Restaurantes con servicio de preparación de antojitos,275,3.5
8182987,ANTOJITOS MEXICANOIS,19.46931439,-99.14173545,0 a 5 personas,"Restaurantes con servicio de preparación de pizzas, hamburguesas, hot dogs y pollos rostizados para llevar",178,3.2
777084,ANTOJITOS MEXICANOS,19.37135482,-99.02026879,0 a 5 personas,Restaurantes con servicio de preparación de antojitos,59,4.3
909500,ANTOJITOS MEXICANOS,19.3147379,-99.11924997,0 a 5 personas,Restaurantes con servicio de preparación de antojitos,190,4.4
1008492,ANTOJITOS MEXICANOS,19.31159151,-99.15048334,0 a 5 personas,Restaurantes con servicio de preparación de antojitos,206,4.4
908665,ANTOJITOS MEXICANOS,19.33616768,-99.13175876,0 a 5 personas,Restaurantes con servicio de preparación de antojitos,160,4.8
8634810,ANTOJITOS MEXICANOS,19.3327219,-99.17316206,0 a 5 personas,Restaurantes con servicio de preparación de antojitos,310,4.8
800052,ANTOJITOS MEXICANOS,19.34837543,-99.04462424,0 a 5 personas,Restaurantes con servicio de preparación de tacos y tortas,102,4.2
11632707,ANTOJITOS MEXICANOS,19.33076562,-99.17523144,0 a 5 personas,Restaurantes con servicio de preparación de antojitos,140,3.9
9733802,ANTOJITOS MEXICANOS,19.35556733,-99.03252125,0 a 5 personas,Restaurantes con servicio de preparación de antojitos,299,4.4
741957,ANTOJITOS MEXICANOS,19.38725066,-99.07742932,0 a 5 personas,Restaurantes con servicio de preparación de antojitos,216,2.0
731161,ANTOJITOS MEXICANOS,19.35879371,-99.05647206,0 a 5 personas,Restaurantes con servicio de preparación de antojitos,298,4.7
8671716,ANTOJITOS MEXICANOS,19.33986977,-99.04975422,0 a 5 personas,Restaurantes con servicio de preparación de antojitos,277,4.3
8635855,ANTOJITOS MEXICANOS,19.353630420000002,-99.05402468,0 a 5 personas,Restaurantes con servicio de preparación de antojitos,485,3.7
829307,ANTOJITOS MEXICANOS,19.32521629,-99.10082685,0 a 5 personas,Restaurantes con servicio de preparación de antojitos,268,4.5
9177051,ANTOJITOS MEXICANOS,19.34232596,-98.99067582,0 a 5 personas,Restaurantes con servicio de preparación de antojitos,284,4.4
11085841,ANTOJITOS MEXICANOS,19.32823486,-99.04913349,0 a 5 personas,Restaurantes con servicio de preparación de antojitos,152,3.7
8192671,ANTOJITOS MEXICANOS,19.34203048,-98.98865684,0 a 5 personas,Restaurantes con servicio de preparación de antojitos,95,3.4
647480,ANTOJITOS MEXICANOS,19.37471945,-99.10238369,0 a 5 personas,Restaurantes con servicio de preparación de antojitos,138,4.2
835841,ANTOJITOS MEXICANOS,19.31918355,-99.07223821,0 a 5 personas,Restaurantes con servicio de preparación de antojitos,344,4.2
10683398,ANTOJITOS MEXICANOS,19.33459797,-99.0476643,0 a 5 personas,Restaurantes con servicio de preparación de antojitos,393,4.8
714631,ANTOJITOS MEXICANOS,19.33230395,-99.10334098,0 a 5 personas,Restaurantes con servicio de preparación de antojitos,91,2.6
728424,ANTOJITOS MEXICANOS,19.37820094,-99.01589051,0 a 5 personas,Restaurantes con servicio de preparación de antojitos,225,3.3
838345,ANTOJITOS MEXICANOS,19.31066709,-99.07136869,0 a 5 personas,Servicios de preparación de otros alimentos para consumo inmediato,80,3.8
11410859,ANTOJITOS MEXICANOS,19.3390279,-98.97687733,0 a 5 personas,Restaurantes con servicio de preparación de antojitos,120,4.4
862096,ANTOJITOS MEXICANOS,19.29183492,-99.12587205,0 a 5 personas,Restaurantes con servicio de preparación de antojitos,124,4.0
8603630,ANTOJITOS MEXICANOS,19.28965171,-99.17863554,0 a 5 personas,Restaurantes que preparan otro tipo de alimentos para llevar,330,4.7
10826462,ANTOJITOS MEXICANOS,19.32883492,-99.05736058,0 a 5 personas,Restaurantes con servicio de preparación de alimentos a la carta o de comida corrida,437,4.5
11212476,ANTOJITOS MEXICANOS,19.27163659,-99.15081561,0 a 5 personas,Restaurantes con servicio de preparación de antojitos,266,3.3
712334,ANTOJITOS MEXICANOS,19.37856839,-99.10417731,0 a 5 personas,Restaurantes con servicio de preparación de antojitos,77,4.3
854092,ANTOJITOS MEXICANOS,19.27661857,-99.22243465,0 a 5 personas,Restaurantes con servicio de preparación de antojitos,51,4.4
713816,ANTOJITOS MEXICANOS,19.35231053,-99.10522262,0 a 5 personas,Restaurantes con servicio de preparación de antojitos,75,4.7
10075254,ANTOJITOS MEXICANOS,19.35823418,-99.12209638,0 a 5 personas,Restaurantes con servicio de preparación de antojitos,377,4.6
8652646,ANTOJITOS MEXICANOS,19.38359728,-99.02630318,0 a 5 personas,Restaurantes con servicio de preparación de antojitos,220,4.4
9081531,ANTOJITOS MEXICANOS,19.43642764,-99.14705724,0 a 5 personas,Restaurantes con servicio de preparación de antojitos,471,4.3
10295029,ANTOJITOS MEXICANOS,19.36336314,-99.08235104,0 a 5 personas,Restaurantes con servicio de preparación de antojitos,70,2.4
853664,ANTOJITOS MEXICANOS,19.28248207,-99.22820958,0 a 5 personas,Restaurantes con servicio de preparación de antojitos,355,4.5
9826346,ANTOJITOS MEXICANOS,19.36118213,-99.08313202,0 a 5 personas,Restaurantes con servicio de preparación de antojitos,322,4.4
898540,ANTOJITOS MEXICANOS,19.4085903,-99.14951851,0 a 5 personas,Restaurantes con servicio de preparación de antojitos,335,3.5
1047032,ANTOJITOS MEXICANOS,19.28995838,-99.03256164,0 a 5 personas,Restaurantes con servicio de preparación de antojitos,292,4.3
755857,ANTOJITOS MEXICANOS,19.3925234,-99.05731082,0 a 5 personas,Restaurantes con servicio de preparación de antojitos,348,4.5
794768,ANTOJITOS MEXICANOS,19.39364061,-99.10572743,0 a 5 personas,Restaurantes con servicio de preparación de antojitos,87,4.3
10502085,ANTOJITOS MEXICANOS,19.38744444,-99.03318111,0 a 5 personas,Restaurantes que preparan otro tipo de alimentos para llevar,174,3.9
832737,ANTOJITOS MEXICANOS,19.32662102,-99.0555974,0 a 5 personas,Restaurantes con servicio de preparación de antojitos,364,4.3
11165504,ANTOJITOS MEXICANOS,19.43995294,-99.09894648,0 a 5 personas,Restaurantes con servicio de preparación de antojitos,108,4.1
787850,ANTOJITOS MEXICANOS,19.37194329,-99.04984826,0 a 5 personas,Restaurantes con servicio de preparación de antojitos,93,2.7
8138946,ANTOJITOS MEXICANOS,19.34410438,-99.03612417,0 a 5 personas,Restaurantes con servicio de preparación de antojitos,381,4.6
10303623,ANTOJITOS MEXICANOS,19.28681395,-99.04785505,0 a 5 personas,Restaurantes con servicio de preparación de antojitos,80,3.5
9215674,ANTOJITOS MEXICANOS,19.39870805,-99.18781938,0 a 5 personas,Restaurantes con servicio de preparación de antojitos,285,3.6
903889,ANTOJITOS MEXICANOS,19.37425587,-99.16082211,0 a 5 personas,Restaurantes con servicio de preparación de antojitos,214,3.7
8848839,ANTOJITOS MEXICANOS,19.2944188,-99.01431166,0 a 5 personas,Restaurantes con servicio de preparación de antojitos,407,2.8
11732316,ANTOJITOS MEXICANOS,19.36455863,-99.15410301,0 a 5 personas,Restaurantes con servicio de preparación de antojitos,352,3.6
11759915,ANTOJITOS MEXICANOS,19.2957393,-99.0203838,0 a 5 personas,Restaurantes con servicio de preparación de antojitos,300,4.4
10826687,ANTOJITOS MEXICANOS,19.37125171,-99.14364058,0 a 5 personas,Restaurantes con servicio de preparación de antojitos,248,3.7
707435,ANTOJITOS MEXICANOS,19.3823167,-99.11896547,0 a 5 personas,Restaurantes con servicio de preparación de antojitos,468,3.3
1056175,ANTOJITOS MEXICANOS,19.3790816,-99.20788446,0 a 5 personas,Restaurantes con servicio de preparación de antojitos,268,4.3
1048555,ANTOJITOS MEXICANOS,19.29123164,-99.04717805,0 a 5 personas,Restaurantes con servicio de preparación de antojitos,203,4.1
1038854,ANTOJITOS MEXICANOS,19.34799464,-99.23145931,0 a 5 personas,Restaurantes con servicio de preparación de antojitos,233,3.4
7728451,ANTOJITOS MEXICANOS,19.29644603,-99.1603456,0 a 5 personas,Restaurantes con servicio de preparación de tacos y tortas,432,4.1
1002170,ANTOJITOS MEXICANOS,19.36976575,-99.28850971,0 a 5 personas,Restaurantes con servicio de preparación de tacos y tortas,348,4.3
11172984,ANTOJITOS MEXICANOS,19.41159261,-99.11705636,6 a 10 personas,Restaurantes con servicio de preparación de antojitos,452,3.5
686977,ANTOJITOS MEXICANOS,19.44676441,-99.18135958,0 a 5 personas,Restaurantes con servicio de preparación de antojitos,199,3.6
767844,ANTOJITOS MEXICANOS,19.42294714,-99.18058397,6 a 10 personas,Restaurantes con servicio de preparación de antojitos,490,3.8
698461,ANTOJITOS MEXICANOS,19.42808997,-99.12406051,0 a 5 personas,Restaurantes con servicio de preparación de antojitos,114,2.9
11812598,ANTOJITOS MEXICANOS,19.42808997,-99.12406051,0 a 5 personas,Restaurantes con servicio de preparación de antojitos,428,2.2
685037,ANTOJITOS MEXICANOS,19.44687388,-99.18100634,0 a 5 personas,Restaurantes con servicio de preparación de antojitos,211,4.2
10582022,ANTOJITOS MEXICANOS,19.39646234,-99.18337541,0 a 5 personas,Restaurantes con servicio de preparación de antojitos,99,4.3
767989,ANTOJITOS MEXICANOS,19.42286357,-99.18425458,0 a 5 personas,Restaurantes con servicio de preparación de antojitos,209,4.3
691796,ANTOJITOS MEXICANOS,19.42220574,-99.18167561,0 a 5 personas,Restaurantes con servicio de preparación de antojitos,358,3.9
767979,ANTOJITOS MEXICANOS,19.42432229,-99.18475187,0 a 5 personas,Servicios de preparación de otros alimentos para consumo inmediato,100,3.6
794563,ANTOJITOS MEXICANOS,19.3937411,-99.10673514,0 a 5 personas,Restaurantes con servicio de preparación de antojitos,325,4.0
7338120,ANTOJITOS MEXICANOS,19.40311587,-99.10745542,0 a 5 personas,Restaurantes con servicio de preparación de antojitos,491,4.8
774360,ANTOJITOS MEXICANOS,19.41089779,-99.1904199,0 a 5 personas,Restaurantes con servicio de preparación de antojitos,397,4.2
767847,ANTOJITOS MEXICANOS,19.421557,-99.18414401,0 a 5 personas,Restaurantes con servicio de preparación de antojitos,94,4.6
11415107,ANTOJITOS MEXICANOS,19.44052433,-99.17010854,0 a 5 personas,Restaurantes con servicio de preparación de antojitos,483,3.8
7756224,ANTOJITOS MEXICANOS,19.42534229,-99.13544135,6 a 10 personas,Restaurantes con servicio de preparación de antojitos,429,3.6
688155,ANTOJITOS MEXICANOS,19.45095039,-99.19448254,0 a 5 personas,Restaurantes con servicio de preparación de antojitos,164,4.3
687573,ANTOJITOS MEXICANOS,19.45690851,-99.18907043,0 a 5 personas,Restaurantes con servicio de preparación de antojitos,397,4.3
787237,ANTOJITOS MEXICANOS,19.39576741,-99.11033101,0 a 5 personas,Restaurantes con servicio de preparación de antojitos,185,3.8
706219,ANTOJITOS MEXICANOS,19.40063362,-99.12278029,0 a 5 personas,Restaurantes con servicio de preparación de antojitos,416,4.7
924535,ANTOJITOS MEXICANOS,19.3797407,-99.19319639,0 a 5 personas,Restaurantes con servicio de preparación de antojitos,70,4.1
767842,ANTOJITOS MEXICANOS,19.42311895,-99.18433475,0 a 5 personas,Restaurantes con servicio de preparación de antojitos,67,3.7
7673363,ANTOJITOS MEXICANOS,19.36151394,-99.18949847,0 a 5 personas,Restaurantes con servicio de preparación de antojitos,411,4.5
9143404,ANTOJITOS MEXICANOS,19.30816049,-99.06856789,0 a 5 personas,Restaurantes con servicio de preparación de antojitos,320,4.8
7153169,ANTOJITOS MEXICANOS,19.41861238,-99.06417557,0 a 5 personas,Restaurantes con servicio de preparación de antojitos,443,4.7
793342,ANTOJITOS MEXICANOS,19.3823167,-99.11896547,0 a 5 personas,Restaurantes con servicio de preparación de antojitos,268,4.7
11354544,ANTOJITOS MEXICANOS,19.40258109,-99.09703834,0 a 5 personas,Restaurantes con servicio de preparación de antojitos,368,3.3
832716,ANTOJITOS MEXICANOS,19.325906,-99.05460411,0 a 5 personas,Restaurantes con servicio de preparación de antojitos,453,4.6
10451369,ANTOJITOS MEXICANOS,19.39355738,-99.05176467,0 a 5 personas,Restaurantes con servicio de preparación de antojitos,170,2.7
7792457,ANTOJITOS MEXICANOS,19.36058159,-99.03876109,0 a 5 personas,Restaurantes con servicio de preparación de antojitos,111,4.1
11310201,ANTOJITOS MEXICANOS,19.36048358,-99.05267365,0 a 5 personas,Restaurantes con servicio de preparación de antojitos,146,4.4
10293752,ANTOJITOS MEXICANOS,19.35024075,-99.0752302,0 a 5 personas,Restaurantes con servicio de preparación de antojitos,300,3.6
10230009,ANTOJITOS MEXICANOS,19.31564176,-99.06687299,0 a 5 personas,Restaurantes con servicio de preparación de antojitos,485,3.9
707285,ANTOJITOS MEXICANOS,19.38397717,-99.11504539,0 a 5 personas,Restaurantes con servicio de preparación de antojitos,463,4.0
767838,ANTOJITOS MEXICANOS,19.42207389,-99.18233705,0 a 5 personas,Restaurantes con servicio de preparación de antojitos,436,3.1
767849,ANTOJITOS MEXICANOS,19.42289355,-99.18058946,0 a 5 personas,Restaurantes con servicio de preparación de antojitos,178,4.3
10795713,ANTOJITOS MEXICANOS,19.42225464,-99.05770413,0 a 5 personas,Restaurantes con servicio de preparación de antojitos,295,3.3
9752970,ANTOJITOS MEXICANOS,19.41751434,-99.07450117,0 a 5 personas,Restaurantes con servicio de preparación de antojitos,59,4.5
745747,ANTOJITOS MEXICANOS,19.41883388,-99.11530469,0 a 5 personas,Restaurantes con servicio de preparación de antojitos,354,2.6
7746966,ANTOJITOS MEXICANOS,19.42723061,-99.11670525,0 a 5 personas,Restaurantes con servicio de preparación de antojitos,114,4.5
9066944,ANTOJITOS MEXICANOS,19.38959057,-99.12188811,0 a 5 personas,Restaurantes con servicio de preparación de antojitos,296,4.2
707894,ANTOJITOS MEXICANOS,19.39829244,-99.09456151,0 a 5 personas,Restaurantes con servicio de preparación de antojitos,466,4.8
10406832,ANTOJITOS MEXICANOS,19.40874874,-99.12625628,0 a 5 personas,Restaurantes con servicio de preparación de antojitos,428,4.7
7216440,ANTOJITOS MEXICANOS,19.42808997,-99.12406051,0 a 5 personas,Restaurantes con servicio de preparación de antojitos,398,3.9
11190612,ANTOJITOS MEXICANOS,19.42105648,-99.08606693,0 a 5 personas,Restaurantes con servicio de preparación de antojitos,468,3.8
9139321,ANTOJITOS MEXICANOS,19.44419199,-99.09888233,0 a 5 personas,Restaurantes con servicio de preparación de antojitos,214,3.0
884718,ANTOJITOS MEXICANOS,19.46051341,-99.15279789,0 a 5 personas,Restaurantes con servicio de preparación de antojitos,228,4.5
